CC_reference,PO,article_no,source_file,root_cause_category,root_cause_narrative,severity_score,unique_number,id_unique_number,lot_major,lot_minor,n_flagged_params,flagged_params,flagged_params_matched,DistUnom [mm],HystUnom [%],ILedOn [mA],IconsHorsCharge [mA],IccEnclUmax [mA],UsatUmaxIchmax [V],IfuiteUmax [mA],UbDeclenchement [V],RetDispUmin [ms],SignErrOnUmin [ms],SignErrOffUmin [ms],IinvBlBr [mA],IinvBlNr [mA],IinvNrBr [mA],UzOverOut [V],UzOverUb [V],UzInvUb [V],YellowLed [0/1],TestIsolation [0/1],IcPreconfig [0/1],5V4trim [0/1],TemperatureComp [0/1],CalibrSP1 [0/1],CalibrSP1Hys [0/1],CalibrSP2 [0/1],CalibrSP2Hys [0/1],CalibrSP3 [0/1],CalibrSP3Hys [0/1],UDist1Unom [V],UDist2Unom [V],UDist3Unom [V],UDist4Unom [V],UDist5Unom [V],UzOverOut2 [V],IDist1Unom [mA],IDist2Unom [mA],IDist3Unom [mA],IDist4Unom [mA],IDist5Unom [mA],UDist1Umin [V],UDist3Umin [V],UDist5Umin [V],IDist1Umin [mA],IDist5Umin [mA],UDist1Umax [V],UDist3Umax [V],UDist5Umax [V],IDist1Umax [mA],IDist5Umax [mA],defect_family,model_target
CC-25068375,1601245,330-020-051,1601245_CTX_LK_inductive_05.xlsx,High coil resistance,"Suspected assemble the part holder, tool issue coil strands can be damage.",0.0,,,,,1,eeprom_integrity [],eeprom_integrity [],,,,,,,,,,,,,,,,,,,,,,,,,,,,,,,,,,,,,,,,,,,,,,,,,,Coil,Coil
CC-25068375,1601245,330-020-051,1601245_CTX_LK_inductive_05.xlsx,High coil resistance,"Suspected assemble the part holder, tool issue coil strands can be damage.",0.0,,,,,2,VASSmeasurement [];eeprom_integrity [],eeprom_integrity [],,,,,,,,,,,,,,,,,,,,1,1,,,,,,,,,,,,,,,,,,,,,,,,,,,,,Coil,Coil
CC-25068375,1601245,330-020-051,1601245_CTX_LK_inductive_05.xlsx,High coil resistance,"Suspected assemble the part holder, tool issue coil strands can be damage.",0.0,,,,,2,VRCUmeasurement [];eeprom_integrity [],eeprom_integrity [],,,,,,,,,,,,,,,,,,,,1,1,,,,,,,,,,,,,,,,,,,,,,,,,,,,,Coil,Coil
CC-25068375,1601245,330-020-051,1601245_CTX_LK_inductive_05.xlsx,High coil resistance,"Suspected assemble the part holder, tool issue coil strands can be damage.",0.0,,,,,2,VASSmeasurement [];eeprom_integrity [],eeprom_integrity [],,,,,,,,,,,,,,,,,,,,1,1,,,,,,,,,,,,,,,,,,,,,,,,,,,,,Coil,Coil
CC-25068375,1601245,330-020-051,1601245_CTX_LK_inductive_05.xlsx,High coil resistance,"Suspected assemble the part holder, tool issue coil strands can be damage.",0.0,,,,,2,VRCUmeasurement [];eeprom_integrity [],eeprom_integrity [],,,,,,,,,,,,,,,,,,,,1,1,,,,,,,,,,,,,,,,,,,,,,,,,,,,,Coil,Coil
CC-25068375,1601245,330-020-051,1601245_CTX_LK_inductive_05.xlsx,High coil resistance,"Suspected assemble the part holder, tool issue coil strands can be damage.",0.0,,,,,1,eeprom_integrity [],eeprom_integrity [],,,,,,,,,,,,,,,,,,,,,,,,,,,,,,,,,,,,,,,,,,,,,,,,,,Coil,Coil
CC-25013028,2009638,330-010-325,2009638_CTX_LK_inductive_07.xlsx,ASIC loose,Suspected material issue with lack of strength of soldering strength between solder balls in the IC and PCAB pads,0.0,,,,,1,eeprom_integrity [],eeprom_integrity [],,,,,,,,,,,,,,,,,,,,,,,,,,,,,,,,,,,,,,,,,,,,,,,,,,ASIC / EEPROM,ASIC / EEPROM
CC-25013028,2009638,330-010-325,2009638_CTX_LK_inductive_07.xlsx,ASIC loose,Suspected material issue with lack of strength of soldering strength between solder balls in the IC and PCAB pads,0.0,,,,,1,eeprom_integrity [],eeprom_integrity [],,,,,,,,,,,,,,,,,,,,,,,,,,,,,,,,,,,,,,,,,,,,,,,,,,ASIC / EEPROM,ASIC / EEPROM
CC-25013028,2009638,330-010-325,2009638_CTX_LK_inductive_07.xlsx,ASIC loose,Suspected material issue with lack of strength of soldering strength between solder balls in the IC and PCAB pads,0.0,,,,,1,eeprom_integrity [],eeprom_integrity [],,,,,,,,,,,,,,,,,,,,,,,,,,,,,,,,,,,,,,,,,,,,,,,,,,ASIC / EEPROM,ASIC / EEPROM
CC-25013028,2009638,330-010-325,2009638_CTX_LK_inductive_07.xlsx,ASIC loose,Suspected material issue with lack of strength of soldering strength between solder balls in the IC and PCAB pads,0.0,,,,,1,eeprom_integrity [],eeprom_integrity [],,,,,,,,,,,,,,,,,,,,,,,,,,,,,,,,,,,,,,,,,,,,,,,,,,ASIC / EEPROM,ASIC / EEPROM
CC-25013028,2009638,330-010-325,2009638_CTX_LK_inductive_07.xlsx,ASIC loose,Suspected material issue with lack of strength of soldering strength between solder balls in the IC and PCAB pads,0.0,,,,,1,eeprom_integrity [],eeprom_integrity [],,,,,,,,,,,,,,,,,,,,,,,,,,,,,,,,,,,,,,,,,,,,,,,,,,ASIC / EEPROM,ASIC / EEPROM
CC-25013028,2009638,330-010-325,2009638_CTX_LK_inductive_07.xlsx,ASIC loose,Suspected material issue with lack of strength of soldering strength between solder balls in the IC and PCAB pads,0.0,,,,,1,eeprom_integrity [],eeprom_integrity [],,,,,,,,,,,,,,,,,,,,,,,,,,,,,,,,,,,,,,,,,,,,,,,,,,ASIC / EEPROM,ASIC / EEPROM
CC-25013028,2009638,330-010-325,2009638_CTX_LK_inductive_07.xlsx,ASIC loose,Suspected material issue with lack of strength of soldering strength between solder balls in the IC and PCAB pads,0.0,,,,,1,eeprom_integrity [],eeprom_integrity [],,,,,,,,,,,,,,,,,,,,,,,,,,,,,,,,,,,,,,,,,,,,,,,,,,ASIC / EEPROM,ASIC / EEPROM
CC-25013028,2009638,330-010-325,2009638_CTX_LK_inductive_07.xlsx,ASIC loose,Suspected material issue with lack of strength of soldering strength between solder balls in the IC and PCAB pads,0.0,,,,,1,eeprom_integrity [],eeprom_integrity [],,,,,,,,,,,,,,,,,,,,,,,,,,,,,,,,,,,,,,,,,,,,,,,,,,ASIC / EEPROM,ASIC / EEPROM
CC-25013028,2009638,330-010-325,2009638_CTX_LK_inductive_07.xlsx,ASIC loose,Suspected material issue with lack of strength of soldering strength between solder balls in the IC and PCAB pads,0.0,,,,,1,eeprom_integrity [],eeprom_integrity [],,,,,,,,,,,,,,,,,,,,,,,,,,,,,,,,,,,,,,,,,,,,,,,,,,ASIC / EEPROM,ASIC / EEPROM
CC-25011861,1480729,330-020-017,1480729_CTX_LK_inductive_06.xlsx,ASIC loose,Possible root cause - too much pressure from the sides of the ASIC,0.0,,,,,1,eeprom_integrity [],eeprom_integrity [],,,,,,,,,,,,,,,,,,,,,,,,,,,,,,,,,,,,,,,,,,,,,,,,,,ASIC / EEPROM,ASIC / EEPROM
CC-25011861,1480729,330-020-017,1480729_CTX_LK_inductive_06.xlsx,ASIC loose,Possible root cause - too much pressure from the sides of the ASIC,0.0,,,,,1,eeprom_integrity [],eeprom_integrity [],,,,,,,,,,,,,,,,,,,,,,,,,,,,,,,,,,,,,,,,,,,,,,,,,,ASIC / EEPROM,ASIC / EEPROM
CC-25011861,1480729,330-020-017,1480729_CTX_LK_inductive_06.xlsx,ASIC loose,Possible root cause - too much pressure from the sides of the ASIC,0.0,,,,,1,eeprom_integrity [],eeprom_integrity [],,,,,,,,,,,,,,,,,,,,,,,,,,,,,,,,,,,,,,,,,,,,,,,,,,ASIC / EEPROM,ASIC / EEPROM
CC-25011861,1480729,330-020-017,1480729_CTX_LK_inductive_06.xlsx,ASIC loose,Possible root cause - too much pressure from the sides of the ASIC,0.0,,,,,1,eeprom_integrity [],eeprom_integrity [],,,,,,,,,,,,,,,,,,,,,,,,,,,,,,,,,,,,,,,,,,,,,,,,,,ASIC / EEPROM,ASIC / EEPROM
CC-25011861,1480729,330-020-017,1480729_CTX_LK_inductive_06.xlsx,ASIC loose,Possible root cause - too much pressure from the sides of the ASIC,0.0,,,,,1,eeprom_integrity [],eeprom_integrity [],,,,,,,,,,,,,,,,,,,,,,,,,,,,,,,,,,,,,,,,,,,,,,,,,,ASIC / EEPROM,ASIC / EEPROM
CC-25011861,1480729,330-020-017,1480729_CTX_LK_inductive_06.xlsx,ASIC loose,Possible root cause - too much pressure from the sides of the ASIC,0.0,,,,,1,eeprom_integrity [],eeprom_integrity [],,,,,,,,,,,,,,,,,,,,,,,,,,,,,,,,,,,,,,,,,,,,,,,,,,ASIC / EEPROM,ASIC / EEPROM
CC-25011861,1480729,330-020-017,1480729_CTX_LK_inductive_06.xlsx,ASIC loose,Possible root cause - too much pressure from the sides of the ASIC,0.0,,,,,1,eeprom_integrity [],eeprom_integrity [],,,,,,,,,,,,,,,,,,,,,,,,,,,,,,,,,,,,,,,,,,,,,,,,,,ASIC / EEPROM,ASIC / EEPROM
CC-25011861,1480729,330-020-017,1480729_CTX_LK_inductive_06.xlsx,ASIC loose,Possible root cause - too much pressure from the sides of the ASIC,0.0,,,,,1,eeprom_integrity [],eeprom_integrity [],,,,,,,,,,,,,,,,,,,,,,,,,,,,,,,,,,,,,,,,,,,,,,,,,,ASIC / EEPROM,ASIC / EEPROM
CC-25011861,1480729,330-020-017,1480729_CTX_LK_inductive_06.xlsx,ASIC loose,Possible root cause - too much pressure from the sides of the ASIC,0.0,,,,,1,eeprom_integrity [],eeprom_integrity [],,,,,,,,,,,,,,,,,,,,,,,,,,,,,,,,,,,,,,,,,,,,,,,,,,ASIC / EEPROM,ASIC / EEPROM
CC-25011861,1480729,330-020-017,1480729_CTX_LK_inductive_06.xlsx,ASIC loose,Possible root cause - too much pressure from the sides of the ASIC,0.0,,,,,1,eeprom_integrity [],eeprom_integrity [],,,,,,,,,,,,,,,,,,,,,,,,,,,,,,,,,,,,,,,,,,,,,,,,,,ASIC / EEPROM,ASIC / EEPROM
CC-25011861,1480729,330-020-017,1480729_CTX_LK_inductive_06.xlsx,ASIC loose,Possible root cause - too much pressure from the sides of the ASIC,0.0,,,,,1,eeprom_integrity [],eeprom_integrity [],,,,,,,,,,,,,,,,,,,,,,,,,,,,,,,,,,,,,,,,,,,,,,,,,,ASIC / EEPROM,ASIC / EEPROM
CC-25012892,1510060,330-020-077,1510060_CTX_LK_inductive_07.xlsx,ASIC loose,Suspected material issue with lack of strength of soldering strength between solder balls in the IC and PCAB pads,0.0,,,,,1,eeprom_integrity [],eeprom_integrity [],,,,,,,,,,,,,,,,,,,,,,,,,,,,,,,,,,,,,,,,,,,,,,,,,,ASIC / EEPROM,ASIC / EEPROM
CC-25012892,1510060,330-020-077,1510060_CTX_LK_inductive_07.xlsx,ASIC loose,Suspected material issue with lack of strength of soldering strength between solder balls in the IC and PCAB pads,0.0,,,,,1,eeprom_integrity [],eeprom_integrity [],,,,,,,,,,,,,,,,,,,,,,,,,,,,,,,,,,,,,,,,,,,,,,,,,,ASIC / EEPROM,ASIC / EEPROM
CC-25012892,1510060,330-020-077,1510060_CTX_LK_inductive_07.xlsx,ASIC loose,Suspected material issue with lack of strength of soldering strength between solder balls in the IC and PCAB pads,0.0,,,,,1,eeprom_integrity [],eeprom_integrity [],,,,,,,,,,,,,,,,,,,,,,,,,,,,,,,,,,,,,,,,,,,,,,,,,,ASIC / EEPROM,ASIC / EEPROM
CC-25012892,1510060,330-020-077,1510060_CTX_LK_inductive_07.xlsx,ASIC loose,Suspected material issue with lack of strength of soldering strength between solder balls in the IC and PCAB pads,0.0,,,,,1,eeprom_integrity [],eeprom_integrity [],,,,,,,,,,,,,,,,,,,,,,,,,,,,,,,,,,,,,,,,,,,,,,,,,,ASIC / EEPROM,ASIC / EEPROM
CC-25012892,1510060,330-020-077,1510060_CTX_LK_inductive_07.xlsx,ASIC loose,Suspected material issue with lack of strength of soldering strength between solder balls in the IC and PCAB pads,0.0,,,,,1,eeprom_integrity [],eeprom_integrity [],,,,,,,,,,,,,,,,,,,,,,,,,,,,,,,,,,,,,,,,,,,,,,,,,,ASIC / EEPROM,ASIC / EEPROM
CC-25012892,1510060,330-020-077,1510060_CTX_LK_inductive_07.xlsx,ASIC loose,Suspected material issue with lack of strength of soldering strength between solder balls in the IC and PCAB pads,0.0,,,,,1,eeprom_integrity [],eeprom_integrity [],,,,,,,,,,,,,,,,,,,,,,,,,,,,,,,,,,,,,,,,,,,,,,,,,,ASIC / EEPROM,ASIC / EEPROM
CC-25012892,1510060,330-020-077,1510060_CTX_LK_inductive_07.xlsx,ASIC loose,Suspected material issue with lack of strength of soldering strength between solder balls in the IC and PCAB pads,0.0,,,,,1,eeprom_integrity [],eeprom_integrity [],,,,,,,,,,,,,,,,,,,,,,,,,,,,,,,,,,,,,,,,,,,,,,,,,,ASIC / EEPROM,ASIC / EEPROM
CC-25012892,1510060,330-020-077,1510060_CTX_LK_inductive_07.xlsx,ASIC loose,Suspected material issue with lack of strength of soldering strength between solder balls in the IC and PCAB pads,0.0,,,,,1,eeprom_integrity [],eeprom_integrity [],,,,,,,,,,,,,,,,,,,,,,,,,,,,,,,,,,,,,,,,,,,,,,,,,,ASIC / EEPROM,ASIC / EEPROM
CC-25068359,2030095,330-010-085,2030095_CTX_LK_inductive_05.xlsx,High coil resistance,Coil strands damaged. Root cause unclear.Need further investigate,0.0,,,,,2,VRCUmeasurement [];eeprom_integrity [],eeprom_integrity [],,,,,,,,,,,,,,,,,,,,1,1,,,,,,,,,,,,,,,,,,,,,,,,,,,,,Coil,Coil
CC-25068359,2030095,330-010-085,2030095_CTX_LK_inductive_05.xlsx,High coil resistance,Coil strands damaged. Root cause unclear.Need further investigate,0.0,,,,,2,VRCUmeasurement [];eeprom_integrity [],eeprom_integrity [],,,,,,,,,,,,,,,,,,,,1,1,,,,,,,,,,,,,,,,,,,,,,,,,,,,,Coil,Coil
CC-25068359,2030095,330-010-085,2030095_CTX_LK_inductive_05.xlsx,High coil resistance,Coil strands damaged. Root cause unclear.Need further investigate,0.0,,,,,2,VRCUmeasurement [];eeprom_integrity [],eeprom_integrity [],,,,,,,,,,,,,,,,,,,,1,1,,,,,,,,,,,,,,,,,,,,,,,,,,,,,Coil,Coil
CC-25068359,2030095,330-010-085,2030095_CTX_LK_inductive_05.xlsx,High coil resistance,Coil strands damaged. Root cause unclear.Need further investigate,0.0,,,,,2,VRCUmeasurement [];eeprom_integrity [],eeprom_integrity [],,,,,,,,,,,,,,,,,,,,1,1,,,,,,,,,,,,,,,,,,,,,,,,,,,,,Coil,Coil
CC-25068359,2030095,330-010-085,2030095_CTX_LK_inductive_05.xlsx,High coil resistance,Coil strands damaged. Root cause unclear.Need further investigate,0.0,,,,,2,VRCUmeasurement [];eeprom_integrity [],eeprom_integrity [],,,,,,,,,,,,,,,,,,,,1,1,,,,,,,,,,,,,,,,,,,,,,,,,,,,,Coil,Coil
CC-25068359,2030095,330-010-085,2030095_CTX_LK_inductive_05.xlsx,High coil resistance,Coil strands damaged. Root cause unclear.Need further investigate,0.0,,,,,2,VRCUmeasurement [];eeprom_integrity [],eeprom_integrity [],,,,,,,,,,,,,,,,,,,,1,1,,,,,,,,,,,,,,,,,,,,,,,,,,,,,Coil,Coil
CC-25068359,2030095,330-010-085,2030095_CTX_LK_inductive_05.xlsx,High coil resistance,Coil strands damaged. Root cause unclear.Need further investigate,0.0,,,,,2,VRCUmeasurement [];eeprom_integrity [],eeprom_integrity [],,,,,,,,,,,,,,,,,,,,1,1,,,,,,,,,,,,,,,,,,,,,,,,,,,,,Coil,Coil
CC-25068359,2030095,330-010-085,2030095_CTX_LK_inductive_05.xlsx,High coil resistance,Coil strands damaged. Root cause unclear.Need further investigate,0.0,,,,,2,VRCUmeasurement [];eeprom_integrity [],eeprom_integrity [],,,,,,,,,,,,,,,,,,,,1,1,,,,,,,,,,,,,,,,,,,,,,,,,,,,,Coil,Coil
CC-25068359,2030095,330-010-085,2030095_CTX_LK_inductive_05.xlsx,High coil resistance,Coil strands damaged. Root cause unclear.Need further investigate,0.0,,,,,2,VRCUmeasurement [];eeprom_integrity [],eeprom_integrity [],,,,,,,,,,,,,,,,,,,,1,1,,,,,,,,,,,,,,,,,,,,,,,,,,,,,Coil,Coil
CC-25068359,2030095,330-010-085,2030095_CTX_LK_inductive_05.xlsx,High coil resistance,Coil strands damaged. Root cause unclear.Need further investigate,0.0,,,,,2,VRCUmeasurement [];eeprom_integrity [],eeprom_integrity [],,,,,,,,,,,,,,,,,,,,1,1,,,,,,,,,,,,,,,,,,,,,,,,,,,,,Coil,Coil
CC-25068359,2030095,330-010-085,2030095_CTX_LK_inductive_05.xlsx,High coil resistance,Coil strands damaged. Root cause unclear.Need further investigate,0.0,,,,,2,VASSmeasurement [];eeprom_integrity [],eeprom_integrity [],,,,,,,,,,,,,,,,,,,,1,1,,,,,,,,,,,,,,,,,,,,,,,,,,,,,Coil,Coil
CC-25068359,2030095,330-010-085,2030095_CTX_LK_inductive_05.xlsx,High coil resistance,Coil strands damaged. Root cause unclear.Need further investigate,0.0,,,,,2,VRCUmeasurement [];eeprom_integrity [],eeprom_integrity [],,,,,,,,,,,,,,,,,,,,1,1,,,,,,,,,,,,,,,,,,,,,,,,,,,,,Coil,Coil
CC-25013008,2008357,330-010-017,2008357_CTX_LK_inductive_05.xlsx,ASIC loose,Suspected lack of solder bond between ASIC balls and solder pads of PCBA,0.0,,,,,1,eeprom_integrity [],eeprom_integrity [],,,,,,,,,,,,,,,,,,,,,,,,,,,,,,,,,,,,,,,,,,,,,,,,,,ASIC / EEPROM,ASIC / EEPROM
CC-25013008,2008357,330-010-017,2008357_CTX_LK_inductive_05.xlsx,ASIC loose,Suspected lack of solder bond between ASIC balls and solder pads of PCBA,0.0,,,,,1,eeprom_integrity [],eeprom_integrity [],,,,,,,,,,,,,,,,,,,,,,,,,,,,,,,,,,,,,,,,,,,,,,,,,,ASIC / EEPROM,ASIC / EEPROM
CC-25013008,2008357,330-010-017,2008357_CTX_LK_inductive_05.xlsx,ASIC loose,Suspected lack of solder bond between ASIC balls and solder pads of PCBA,0.0,,,,,1,eeprom_integrity [],eeprom_integrity [],,,,,,,,,,,,,,,,,,,,,,,,,,,,,,,,,,,,,,,,,,,,,,,,,,ASIC / EEPROM,ASIC / EEPROM
CC-25013008,2008357,330-010-017,2008357_CTX_LK_inductive_05.xlsx,ASIC loose,Suspected lack of solder bond between ASIC balls and solder pads of PCBA,0.0,,,,,1,eeprom_integrity [],eeprom_integrity [],,,,,,,,,,,,,,,,,,,,,,,,,,,,,,,,,,,,,,,,,,,,,,,,,,ASIC / EEPROM,ASIC / EEPROM
CC-25013008,2008357,330-010-017,2008357_CTX_LK_inductive_05.xlsx,ASIC loose,Suspected lack of solder bond between ASIC balls and solder pads of PCBA,0.0,,,,,1,eeprom_integrity [],eeprom_integrity [],,,,,,,,,,,,,,,,,,,,,,,,,,,,,,,,,,,,,,,,,,,,,,,,,,ASIC / EEPROM,ASIC / EEPROM
CC-25013009,2008357,330-010-017,2008357_CTX_LK_inductive_05.xlsx,ASIC peal off from PCB,Suspected lack of solder bond between ASIC balls and solder pads of PCBA,0.0,,,,,1,eeprom_integrity [],eeprom_integrity [],,,,,,,,,,,,,,,,,,,,,,,,,,,,,,,,,,,,,,,,,,,,,,,,,,ASIC / EEPROM,ASIC / EEPROM
CC-25013009,2008357,330-010-017,2008357_CTX_LK_inductive_05.xlsx,ASIC peal off from PCB,Suspected lack of solder bond between ASIC balls and solder pads of PCBA,0.0,,,,,1,eeprom_integrity [],eeprom_integrity [],,,,,,,,,,,,,,,,,,,,,,,,,,,,,,,,,,,,,,,,,,,,,,,,,,ASIC / EEPROM,ASIC / EEPROM
CC-25013009,2008357,330-010-017,2008357_CTX_LK_inductive_05.xlsx,ASIC peal off from PCB,Suspected lack of solder bond between ASIC balls and solder pads of PCBA,0.0,,,,,1,eeprom_integrity [],eeprom_integrity [],,,,,,,,,,,,,,,,,,,,,,,,,,,,,,,,,,,,,,,,,,,,,,,,,,ASIC / EEPROM,ASIC / EEPROM
CC-25013009,2008357,330-010-017,2008357_CTX_LK_inductive_05.xlsx,ASIC peal off from PCB,Suspected lack of solder bond between ASIC balls and solder pads of PCBA,0.0,,,,,1,eeprom_integrity [],eeprom_integrity [],,,,,,,,,,,,,,,,,,,,,,,,,,,,,,,,,,,,,,,,,,,,,,,,,,ASIC / EEPROM,ASIC / EEPROM
CC-25013009,2008357,330-010-017,2008357_CTX_LK_inductive_05.xlsx,ASIC peal off from PCB,Suspected lack of solder bond between ASIC balls and solder pads of PCBA,0.0,,,,,1,eeprom_integrity [],eeprom_integrity [],,,,,,,,,,,,,,,,,,,,,,,,,,,,,,,,,,,,,,,,,,,,,,,,,,ASIC / EEPROM,ASIC / EEPROM
CC-25013009,2008357,330-010-017,2008357_CTX_LK_inductive_05.xlsx,ASIC peal off from PCB,Suspected lack of solder bond between ASIC balls and solder pads of PCBA,0.0,,,,,1,eeprom_integrity [],eeprom_integrity [],,,,,,,,,,,,,,,,,,,,,,,,,,,,,,,,,,,,,,,,,,,,,,,,,,ASIC / EEPROM,ASIC / EEPROM
CC-260913529,1681134,330-020-375,1681134_CTX_LK_inductive_01.xlsx,Gap between ferrite and front cap,"Possible Loctite 480 issue, caused poor bonding between ferrite and front cap OR magnetic tool strength issue.",14.684,378050,20190872,5597462,1,6,ILedOn [mA];UzOverUb [V];UDist1Unom [V];UDist2Unom [V];UDist3Unom [V];UDist4Unom [V],UDist1Unom [V];UDist2Unom [V];UDist3Unom [V];UDist4Unom [V],,,0.02,,,,,,,,,-0.04,,,,4.32,40.95,,500,1,1,,,,,,,,2.33,3.6,3.9,3.96,3.98,,,,,,,,,,,,,,,,,Dimensional / Alignment,Dimensional / Alignment
CC-260913529,1681134,330-020-375,1681134_CTX_LK_inductive_06.xlsx,Gap between ferrite and front cap,"Possible Loctite 480 issue, caused poor bonding between ferrite and front cap OR magnetic tool strength issue.",9.267,378050,20190872,5597462,1,4,UDist1Unom [V];UDist2Unom [V];UDist3Unom [V];UDist4Unom [V],UDist1Unom [V];UDist2Unom [V];UDist3Unom [V];UDist4Unom [V],,,7.819,,,,,,,,,0.002,,,,39.601,40.291,,500,1,1,,,,,,,,0.662,3.601,3.912,3.98,3.998,,,,,,,,,,,,,,,,,Dimensional / Alignment,Dimensional / Alignment
CC-260913529,1681134,330-020-375,1681134_CTX_LK_inductive_06.xlsx,Gap between ferrite and front cap,"Possible Loctite 480 issue, caused poor bonding between ferrite and front cap OR magnetic tool strength issue.",7.578,378152,20199791,5597462,1,4,UDist1Unom [V];UDist2Unom [V];UDist3Unom [V];UDist4Unom [V],UDist1Unom [V];UDist2Unom [V];UDist3Unom [V];UDist4Unom [V],,,8.166,,,,,,,,,0.002,,,,39.595,39.912,,500,1,1,,,,,,,,0.63,2.825,3.719,3.956,4.021,,,,,,,,,,,,,,,,,Dimensional / Alignment,Dimensional / Alignment
CC-260913529,1681134,330-020-375,1681134_CTX_LK_inductive_06.xlsx,Gap between ferrite and front cap,"Possible Loctite 480 issue, caused poor bonding between ferrite and front cap OR magnetic tool strength issue.",7.095,378141,20199704,5597462,1,4,UDist1Unom [V];UDist2Unom [V];UDist3Unom [V];UDist4Unom [V],UDist1Unom [V];UDist2Unom [V];UDist3Unom [V];UDist4Unom [V],,,8.016,,,,,,,,,0.002,,,,39.561,40.239,,500,1,1,,,,,,,,0.636,2.716,3.666,3.928,4.002,,,,,,,,,,,,,,,,,Dimensional / Alignment,Dimensional / Alignment
CC-25014467,2019785,330-010-017,2019785_CTX_LK_inductive_02.xlsx,High coil resistance,Suspected coil strands damage during rework process for the front cap replacement due to front cap pop up,0.0,,,,,2,VRCUmeasurement [];eeprom_integrity [],eeprom_integrity [],,,,,,,,,,,,,,,,,,,,1,1,,,,,,,,,,,,,,,,,,,,,,,,,,,,,Coil,Coil
CC-25014467,2019785,330-010-017,2019785_CTX_LK_inductive_02.xlsx,High coil resistance,Suspected coil strands damage during rework process for the front cap replacement due to front cap pop up,0.0,,,,,2,VRCUmeasurement [];eeprom_integrity [],eeprom_integrity [],,,,,,,,,,,,,,,,,,,,1,1,,,,,,,,,,,,,,,,,,,,,,,,,,,,,Coil,Coil
CC-25014467,2019785,330-010-017,2019785_CTX_LK_inductive_02.xlsx,High coil resistance,Suspected coil strands damage during rework process for the front cap replacement due to front cap pop up,0.0,,,,,2,VRCUmeasurement [];eeprom_integrity [],eeprom_integrity [],,,,,,,,,,,,,,,,,,,,1,1,,,,,,,,,,,,,,,,,,,,,,,,,,,,,Coil,Coil
CC-25014467,2019785,330-010-017,2019785_CTX_LK_inductive_02.xlsx,High coil resistance,Suspected coil strands damage during rework process for the front cap replacement due to front cap pop up,0.0,,,,,2,VRCUmeasurement [];eeprom_integrity [],eeprom_integrity [],,,,,,,,,,,,,,,,,,,,1,1,,,,,,,,,,,,,,,,,,,,,,,,,,,,,Coil,Coil
CC-25014467,2019785,330-010-017,2019785_CTX_LK_inductive_02.xlsx,High coil resistance,Suspected coil strands damage during rework process for the front cap replacement due to front cap pop up,0.0,,,,,2,VRCUmeasurement [];eeprom_integrity [],eeprom_integrity [],,,,,,,,,,,,,,,,,,,,1,1,,,,,,,,,,,,,,,,,,,,,,,,,,,,,Coil,Coil
CC-25014467,2019785,330-010-017,2019785_CTX_LK_inductive_02.xlsx,High coil resistance,Suspected coil strands damage during rework process for the front cap replacement due to front cap pop up,0.0,,,,,2,VRCUmeasurement [];eeprom_integrity [],eeprom_integrity [],,,,,,,,,,,,,,,,,,,,1,1,,,,,,,,,,,,,,,,,,,,,,,,,,,,,Coil,Coil
CC-25014467,2019785,330-010-017,2019785_CTX_LK_inductive_02.xlsx,High coil resistance,Suspected coil strands damage during rework process for the front cap replacement due to front cap pop up,0.0,,,,,2,VRCUmeasurement [];eeprom_integrity [],eeprom_integrity [],,,,,,,,,,,,,,,,,,,,1,1,,,,,,,,,,,,,,,,,,,,,,,,,,,,,Coil,Coil
CC-25014467,2019785,330-010-017,2019785_CTX_LK_inductive_02.xlsx,High coil resistance,Suspected coil strands damage during rework process for the front cap replacement due to front cap pop up,0.0,,,,,2,VRCUmeasurement [];eeprom_integrity [],eeprom_integrity [],,,,,,,,,,,,,,,,,,,,1,1,,,,,,,,,,,,,,,,,,,,,,,,,,,,,Coil,Coil
CC-25014467,2019785,330-010-017,2019785_CTX_LK_inductive_02.xlsx,High coil resistance,Suspected coil strands damage during rework process for the front cap replacement due to front cap pop up,0.0,,,,,2,VRCUmeasurement [];eeprom_integrity [],eeprom_integrity [],,,,,,,,,,,,,,,,,,,,1,1,,,,,,,,,,,,,,,,,,,,,,,,,,,,,Coil,Coil
CC-25014467,2019785,330-010-017,2019785_CTX_LK_inductive_02.xlsx,High coil resistance,Suspected coil strands damage during rework process for the front cap replacement due to front cap pop up,0.0,,,,,2,VRCUmeasurement [];eeprom_integrity [],eeprom_integrity [],,,,,,,,,,,,,,,,,,,,1,1,,,,,,,,,,,,,,,,,,,,,,,,,,,,,Coil,Coil
CC-25014467,2019785,330-010-017,2019785_CTX_LK_inductive_02.xlsx,High coil resistance,Suspected coil strands damage during rework process for the front cap replacement due to front cap pop up,0.0,,,,,2,VRCUmeasurement [];eeprom_integrity [],eeprom_integrity [],,,,,,,,,,,,,,,,,,,,1,1,,,,,,,,,,,,,,,,,,,,,,,,,,,,,Coil,Coil
CC-25012736,1496942,330-020-059,1496942_CTX_LK_inductive_04.xlsx,Gap between ferrite and front cap,"Improper glue dispensing, Improper inserting of cap or possible lack of time on magnet tool",4.353,1042739,14912130,5575586,1,2,HystUnom [%];SignErrOffUmin [ms],HystUnom [%],*0.00,0.0,8.06,8.2,300,1.8,0,7.75,26.18,0,12.48,0,0.66,0,40.29,40.48,40.12,1,500,1,1,1,1,1,1,1,1,1,,,,,,,,,,,,,,,,,,,,,,Dimensional / Alignment,Dimensional / Alignment
CC-25012736,1496942,330-020-059,1496942_CTX_LK_inductive_04.xlsx,Gap between ferrite and front cap,"Improper glue dispensing, Improper inserting of cap or possible lack of time on magnet tool",4.353,1042896,14912392,5575586,1,1,HystUnom [%],HystUnom [%],*0.00,0.0,8.26,7.62,300,1.71,0,7.75,26.04,0,0,0,0.66,0,40.14,40.16,40.1,1,500,1,1,1,1,1,1,1,1,1,,,,,,,,,,,,,,,,,,,,,,Dimensional / Alignment,Dimensional / Alignment
CC-25012736,1496942,330-020-059,1496942_CTX_LK_inductive_04.xlsx,Gap between ferrite and front cap,"Improper glue dispensing, Improper inserting of cap or possible lack of time on magnet tool",1.365,1042673,14911963,5575586,1,1,DistUnom [mm],DistUnom [mm],3.25,o0.00,8.04,7.76,300,1.69,0,7.75,25.98,0,0,0,0.66,0,40,40.88,40.08,1,500,1,1,1,1,1,1,1,1,1,,,,,,,,,,,,,,,,,,,,,,Dimensional / Alignment,Dimensional / Alignment
CC-25047794,1591396,330-020-373,1591396_CTX_LK_inductive_02.xlsx,High cap,Lack of attention during force fit the front cap in the housing. Not done post inspection.,1029.579,277406,17524699,5585334,1,5,IDist1Unom [mA];IDist2Unom [mA];IDist3Unom [mA];IDist4Unom [mA];IDist5Unom [mA],IDist1Unom [mA];IDist2Unom [mA];IDist3Unom [mA];IDist4Unom [mA];IDist5Unom [mA],,,11.67,,,,,,,,,0,,,,41.04,41.5,,500,1,1,,,,,,,,0.01,10.42,5.4,8.33,9.57,35.93,8.48,101.7,101.73,101.71,102.35,,,,,,,,,,,Dimensional / Alignment,Dimensional / Alignment
CC-25011890,1482171,330-020-017,1482171_CTX_LK_inductive_01.xlsx,ASIC loose,Extra pressure on PCBAs on vises-Unawarness of sufficient force,0.0,,,,,1,eeprom_integrity [],eeprom_integrity [],,,,,,,,,,,,,,,,,,,,,,,,,,,,,,,,,,,,,,,,,,,,,,,,,,ASIC / EEPROM,ASIC / EEPROM
CC-25011890,1482171,330-020-017,1482171_CTX_LK_inductive_01.xlsx,ASIC loose,Extra pressure on PCBAs on vises-Unawarness of sufficient force,0.0,,,,,1,eeprom_integrity [],eeprom_integrity [],,,,,,,,,,,,,,,,,,,,,,,,,,,,,,,,,,,,,,,,,,,,,,,,,,ASIC / EEPROM,ASIC / EEPROM
CC-25011890,1482171,330-020-017,1482171_CTX_LK_inductive_01.xlsx,ASIC loose,Extra pressure on PCBAs on vises-Unawarness of sufficient force,0.0,,,,,1,eeprom_integrity [],eeprom_integrity [],,,,,,,,,,,,,,,,,,,,,,,,,,,,,,,,,,,,,,,,,,,,,,,,,,ASIC / EEPROM,ASIC / EEPROM
CC-25011890,1482171,330-020-017,1482171_CTX_LK_inductive_01.xlsx,ASIC loose,Extra pressure on PCBAs on vises-Unawarness of sufficient force,0.0,,,,,1,eeprom_integrity [],eeprom_integrity [],,,,,,,,,,,,,,,,,,,,1,1,1,1,1,1,1,0,,,,,,,,,,,,,,,,,,,,,,,ASIC / EEPROM,ASIC / EEPROM
CC-25011890,1482171,330-020-017,1482171_CTX_LK_inductive_01.xlsx,ASIC loose,Extra pressure on PCBAs on vises-Unawarness of sufficient force,0.0,,,,,1,eeprom_integrity [],eeprom_integrity [],,,,,,,,,,,,,,,,,,,,1,1,1,1,1,1,1,0,,,,,,,,,,,,,,,,,,,,,,,ASIC / EEPROM,ASIC / EEPROM
CC-25011889,1482171,330-020-017,1482171_CTX_LK_inductive_01.xlsx,Coil partially damage (resistance value is high),Unsafe handling of coils by tweezers and dropping coils,0.0,,,,,1,eeprom_integrity [],eeprom_integrity [],,,,,,,,,,,,,,,,,,,,,,,,,,,,,,,,,,,,,,,,,,,,,,,,,,Coil,Coil
CC-25011889,1482171,330-020-017,1482171_CTX_LK_inductive_01.xlsx,Coil partially damage (resistance value is high),Unsafe handling of coils by tweezers and dropping coils,0.0,,,,,1,eeprom_integrity [],eeprom_integrity [],,,,,,,,,,,,,,,,,,,,,,,,,,,,,,,,,,,,,,,,,,,,,,,,,,Coil,Coil
CC-25011889,1482171,330-020-017,1482171_CTX_LK_inductive_01.xlsx,Coil partially damage (resistance value is high),Unsafe handling of coils by tweezers and dropping coils,0.0,,,,,1,eeprom_integrity [],eeprom_integrity [],,,,,,,,,,,,,,,,,,,,,,,,,,,,,,,,,,,,,,,,,,,,,,,,,,Coil,Coil
CC-25011889,1482171,330-020-017,1482171_CTX_LK_inductive_01.xlsx,Coil partially damage (resistance value is high),Unsafe handling of coils by tweezers and dropping coils,0.0,,,,,1,eeprom_integrity [],eeprom_integrity [],,,,,,,,,,,,,,,,,,,,1,1,1,1,1,1,1,0,,,,,,,,,,,,,,,,,,,,,,,Coil,Coil
CC-260411435,1648492,330-020-359,1648492_CTX_LK_inductive_08.xlsx,"Eeprom 7026 - Gap between front cap and ferrite, Ferrite broken and pushed further","Possible magnetic tool strength issue, caused poor bonding between ferrite and front cap.",0.0,,,,,1,eeprom_integrity [],eeprom_integrity [],,,,,,,,,,,,,,,,,,,,1,1,,,,,,,,,,,,,,,,,,,,,,,,,,,,,Dimensional / Alignment,Dimensional / Alignment
CC-260411435,1648492,330-020-359,1648492_CTX_LK_inductive_08.xlsx,"Eeprom 7026 - Gap between front cap and ferrite, Ferrite broken and pushed further","Possible magnetic tool strength issue, caused poor bonding between ferrite and front cap.",0.0,,,,,1,eeprom_integrity [],eeprom_integrity [],,,,,,,,,,,,,,,,,,,,1,1,,,,,,,,,,,,,,,,,,,,,,,,,,,,,Dimensional / Alignment,Dimensional / Alignment
CC-25119897,2034595,330-010-017,2034595_CTX_LK_inductive_05.xlsx,Potting layer in between ferrite and front cap,Front cap material issue from supplier,18.31,1390063,17853849,5593311,1,1,DistUnom [mm],DistUnom [mm],-1.0,*0.000,8.217,8.167,291.722,1.297,0,7.75,26.325,0,0,0.005,0.662,0.002,40.033,40.862,40.327,1,500,1,1,1,1,1,1,1,1,1,,,,,,,,,,,,,,,,,,,,,,Dimensional / Alignment,Dimensional / Alignment
CC-25035209,1584290,330-020-357,1584290_CTX_LK_inductive_05.xlsx,Excess glue in front cap glueing,"Lack of attention during front cap glueing, Excess glue applied",2.793,273685,17337260,5585334,1,2,UDist3Unom [V];UDist4Unom [V],UDist3Unom [V];UDist4Unom [V],,,6.837,,,,,,,,,0.001,,,,40.014,40.539,,500,1,1,,,,,,,,0.219,10.61,6.064,8.917,10.085,,,,,,,,,,,,,,,,,Dimensional / Alignment,Dimensional / Alignment
CC-25035209,1584290,330-020-357,1584290_CTX_LK_inductive_05.xlsx,Excess glue in front cap glueing,"Lack of attention during front cap glueing, Excess glue applied",2.632,273710,17337410,5585334,1,2,UDist3Unom [V];UDist4Unom [V],UDist3Unom [V];UDist4Unom [V],,,6.887,,,,,,,,,0.001,,,,39.69,40.049,,500,1,1,,,,,,,,0.223,10.537,6.018,8.838,9.999,,,,,,,,,,,,,,,,,Dimensional / Alignment,Dimensional / Alignment
CC-25035209,1584290,330-020-357,1584290_CTX_LK_inductive_05.xlsx,Excess glue in front cap glueing,"Lack of attention during front cap glueing, Excess glue applied",2.334,273658,17336999,5585334,1,2,UDist3Unom [V];UDist4Unom [V],UDist3Unom [V];UDist4Unom [V],,,6.83,,,,,,,,,0.001,,,,39.573,40.292,,500,1,1,,,,,,,,0.223,10.628,5.933,8.831,10.055,,,,,,,,,,,,,,,,,Dimensional / Alignment,Dimensional / Alignment
CC-25035209,1584290,330-020-357,1584290_CTX_LK_inductive_05.xlsx,Excess glue in front cap glueing,"Lack of attention during front cap glueing, Excess glue applied",2.205,273680,17337240,5593486,1,2,UDist3Unom [V];UDist4Unom [V],UDist3Unom [V];UDist4Unom [V],,,7.032,,,,,,,,,0.001,,,,40.014,40.567,,500,1,1,,,,,,,,0.25,10.678,5.896,8.764,10.003,,,,,,,,,,,,,,,,,Dimensional / Alignment,Dimensional / Alignment
CC-25035209,1584290,330-020-357,1584290_CTX_LK_inductive_05.xlsx,Excess glue in front cap glueing,"Lack of attention during front cap glueing, Excess glue applied",2.096,273663,17337061,5585334,1,2,UDist3Unom [V];UDist4Unom [V],UDist3Unom [V];UDist4Unom [V],,,6.978,,,,,,,,,0.001,,,,40.052,40.535,,500,1,1,,,,,,,,0.29,10.616,5.865,8.781,10.033,,,,,,,,,,,,,,,,,Dimensional / Alignment,Dimensional / Alignment
CC-25035209,1584290,330-020-357,1584290_CTX_LK_inductive_05.xlsx,Excess glue in front cap glueing,"Lack of attention during front cap glueing, Excess glue applied",2.075,273675,17337197,5585334,1,2,UDist3Unom [V];UDist4Unom [V],UDist3Unom [V];UDist4Unom [V],,,6.897,,,,,,,,,0.001,,,,39.327,40.338,,500,1,1,,,,,,,,0.3,10.602,5.859,8.737,9.986,,,,,,,,,,,,,,,,,Dimensional / Alignment,Dimensional / Alignment
CC-25035209,1584290,330-020-357,1584290_CTX_LK_inductive_05.xlsx,Excess glue in front cap glueing,"Lack of attention during front cap glueing, Excess glue applied",2.033,273697,17337370,5593486,1,2,UDist3Unom [V];UDist4Unom [V],UDist3Unom [V];UDist4Unom [V],,,6.792,,,,,,,,,0.002,,,,39.415,39.956,,500,1,1,,,,,,,,0.22,10.661,5.847,8.763,10.025,,,,,,,,,,,,,,,,,Dimensional / Alignment,Dimensional / Alignment
CC-25035209,1584290,330-020-357,1584290_CTX_LK_inductive_05.xlsx,Excess glue in front cap glueing,"Lack of attention during front cap glueing, Excess glue applied",1.963,273713,17337421,5585334,1,2,UDist3Unom [V];UDist4Unom [V],UDist3Unom [V];UDist4Unom [V],,,6.865,,,,,,,,,0.001,,,,39.711,39.759,,500,1,1,,,,,,,,0.244,10.639,5.827,8.749,10.023,,,,,,,,,,,,,,,,,Dimensional / Alignment,Dimensional / Alignment
CC-25035209,1584290,330-020-357,1584290_CTX_LK_inductive_05.xlsx,Excess glue in front cap glueing,"Lack of attention during front cap glueing, Excess glue applied",1.813,273669,17337121,5593486,1,2,UDist3Unom [V];UDist4Unom [V],UDist3Unom [V];UDist4Unom [V],,,6.953,,,,,,,,,0.002,,,,39.973,40.197,,500,1,1,,,,,,,,0.244,10.602,5.784,8.757,10.029,,,,,,,,,,,,,,,,,Dimensional / Alignment,Dimensional / Alignment
CC-25035209,1584290,330-020-357,1584290_CTX_LK_inductive_05.xlsx,Excess glue in front cap glueing,"Lack of attention during front cap glueing, Excess glue applied",1.722,273695,17337364,5593486,1,2,UDist3Unom [V];UDist4Unom [V],UDist3Unom [V];UDist4Unom [V],,,6.848,,,,,,,,,0.001,,,,39.741,40.456,,500,1,1,,,,,,,,0.321,10.655,5.758,8.721,10.026,,,,,,,,,,,,,,,,,Dimensional / Alignment,Dimensional / Alignment
CC-25035209,1584290,330-020-357,1584290_CTX_LK_inductive_05.xlsx,Excess glue in front cap glueing,"Lack of attention during front cap glueing, Excess glue applied",1.681,273707,17337399,5593486,1,2,UDist3Unom [V];UDist4Unom [V],UDist3Unom [V];UDist4Unom [V],,,6.831,,,,,,,,,0.001,,,,39.833,40.226,,500,1,1,,,,,,,,0.165,10.716,5.745,8.755,10.074,,,,,,,,,,,,,,,,,Dimensional / Alignment,Dimensional / Alignment
CC-25035209,1584290,330-020-357,1584290_CTX_LK_inductive_05.xlsx,Excess glue in front cap glueing,"Lack of attention during front cap glueing, Excess glue applied",1.634,273668,17337109,5593486,1,2,UDist3Unom [V];UDist4Unom [V],UDist3Unom [V];UDist4Unom [V],,,6.889,,,,,,,,,0.002,,,,39.725,40.277,,500,1,1,,,,,,,,0.262,10.726,5.733,8.715,10.042,,,,,,,,,,,,,,,,,Dimensional / Alignment,Dimensional / Alignment
CC-25035209,1584290,330-020-357,1584290_CTX_LK_inductive_05.xlsx,Excess glue in front cap glueing,"Lack of attention during front cap glueing, Excess glue applied",1.627,273700,17337382,5585334,1,2,UDist3Unom [V];UDist4Unom [V],UDist3Unom [V];UDist4Unom [V],,,6.887,,,,,,,,,0.001,,,,40.118,41.084,,500,1,1,,,,,,,,0.196,10.724,5.731,8.72,10.044,,,,,,,,,,,,,,,,,Dimensional / Alignment,Dimensional / Alignment
CC-25035209,1584290,330-020-357,1584290_CTX_LK_inductive_05.xlsx,Excess glue in front cap glueing,"Lack of attention during front cap glueing, Excess glue applied",1.603,273672,17337153,5585334,1,2,UDist3Unom [V];UDist4Unom [V],UDist3Unom [V];UDist4Unom [V],,,6.815,,,,,,,,,0.001,,,,39.897,40.236,,500,1,1,,,,,,,,0.215,10.681,5.724,8.703,10.018,,,,,,,,,,,,,,,,,Dimensional / Alignment,Dimensional / Alignment
CC-25035209,1584290,330-020-357,1584290_CTX_LK_inductive_05.xlsx,Excess glue in front cap glueing,"Lack of attention during front cap glueing, Excess glue applied",1.532,273691,17337307,5593486,1,1,UDist4Unom [V],UDist4Unom [V],,,6.932,,,,,,,,,0.001,,,,39.981,40.1,,500,1,1,,,,,,,,0.166,10.624,5.689,8.73,10.066,,,,,,,,,,,,,,,,,Dimensional / Alignment,Dimensional / Alignment
CC-25068175,1598772,330-020-357,1598772_CTX_LK_inductive_07.xlsx,Excess glue in front cap glueing,Lack of attention during front cap glueing.Glue applied both center and edge of the ferrite.Excess glue is visible on the side of the shield.Not followed DMO instructions,4.59,284021,17761714,5585334,1,2,UDist3Unom [V];UDist4Unom [V],UDist3Unom [V];UDist4Unom [V],,,6.879,,,,,,,,,0,,,,41.256,41.043,,500,1,1,,,,,,,,0.229,10.42,6.577,9.055,9.984,,,,,,,,,,,,,,,,,Dimensional / Alignment,Dimensional / Alignment
CC-25068175,1598772,330-020-357,1598772_CTX_LK_inductive_07.xlsx,Excess glue in front cap glueing,Lack of attention during front cap glueing.Glue applied both center and edge of the ferrite.Excess glue is visible on the side of the shield.Not followed DMO instructions,3.406,284389,17771027,5585334,1,2,UDist3Unom [V];UDist4Unom [V],UDist3Unom [V];UDist4Unom [V],,,6.825,,,,,,,,,0,,,,41.099,40.942,,500,1,1,,,,,,,,0.258,10.499,6.239,8.928,9.996,,,,,,,,,,,,,,,,,Dimensional / Alignment,Dimensional / Alignment
CC-25012739,2007755,330-010-013,2007755_CTX_LK_inductive_01.xlsx,ASIC loose,"Suspected lack of solder bond between ASIC balls and solder pads of PCBA, Material supplier issue",0.0,,,,,1,eeprom_integrity [],eeprom_integrity [],,,,,,,,,,,,,,,,,,,,,,,,,,,,,,,,,,,,,,,,,,,,,,,,,,ASIC / EEPROM,ASIC / EEPROM
CC-25012739,2007755,330-010-013,2007755_CTX_LK_inductive_01.xlsx,ASIC loose,"Suspected lack of solder bond between ASIC balls and solder pads of PCBA, Material supplier issue",0.0,,,,,1,eeprom_integrity [],eeprom_integrity [],,,,,,,,,,,,,,,,,,,,,,,,,,,,,,,,,,,,,,,,,,,,,,,,,,ASIC / EEPROM,ASIC / EEPROM
CC-25012739,2007755,330-010-013,2007755_CTX_LK_inductive_01.xlsx,ASIC loose,"Suspected lack of solder bond between ASIC balls and solder pads of PCBA, Material supplier issue",0.0,,,,,1,eeprom_integrity [],eeprom_integrity [],,,,,,,,,,,,,,,,,,,,,,,,,,,,,,,,,,,,,,,,,,,,,,,,,,ASIC / EEPROM,ASIC / EEPROM
CC-25012739,2007755,330-010-013,2007755_CTX_LK_inductive_01.xlsx,ASIC loose,"Suspected lack of solder bond between ASIC balls and solder pads of PCBA, Material supplier issue",0.0,,,,,1,eeprom_integrity [],eeprom_integrity [],,,,,,,,,,,,,,,,,,,,,,,,,,,,,,,,,,,,,,,,,,,,,,,,,,ASIC / EEPROM,ASIC / EEPROM
CC-25013910,1542794,330-020-073,1542794_CTX_LK_inductive_07.xlsx,Coil damage,Suspected coil damage during soldering stage due to damage near to solder pad,0.0,,,,,1,eeprom_integrity [],eeprom_integrity [],,,,,,,,,,,,,,,,,,,,,,,,,,,,,,,,,,,,,,,,,,,,,,,,,,Coil,Coil
CC-25013910,1542794,330-020-073,1542794_CTX_LK_inductive_07.xlsx,Coil damage,Suspected coil damage during soldering stage due to damage near to solder pad,0.0,,,,,1,eeprom_integrity [],eeprom_integrity [],,,,,,,,,,,,,,,,,,,,,,,,,,,,,,,,,,,,,,,,,,,,,,,,,,Coil,Coil
CC-25013910,1542794,330-020-073,1542794_CTX_LK_inductive_07.xlsx,Coil damage,Suspected coil damage during soldering stage due to damage near to solder pad,0.0,,,,,1,eeprom_integrity [],eeprom_integrity [],,,,,,,,,,,,,,,,,,,,,,,,,,,,,,,,,,,,,,,,,,,,,,,,,,Coil,Coil
CC-25013910,1542794,330-020-073,1542794_CTX_LK_inductive_07.xlsx,Coil damage,Suspected coil damage during soldering stage due to damage near to solder pad,0.0,,,,,2,VASSmeasurement [];eeprom_integrity [],eeprom_integrity [],,,,,,,,,,,,,,,,,,,,1,1,,,,,,,,,,,,,,,,,,,,,,,,,,,,,Coil,Coil
CC-25013910,1542794,330-020-073,1542794_CTX_LK_inductive_07.xlsx,Coil damage,Suspected coil damage during soldering stage due to damage near to solder pad,0.0,,,,,2,IcPreconfig [0/1];eeprom_integrity [],eeprom_integrity [],,,,,,,,,,,,,,,,,,,,0.0,1,,,,,,,,,,,,,,,,,,,,,,,,,,,,,Coil,Coil
CC-260411402,2038285,330-027-000,2038285_CTX_LK_inductive_06.xlsx,Ferrite crack,The ferrite cracked during the molding operation as the ferrite and PCBA not perpendicular due to cutting edge gets slanted with the cutting plier.,6.748,1545583,19205754,5615472,1,1,HystUnom [%],HystUnom [%],o0.000,0.0,8.126,8.074,291.722,1.244,0,7.75,26.326,0,0,0.006,0.661,0.002,39.755,41.025,41.264,1,500,1,1,1,1,1,1,1,1,1,,,,,,,,,,,,,,,,,,,,,,Dimensional / Alignment,Dimensional / Alignment
CC-260411402,2038285,330-027-000,2038285_CTX_LK_inductive_06.xlsx,Ferrite crack,The ferrite cracked during the molding operation as the ferrite and PCBA not perpendicular due to cutting edge gets slanted with the cutting plier.,6.748,1545584,19205756,5615472,1,1,HystUnom [%],HystUnom [%],*0.000,0.0,8.418,8.374,277.83,1.143,0,7.75,26.527,0,0,0.007,0.662,0.002,39.961,40.833,41.294,1,500,1,1,1,1,1,1,1,1,1,,,,,,,,,,,,,,,,,,,,,,Dimensional / Alignment,Dimensional / Alignment
CC-25013100,1514477,330-020-359,1514477_CTX_LK_inductive_06.xlsx,Gap between ferrite and front cap,Suspected lack of adhesion property of loctite 480,16.841,209870,15259979,5592941,1,3,UDist1Unom [V];UDist3Unom [V];UDist4Unom [V],UDist1Unom [V];UDist3Unom [V];UDist4Unom [V],,,6.782,,,,,,,,,0.002,,,,39.827,40.747,,500,1,1,,,,,,,,6.61,9.991,6.612,10.002,10.002,,,,,,,,,,,,,,,,,Dimensional / Alignment,Dimensional / Alignment
CC-25013100,1514477,330-020-359,1514477_CTX_LK_inductive_06.xlsx,Gap between ferrite and front cap,Suspected lack of adhesion property of loctite 480,4.697,209908,15260171,5592941,1,2,UDist3Unom [V];UDist4Unom [V],UDist3Unom [V];UDist4Unom [V],,,6.874,,,,,,,,,0.002,,,,39.904,40.562,,500,1,1,,,,,,,,0.232,10.354,6.594,9.091,9.962,,,,,,,,,,,,,,,,,Dimensional / Alignment,Dimensional / Alignment
CC-25013100,1514477,330-020-359,1514477_CTX_LK_inductive_06.xlsx,Gap between ferrite and front cap,Suspected lack of adhesion property of loctite 480,4.653,209895,15260105,5575586,1,2,UDist3Unom [V];UDist4Unom [V],UDist3Unom [V];UDist4Unom [V],,,6.999,,,,,,,,,0.002,,,,39.855,40.31,,500,1,1,,,,,,,,0.239,10.368,6.582,9.11,10.002,,,,,,,,,,,,,,,,,Dimensional / Alignment,Dimensional / Alignment
CC-25013100,1514477,330-020-359,1514477_CTX_LK_inductive_06.xlsx,Gap between ferrite and front cap,Suspected lack of adhesion property of loctite 480,2.058,209830,15259852,5575586,1,2,UDist3Unom [V];UDist4Unom [V],UDist3Unom [V];UDist4Unom [V],,,6.875,,,,,,,,,0.002,,,,39.846,40.43,,500,1,1,,,,,,,,0.295,10.652,5.876,8.771,10.017,,,,,,,,,,,,,,,,,Dimensional / Alignment,Dimensional / Alignment
CC-25013100,1514477,330-020-359,1514477_CTX_LK_inductive_07.xlsx,Gap between ferrite and front cap,Suspected lack of adhesion property of loctite 480,2.043,209830,15259852,5575586,1,2,UDist3Unom [V];UDist4Unom [V],UDist3Unom [V];UDist4Unom [V],,,6.846,,,,,,,,,0,,,,39.888,40.453,,500,1,1,,,,,,,,0.28,10.637,5.872,8.78,10.014,,,,,,,,,,,,,,,,,Dimensional / Alignment,Dimensional / Alignment
CC-25012884,2008760,330-010-325,2008760_CTX_LK_inductive_07.xlsx,ASIC loose,Suspected material issue with lack of strength of soldering strength between solder balls in the IC and PCAB pads,0.0,,,,,1,eeprom_integrity [],eeprom_integrity [],,,,,,,,,,,,,,,,,,,,,,,,,,,,,,,,,,,,,,,,,,,,,,,,,,ASIC / EEPROM,ASIC / EEPROM
CC-25012884,2008760,330-010-325,2008760_CTX_LK_inductive_07.xlsx,ASIC loose,Suspected material issue with lack of strength of soldering strength between solder balls in the IC and PCAB pads,0.0,,,,,2,VASSmeasurement [];eeprom_integrity [],eeprom_integrity [],,,,,,,,,,,,,,,,,,,,1,1,,,,,,,,,,,,,,,,,,,,,,,,,,,,,ASIC / EEPROM,ASIC / EEPROM
CC-25012884,2008760,330-010-325,2008760_CTX_LK_inductive_07.xlsx,ASIC loose,Suspected material issue with lack of strength of soldering strength between solder balls in the IC and PCAB pads,0.0,,,,,2,VASSmeasurement [];eeprom_integrity [],eeprom_integrity [],,,,,,,,,,,,,,,,,,,,1,1,,,,,,,,,,,,,,,,,,,,,,,,,,,,,ASIC / EEPROM,ASIC / EEPROM
CC-25012884,2008760,330-010-325,2008760_CTX_LK_inductive_07.xlsx,ASIC loose,Suspected material issue with lack of strength of soldering strength between solder balls in the IC and PCAB pads,0.0,,,,,1,eeprom_integrity [],eeprom_integrity [],,,,,,,,,,,,,,,,,,,,,,,,,,,,,,,,,,,,,,,,,,,,,,,,,,ASIC / EEPROM,ASIC / EEPROM
CC-25012720,2007445,330-027-000,2007445_CTX_LK_inductive_06.xlsx,ASIC loose,"Suspected lack of solder bond between ASIC balls and solder pads of PCBA, Material supplier issue",0.0,,,,,1,eeprom_integrity [],eeprom_integrity [],,,,,,,,,,,,,,,,,,,,,,,,,,,,,,,,,,,,,,,,,,,,,,,,,,ASIC / EEPROM,ASIC / EEPROM
CC-25012720,2007445,330-027-000,2007445_CTX_LK_inductive_06.xlsx,ASIC loose,"Suspected lack of solder bond between ASIC balls and solder pads of PCBA, Material supplier issue",0.0,,,,,1,eeprom_integrity [],eeprom_integrity [],,,,,,,,,,,,,,,,,,,,,,,,,,,,,,,,,,,,,,,,,,,,,,,,,,ASIC / EEPROM,ASIC / EEPROM
CC-25012720,2007445,330-027-000,2007445_CTX_LK_inductive_06.xlsx,ASIC loose,"Suspected lack of solder bond between ASIC balls and solder pads of PCBA, Material supplier issue",0.0,,,,,1,eeprom_integrity [],eeprom_integrity [],,,,,,,,,,,,,,,,,,,,,,,,,,,,,,,,,,,,,,,,,,,,,,,,,,ASIC / EEPROM,ASIC / EEPROM
CC-260612179,1664311,330-020-051,1664311_CTX_LK_inductive_05.xlsx,Eeprom 7014 - excess glue amount on ferrite,Due to high glue amount applied on ferrite failure has occurred.,0.0,,,,,2,VASSmeasurement [];eeprom_integrity [],eeprom_integrity [],,,,,,,,,,,,,,,,,,,,1,1,,,,,,,,,,,,,,,,,,,,,,,,,,,,,Dimensional / Alignment,Dimensional / Alignment
CC-260612179,1664311,330-020-051,1664311_CTX_LK_inductive_05.xlsx,Eeprom 7014 - excess glue amount on ferrite,Due to high glue amount applied on ferrite failure has occurred.,0.0,,,,,2,VASSmeasurement [];eeprom_integrity [],eeprom_integrity [],,,,,,,,,,,,,,,,,,,,1,1,,,,,,,,,,,,,,,,,,,,,,,,,,,,,Dimensional / Alignment,Dimensional / Alignment
CC-260612179,1664311,330-020-051,1664311_CTX_LK_inductive_05.xlsx,Eeprom 7014 - excess glue amount on ferrite,Due to high glue amount applied on ferrite failure has occurred.,0.0,,,,,2,VASSmeasurement [];eeprom_integrity [],eeprom_integrity [],,,,,,,,,,,,,,,,,,,,1,1,,,,,,,,,,,,,,,,,,,,,,,,,,,,,Dimensional / Alignment,Dimensional / Alignment
CC-260812978,1677580,330-020-396,1677580_CTX_LK_inductive_06.xlsx,Eeprom 7022 - Flex PCB shortned,Possible solder bridged due to excess tin on solder points. No method to check.,0.0,,,,,1,eeprom_integrity [],eeprom_integrity [],,,,,,,,,,,,,,,,,,,,,,,,,,,,,,,,,,,,,,,,,,,,,,,,,,ASIC / EEPROM,ASIC / EEPROM
CC-260812978,1677580,330-020-396,1677580_CTX_LK_inductive_06.xlsx,Eeprom 7022 - Flex PCB shortned,Possible solder bridged due to excess tin on solder points. No method to check.,0.0,,,,,1,eeprom_integrity [],eeprom_integrity [],,,,,,,,,,,,,,,,,,,,,,,,,,,,,,,,,,,,,,,,,,,,,,,,,,ASIC / EEPROM,ASIC / EEPROM
CC-260812978,1677580,330-020-396,1677580_CTX_LK_inductive_06.xlsx,Eeprom 7022 - Flex PCB shortned,Possible solder bridged due to excess tin on solder points. No method to check.,0.0,,,,,1,eeprom_integrity [],eeprom_integrity [],,,,,,,,,,,,,,,,,,,,,,,,,,,,,,,,,,,,,,,,,,,,,,,,,,ASIC / EEPROM,ASIC / EEPROM
CC-25011983,1485484,330-020-394,1485484_CTX_LK_inductive_06.xlsx,Flex PCB bridge from solder pads,Lack of attention to soldering,243.4,181297,14407112,5574799,1,10,UDist1Unom [V];UDist2Unom [V];UDist3Unom [V];UDist4Unom [V];UDist5Unom [V];IDist1Unom [mA];IDist2Unom [mA];IDist3Unom [mA];IDist4Unom [mA];IDist5Unom [mA],UDist1Unom [V];UDist2Unom [V];UDist3Unom [V];UDist4Unom [V];UDist5Unom [V];IDist1Unom [mA];IDist2Unom [mA];IDist3Unom [mA];IDist4Unom [mA];IDist5Unom [mA],,,8.181,,,,,,,,,0.003,,,,40.924,40.324,,500,1,1,,,,,,,,0.661,3.981,2.205,3.351,3.769,40.319,5.942,3.999,2.562,3.492,3.831,,,,,,,,,,,Flex / PCB / Solder / Wiring,Flex / PCB / Solder / Wiring
CC-25011983,1485484,330-020-394,1485484_CTX_LK_inductive_06.xlsx,Flex PCB bridge from solder pads,Lack of attention to soldering,5.314,181307,14407129,5574799,1,2,UDist3Unom [V];UDist4Unom [V],UDist3Unom [V];UDist4Unom [V],,,8.438,,,,,,,,,0.003,,,,40.876,40.551,,500,1,1,,,,,,,,0.095,5.428,2.37,4.179,4.984,40.483,0.866,5.183,2.703,4.173,4.827,,,,,,,,,,,Flex / PCB / Solder / Wiring,Flex / PCB / Solder / Wiring
CC-25011983,1485484,330-020-394,1485484_CTX_LK_inductive_06.xlsx,Flex PCB bridge from solder pads,Lack of attention to soldering,5.314,181331,14407153,5574799,1,1,UDist4Unom [V],UDist4Unom [V],,,8.366,,,,,,,,,0.003,,,,40.811,41.098,,500,1,1,,,,,,,,0.222,5.424,2.421,4.179,4.973,40.663,0.982,5.183,2.756,4.181,4.828,,,,,,,,,,,Flex / PCB / Solder / Wiring,Flex / PCB / Solder / Wiring
CC-25011983,1485484,330-020-394,1485484_CTX_LK_inductive_06.xlsx,Flex PCB bridge from solder pads,Lack of attention to soldering,5.149,181320,14407142,5574799,1,2,UDist3Unom [V];UDist4Unom [V],UDist3Unom [V];UDist4Unom [V],,,8.478,,,,,,,,,0.003,,,,40.187,40.884,,500,1,1,,,,,,,,0.106,5.454,2.376,4.184,4.997,40.31,0.877,5.207,2.711,4.18,4.843,,,,,,,,,,,Flex / PCB / Solder / Wiring,Flex / PCB / Solder / Wiring
CC-25011984,1485484,330-020-394,1485484_CTX_LK_inductive_06.xlsx,Flex PCB bridge from solder pads,Lack of attention to soldering,243.4,181297,14407112,5574799,1,10,UDist1Unom [V];UDist2Unom [V];UDist3Unom [V];UDist4Unom [V];UDist5Unom [V];IDist1Unom [mA];IDist2Unom [mA];IDist3Unom [mA];IDist4Unom [mA];IDist5Unom [mA],UDist1Unom [V];UDist2Unom [V];UDist3Unom [V];UDist4Unom [V];UDist5Unom [V];IDist1Unom [mA];IDist2Unom [mA];IDist3Unom [mA];IDist4Unom [mA];IDist5Unom [mA],,,8.181,,,,,,,,,0.003,,,,40.924,40.324,,500,1,1,,,,,,,,0.661,3.981,2.205,3.351,3.769,40.319,5.942,3.999,2.562,3.492,3.831,,,,,,,,,,,Flex / PCB / Solder / Wiring,Flex / PCB / Solder / Wiring
CC-25011984,1485484,330-020-394,1485484_CTX_LK_inductive_06.xlsx,Flex PCB bridge from solder pads,Lack of attention to soldering,5.314,181307,14407129,5574799,1,2,UDist3Unom [V];UDist4Unom [V],UDist3Unom [V];UDist4Unom [V],,,8.438,,,,,,,,,0.003,,,,40.876,40.551,,500,1,1,,,,,,,,0.095,5.428,2.37,4.179,4.984,40.483,0.866,5.183,2.703,4.173,4.827,,,,,,,,,,,Flex / PCB / Solder / Wiring,Flex / PCB / Solder / Wiring
CC-25011984,1485484,330-020-394,1485484_CTX_LK_inductive_06.xlsx,Flex PCB bridge from solder pads,Lack of attention to soldering,5.314,181331,14407153,5574799,1,1,UDist4Unom [V],UDist4Unom [V],,,8.366,,,,,,,,,0.003,,,,40.811,41.098,,500,1,1,,,,,,,,0.222,5.424,2.421,4.179,4.973,40.663,0.982,5.183,2.756,4.181,4.828,,,,,,,,,,,Flex / PCB / Solder / Wiring,Flex / PCB / Solder / Wiring
CC-25011984,1485484,330-020-394,1485484_CTX_LK_inductive_06.xlsx,Flex PCB bridge from solder pads,Lack of attention to soldering,5.149,181320,14407142,5574799,1,2,UDist3Unom [V];UDist4Unom [V],UDist3Unom [V];UDist4Unom [V],,,8.478,,,,,,,,,0.003,,,,40.187,40.884,,500,1,1,,,,,,,,0.106,5.454,2.376,4.184,4.997,40.31,0.877,5.207,2.711,4.18,4.843,,,,,,,,,,,Flex / PCB / Solder / Wiring,Flex / PCB / Solder / Wiring
CC-25014113,2017423,330-010-158,2017423_CTX_LK_inductive_07.xlsx,High coil resistance,"Partially soldered the tinned part of the coil wire, soldering defect, process deviation",0.0,,,,,2,VRCUmeasurement [];eeprom_integrity [],eeprom_integrity [],,,,,,,,,,,,,,,,,,,,1,1,,,,,,,,,,,,,,,,,,,,,,,,,,,,,Coil,Coil
CC-25014113,2017423,330-010-158,2017423_CTX_LK_inductive_07.xlsx,High coil resistance,"Partially soldered the tinned part of the coil wire, soldering defect, process deviation",0.0,,,,,2,VRCUmeasurement [];eeprom_integrity [],eeprom_integrity [],,,,,,,,,,,,,,,,,,,,1,1,,,,,,,,,,,,,,,,,,,,,,,,,,,,,Coil,Coil
CC-25014113,2017423,330-010-158,2017423_CTX_LK_inductive_07.xlsx,High coil resistance,"Partially soldered the tinned part of the coil wire, soldering defect, process deviation",0.0,,,,,2,VRCUmeasurement [];eeprom_integrity [],eeprom_integrity [],,,,,,,,,,,,,,,,,,,,1,1,,,,,,,,,,,,,,,,,,,,,,,,,,,,,Coil,Coil
CC-25014113,2017423,330-010-158,2017423_CTX_LK_inductive_07.xlsx,High coil resistance,"Partially soldered the tinned part of the coil wire, soldering defect, process deviation",0.0,,,,,2,VRCUmeasurement [];eeprom_integrity [],eeprom_integrity [],,,,,,,,,,,,,,,,,,,,1,1,,,,,,,,,,,,,,,,,,,,,,,,,,,,,Coil,Coil
CC-25014114,2017423,330-010-158,2017423_CTX_LK_inductive_07.xlsx,High coil resistance,"Soldered the insulated part of the coil wire more than the tinned part, soldering defect, process deviation",0.0,,,,,2,VRCUmeasurement [];eeprom_integrity [],eeprom_integrity [],,,,,,,,,,,,,,,,,,,,1,1,,,,,,,,,,,,,,,,,,,,,,,,,,,,,Coil,Coil
CC-25014114,2017423,330-010-158,2017423_CTX_LK_inductive_07.xlsx,High coil resistance,"Soldered the insulated part of the coil wire more than the tinned part, soldering defect, process deviation",0.0,,,,,2,VRCUmeasurement [];eeprom_integrity [],eeprom_integrity [],,,,,,,,,,,,,,,,,,,,1,1,,,,,,,,,,,,,,,,,,,,,,,,,,,,,Coil,Coil
CC-25014114,2017423,330-010-158,2017423_CTX_LK_inductive_07.xlsx,High coil resistance,"Soldered the insulated part of the coil wire more than the tinned part, soldering defect, process deviation",0.0,,,,,2,VRCUmeasurement [];eeprom_integrity [],eeprom_integrity [],,,,,,,,,,,,,,,,,,,,1,1,,,,,,,,,,,,,,,,,,,,,,,,,,,,,Coil,Coil
CC-260311135,1643757,330-020-367,1643757_CTX_LK_inductive_06.xlsx,Eeprom 7026 - No Mechanical Deviation Found,FA suspected root cause ÃÂ¢ÃÂÃÂ possible failure due to final test parameter issue,0.0,,,,,1,eeprom_integrity [],eeprom_integrity [],,,,,,,,,,,,,,,,,,,,1,1,,,,,,,,,,,,,,,,,,,,,,,,,,,,,ASIC / EEPROM,ASIC / EEPROM
CC-260311135,1643757,330-020-367,1643757_CTX_LK_inductive_06.xlsx,Eeprom 7026 - No Mechanical Deviation Found,FA suspected root cause ÃÂ¢ÃÂÃÂ possible failure due to final test parameter issue,0.0,,,,,1,eeprom_integrity [],eeprom_integrity [],,,,,,,,,,,,,,,,,,,,1,1,,,,,,,,,,,,,,,,,,,,,,,,,,,,,ASIC / EEPROM,ASIC / EEPROM
CC-260311135,1643757,330-020-367,1643757_CTX_LK_inductive_06.xlsx,Eeprom 7026 - No Mechanical Deviation Found,FA suspected root cause ÃÂ¢ÃÂÃÂ possible failure due to final test parameter issue,0.0,,,,,1,eeprom_integrity [],eeprom_integrity [],,,,,,,,,,,,,,,,,,,,1,1,,,,,,,,,,,,,,,,,,,,,,,,,,,,,ASIC / EEPROM,ASIC / EEPROM
CC-260311135,1643757,330-020-367,1643757_CTX_LK_inductive_06.xlsx,Eeprom 7026 - No Mechanical Deviation Found,FA suspected root cause ÃÂ¢ÃÂÃÂ possible failure due to final test parameter issue,0.0,,,,,1,eeprom_integrity [],eeprom_integrity [],,,,,,,,,,,,,,,,,,,,1,1,,,,,,,,,,,,,,,,,,,,,,,,,,,,,ASIC / EEPROM,ASIC / EEPROM
CC-260311135,1643757,330-020-367,1643757_CTX_LK_inductive_06.xlsx,Eeprom 7026 - No Mechanical Deviation Found,FA suspected root cause ÃÂ¢ÃÂÃÂ possible failure due to final test parameter issue,0.0,,,,,1,eeprom_integrity [],eeprom_integrity [],,,,,,,,,,,,,,,,,,,,1,1,,,,,,,,,,,,,,,,,,,,,,,,,,,,,ASIC / EEPROM,ASIC / EEPROM
CC-260311135,1643757,330-020-367,1643757_CTX_LK_inductive_06.xlsx,Eeprom 7026 - No Mechanical Deviation Found,FA suspected root cause ÃÂ¢ÃÂÃÂ possible failure due to final test parameter issue,0.0,,,,,1,eeprom_integrity [],eeprom_integrity [],,,,,,,,,,,,,,,,,,,,1,1,,,,,,,,,,,,,,,,,,,,,,,,,,,,,ASIC / EEPROM,ASIC / EEPROM
CC-260311135,1643757,330-020-367,1643757_CTX_LK_inductive_06.xlsx,Eeprom 7026 - No Mechanical Deviation Found,FA suspected root cause ÃÂ¢ÃÂÃÂ possible failure due to final test parameter issue,0.0,,,,,1,eeprom_integrity [],eeprom_integrity [],,,,,,,,,,,,,,,,,,,,1,1,,,,,,,,,,,,,,,,,,,,,,,,,,,,,ASIC / EEPROM,ASIC / EEPROM
CC-260411432,1653938,330-010-010,1653938_CTX_LK_inductive_08.xlsx,Cable and sensor pushed out of the sensor,PCB Assembly has not bonded properly with housing due to insufficient gluing. Definition for amount of glue and area of applications is not so clear enough.,0.0,,,,,2,VRCUmeasurement [];eeprom_integrity [],eeprom_integrity [],,,,,,,,,,,,,,,,,,,,1,1,,,,,,,,,,,,,,,,,,,,,,,,,,,,,Flex / PCB / Solder / Wiring,Flex / PCB / Solder / Wiring
CC-260411432,1653938,330-010-010,1653938_CTX_LK_inductive_08.xlsx,Cable and sensor pushed out of the sensor,PCB Assembly has not bonded properly with housing due to insufficient gluing. Definition for amount of glue and area of applications is not so clear enough.,0.0,,,,,2,IcPreconfig [0/1];eeprom_integrity [],eeprom_integrity [],,,,,,,,,,,,,,,,,,,,0.0,1,,,,,,,,,,,,,,,,,,,,,,,,,,,,,Flex / PCB / Solder / Wiring,Flex / PCB / Solder / Wiring
CC-260411432,1653938,330-010-010,1653938_CTX_LK_inductive_08.xlsx,Cable and sensor pushed out of the sensor,PCB Assembly has not bonded properly with housing due to insufficient gluing. Definition for amount of glue and area of applications is not so clear enough.,0.0,,,,,2,VRCUmeasurement [];eeprom_integrity [],eeprom_integrity [],,,,,,,,,,,,,,,,,,,,1,1,,,,,,,,,,,,,,,,,,,,,,,,,,,,,Flex / PCB / Solder / Wiring,Flex / PCB / Solder / Wiring
CC-260411432,1653938,330-010-010,1653938_CTX_LK_inductive_08.xlsx,Cable and sensor pushed out of the sensor,PCB Assembly has not bonded properly with housing due to insufficient gluing. Definition for amount of glue and area of applications is not so clear enough.,0.0,,,,,2,VRCUmeasurement [];eeprom_integrity [],eeprom_integrity [],,,,,,,,,,,,,,,,,,,,1,1,,,,,,,,,,,,,,,,,,,,,,,,,,,,,Flex / PCB / Solder / Wiring,Flex / PCB / Solder / Wiring
CC-25012476,1485301,330-020-073,1485301_CTX_LK_inductive_04.xlsx,ASIC loose,Suspected material issue with lack of strength of soldering strength between solder balls in the IC and PCAB pads,0.0,,,,,2,VRCUmeasurement [];eeprom_integrity [],eeprom_integrity [],,,,,,,,,,,,,,,,,,,,1,1,,,,,,,,,,,,,,,,,,,,,,,,,,,,,ASIC / EEPROM,ASIC / EEPROM
CC-25012476,1485301,330-020-073,1485301_CTX_LK_inductive_04.xlsx,ASIC loose,Suspected material issue with lack of strength of soldering strength between solder balls in the IC and PCAB pads,0.0,,,,,1,eeprom_integrity [],eeprom_integrity [],,,,,,,,,,,,,,,,,,,,,,,,,,,,,,,,,,,,,,,,,,,,,,,,,,ASIC / EEPROM,ASIC / EEPROM
CC-25012476,1485301,330-020-073,1485301_CTX_LK_inductive_04.xlsx,ASIC loose,Suspected material issue with lack of strength of soldering strength between solder balls in the IC and PCAB pads,0.0,,,,,1,eeprom_integrity [],eeprom_integrity [],,,,,,,,,,,,,,,,,,,,,,,,,,,,,,,,,,,,,,,,,,,,,,,,,,ASIC / EEPROM,ASIC / EEPROM
CC-25012717,1499317,330-020-077,1499317_CTX_LK_inductive_06.xlsx,Coil touch with solder joint,Excess solder on the solder joint between round pcb and other pcb-lack of soldering skills-Operator was under training,0.0,,,,,2,VRCUmeasurement [];eeprom_integrity [],eeprom_integrity [],,,,,,,,,,,,,,,,,,,,1,1,,,,,,,,,,,,,,,,,,,,,,,,,,,,,Coil,Coil
CC-25012717,1499317,330-020-077,1499317_CTX_LK_inductive_06.xlsx,Coil touch with solder joint,Excess solder on the solder joint between round pcb and other pcb-lack of soldering skills-Operator was under training,0.0,,,,,1,eeprom_integrity [],eeprom_integrity [],,,,,,,,,,,,,,,,,,,,,,,,,,,,,,,,,,,,,,,,,,,,,,,,,,Coil,Coil
CC-25012717,1499317,330-020-077,1499317_CTX_LK_inductive_06.xlsx,Coil touch with solder joint,Excess solder on the solder joint between round pcb and other pcb-lack of soldering skills-Operator was under training,0.0,,,,,1,eeprom_integrity [],eeprom_integrity [],,,,,,,,,,,,,,,,,,,,1,1,1,1,1,1,1,0,,,,,,,,,,,,,,,,,,,,,,,Coil,Coil
CC-25012717,1499317,330-020-077,1499317_CTX_LK_inductive_06.xlsx,Coil touch with solder joint,Excess solder on the solder joint between round pcb and other pcb-lack of soldering skills-Operator was under training,0.0,,,,,1,eeprom_integrity [],eeprom_integrity [],,,,,,,,,,,,,,,,,,,,,,,,,,,,,,,,,,,,,,,,,,,,,,,,,,Coil,Coil
CC-25012718,1499317,330-020-077,1499317_CTX_LK_inductive_06.xlsx,Flex damage,"Improper PUR potting and attach Flex PCB to housing, lack of skills, operator was under training",0.0,,,,,2,VRCUmeasurement [];eeprom_integrity [],eeprom_integrity [],,,,,,,,,,,,,,,,,,,,1,1,,,,,,,,,,,,,,,,,,,,,,,,,,,,,Flex / PCB / Solder / Wiring,Flex / PCB / Solder / Wiring
CC-25012718,1499317,330-020-077,1499317_CTX_LK_inductive_06.xlsx,Flex damage,"Improper PUR potting and attach Flex PCB to housing, lack of skills, operator was under training",0.0,,,,,1,eeprom_integrity [],eeprom_integrity [],,,,,,,,,,,,,,,,,,,,,,,,,,,,,,,,,,,,,,,,,,,,,,,,,,Flex / PCB / Solder / Wiring,Flex / PCB / Solder / Wiring
CC-25012718,1499317,330-020-077,1499317_CTX_LK_inductive_06.xlsx,Flex damage,"Improper PUR potting and attach Flex PCB to housing, lack of skills, operator was under training",0.0,,,,,1,eeprom_integrity [],eeprom_integrity [],,,,,,,,,,,,,,,,,,,,1,1,1,1,1,1,1,0,,,,,,,,,,,,,,,,,,,,,,,Flex / PCB / Solder / Wiring,Flex / PCB / Solder / Wiring
CC-24121709,1568761,330-020-359,1568761_CTX_LK_inductive_06.xlsx,Gap between front cap and ferrite,Adhesion issue of loctite 480 (Loctite 480 visible in front cap),16.846,259624,16857587,5593486,1,3,UDist1Unom [V];UDist3Unom [V];UDist4Unom [V],UDist1Unom [V];UDist3Unom [V];UDist4Unom [V],,,6.731,,,,,,,,,0.001,,,,40.957,40.547,,500,1,1,,,,,,,,6.612,9.972,6.612,9.986,9.99,,,,,,,,,,,,,,,,,Dimensional / Alignment,Dimensional / Alignment
CC-24121709,1568761,330-020-359,1568761_CTX_LK_inductive_06.xlsx,Gap between front cap and ferrite,Adhesion issue of loctite 480 (Loctite 480 visible in front cap),4.521,259584,16857438,5612259,1,2,UDist3Unom [V];UDist4Unom [V],UDist3Unom [V];UDist4Unom [V],,,6.912,,,,,,,,,0.002,,,,40.558,41.879,,500,1,1,,,,,,,,0.311,10.335,6.546,9.141,9.963,,,,,,,,,,,,,,,,,Dimensional / Alignment,Dimensional / Alignment
CC-24121709,1568761,330-020-359,1568761_CTX_LK_inductive_06.xlsx,Gap between front cap and ferrite,Adhesion issue of loctite 480 (Loctite 480 visible in front cap),2.477,259631,16857617,5593486,1,2,UDist3Unom [V];UDist4Unom [V],UDist3Unom [V];UDist4Unom [V],,,6.786,,,,,,,,,0.002,,,,40.873,40.631,,500,1,1,,,,,,,,0.272,10.616,5.99,8.84,10.024,,,,,,,,,,,,,,,,,Dimensional / Alignment,Dimensional / Alignment
CC-25013958,1533162,330-020-359,1533162_CTX_LK_inductive_05.xlsx,Gap between ferrite and front cap,Lack of adhesion between cap and ferrite by loctite 480.(Glue is visible in Cap),4.774,233339,16033178,5592230,1,2,UDist3Unom [V];UDist4Unom [V],UDist3Unom [V];UDist4Unom [V],,,6.769,,,,,,,,,0.001,,,,39.15,39.834,,500,1,1,,,,,,,,0.253,10.19,6.126,9.544,10.022,,,,,,,,,,,,,,,,,Dimensional / Alignment,Dimensional / Alignment
CC-25013958,1533162,330-020-359,1533162_CTX_LK_inductive_05.xlsx,Gap between ferrite and front cap,Lack of adhesion between cap and ferrite by loctite 480.(Glue is visible in Cap),4.308,233401,16033353,5592230,1,2,UDist3Unom [V];UDist4Unom [V],UDist3Unom [V];UDist4Unom [V],,,6.689,,,,,,,,,0.001,,,,39.374,39.955,,500,1,1,,,,,,,,0.293,10.475,6.488,9.057,10.006,,,,,,,,,,,,,,,,,Dimensional / Alignment,Dimensional / Alignment
CC-25013958,1533162,330-020-359,1533162_CTX_LK_inductive_05.xlsx,Gap between ferrite and front cap,Lack of adhesion between cap and ferrite by loctite 480.(Glue is visible in Cap),4.175,233393,16033333,5592230,1,2,UDist3Unom [V];UDist4Unom [V],UDist3Unom [V];UDist4Unom [V],,,6.728,,,,,,,,,0.002,,,,39.064,39.855,,500,1,1,,,,,,,,0.284,10.444,6.452,9.021,9.992,,,,,,,,,,,,,,,,,Dimensional / Alignment,Dimensional / Alignment
CC-25013958,1533162,330-020-359,1533162_CTX_LK_inductive_05.xlsx,Gap between ferrite and front cap,Lack of adhesion between cap and ferrite by loctite 480.(Glue is visible in Cap),2.319,233398,16033346,5592230,1,2,UDist3Unom [V];UDist4Unom [V],UDist3Unom [V];UDist4Unom [V],,,6.808,,,,,,,,,0.001,,,,39.587,39.38,,500,1,1,,,,,,,,0.236,10.704,5.947,8.825,10.053,,,,,,,,,,,,,,,,,Dimensional / Alignment,Dimensional / Alignment
CC-25013958,1533162,330-020-359,1533162_CTX_LK_inductive_05.xlsx,Gap between ferrite and front cap,Lack of adhesion between cap and ferrite by loctite 480.(Glue is visible in Cap),1.962,233323,16033137,5592230,1,2,UDist3Unom [V];UDist4Unom [V],UDist3Unom [V];UDist4Unom [V],,,6.994,,,,,,,,,0.001,,,,40.236,40.336,,500,1,1,,,,,,,,0.23,10.6,5.85,8.795,10.01,,,,,,,,,,,,,,,,,Dimensional / Alignment,Dimensional / Alignment
CC-25013958,1533162,330-020-359,1533162_CTX_LK_inductive_05.xlsx,Gap between ferrite and front cap,Lack of adhesion between cap and ferrite by loctite 480.(Glue is visible in Cap),1.657,233319,16033128,5592230,1,2,UDist3Unom [V];UDist4Unom [V],UDist3Unom [V];UDist4Unom [V],,,6.702,,,,,,,,,0.001,,,,39.517,40.121,,500,1,1,,,,,,,,0.239,10.62,5.767,8.748,10.018,,,,,,,,,,,,,,,,,Dimensional / Alignment,Dimensional / Alignment
CC-25013958,1533162,330-020-359,1533162_CTX_LK_inductive_05.xlsx,Gap between ferrite and front cap,Lack of adhesion between cap and ferrite by loctite 480.(Glue is visible in Cap),1.444,233380,16033287,5592230,1,2,UDist3Unom [V];UDist4Unom [V],UDist3Unom [V];UDist4Unom [V],,,6.741,,,,,,,,,0.001,,,,39.258,39.746,,500,1,1,,,,,,,,0.214,10.659,5.709,8.709,10.006,,,,,,,,,,,,,,,,,Dimensional / Alignment,Dimensional / Alignment
CC-25012950,1512943,330-020-373,1512943_CTX_LK_inductive_01.xlsx,Gap between ferrite and front cap,Marginally excess glue applied on ferrites,4.084,205755,15126339,5592941,1,3,UDist3Unom [V];UDist4Unom [V];IDist3Unom [mA],UDist3Unom [V];UDist4Unom [V];IDist3Unom [mA],,,11.73,,,,,,,,,0,,,,39.98,41.2,,500,1,1,,,,,,,,0.06,10.31,6.0,8.71,9.73,35.83,3.97,20.32,13.69,17.81,19.39,,,,,,,,,,,Dimensional / Alignment,Dimensional / Alignment
CC-25012950,1512943,330-020-373,1512943_CTX_LK_inductive_01.xlsx,Gap between ferrite and front cap,Marginally excess glue applied on ferrites,3.911,205733,15126222,5592941,1,2,UDist3Unom [V];IDist3Unom [mA],UDist3Unom [V];IDist3Unom [mA],,,11.87,,,,,,,,,0,,,,40.37,40.69,,500,1,1,,,,,,,,0.08,10.36,6.0,8.65,9.74,35.4,4.02,20.42,13.52,17.7,19.44,,,,,,,,,,,Dimensional / Alignment,Dimensional / Alignment
CC-25012950,1512943,330-020-373,1512943_CTX_LK_inductive_01.xlsx,Gap between ferrite and front cap,Marginally excess glue applied on ferrites,3.911,205702,15125953,5592941,1,2,UDist3Unom [V];IDist3Unom [mA],UDist3Unom [V];IDist3Unom [mA],,,10.26,,,,,,,,,0,,,,39.93,41.08,,500,1,1,,,,,,,,0.05,10.34,6.0,8.67,9.73,35.6,4.02,20.4,13.51,17.71,19.46,,,,,,,,,,,Dimensional / Alignment,Dimensional / Alignment
CC-25012950,1512943,330-020-373,1512943_CTX_LK_inductive_01.xlsx,Gap between ferrite and front cap,Marginally excess glue applied on ferrites,3.802,205658,15125739,5592941,1,2,UDist3Unom [V];IDist3Unom [mA],UDist3Unom [V];IDist3Unom [mA],,,10.31,,,,,,,,,0,,,,39.77,41.34,,500,1,1,,,,,,,,0.08,10.36,5.98,8.64,9.73,35.3,4.05,20.51,13.5,17.78,19.5,,,,,,,,,,,Dimensional / Alignment,Dimensional / Alignment
CC-25012950,1512943,330-020-373,1512943_CTX_LK_inductive_01.xlsx,Gap between ferrite and front cap,Marginally excess glue applied on ferrites,3.748,205686,15125874,5592941,1,2,UDist3Unom [V];IDist3Unom [mA],UDist3Unom [V];IDist3Unom [mA],,,11.78,,,,,,,,,0,,,,40.1,41.45,,500,1,1,,,,,,,,0.08,10.38,5.97,8.62,9.74,35.65,4.08,20.51,13.51,17.72,19.47,,,,,,,,,,,Dimensional / Alignment,Dimensional / Alignment
CC-25012950,1512943,330-020-373,1512943_CTX_LK_inductive_01.xlsx,Gap between ferrite and front cap,Marginally excess glue applied on ferrites,3.694,205747,15126298,5592941,1,2,UDist3Unom [V];IDist3Unom [mA],UDist3Unom [V];IDist3Unom [mA],,,11.85,,,,,,,,,0,,,,40.1,41.71,,500,1,1,,,,,,,,0.01,10.35,5.96,8.63,9.72,35.46,3.98,20.49,13.46,17.71,19.49,,,,,,,,,,,Dimensional / Alignment,Dimensional / Alignment
CC-25012950,1512943,330-020-373,1512943_CTX_LK_inductive_01.xlsx,Gap between ferrite and front cap,Marginally excess glue applied on ferrites,3.585,205710,15125993,5592941,1,2,UDist3Unom [V];IDist3Unom [mA],UDist3Unom [V];IDist3Unom [mA],,,11.87,,,,,,,,,0,,,,40.15,41.62,,500,1,1,,,,,,,,0.08,10.37,5.94,8.62,9.72,35.44,4.04,20.44,13.37,17.65,19.42,,,,,,,,,,,Dimensional / Alignment,Dimensional / Alignment
CC-25012950,1512943,330-020-373,1512943_CTX_LK_inductive_01.xlsx,Gap between ferrite and front cap,Marginally excess glue applied on ferrites,3.531,205699,15125938,5592941,1,2,UDist3Unom [V];IDist3Unom [mA],UDist3Unom [V];IDist3Unom [mA],,,10.31,,,,,,,,,0,,,,39.67,41.81,,500,1,1,,,,,,,,0.07,10.35,5.93,8.61,9.71,35.27,4.07,20.47,13.43,17.69,19.47,,,,,,,,,,,Dimensional / Alignment,Dimensional / Alignment
CC-25012950,1512943,330-020-373,1512943_CTX_LK_inductive_01.xlsx,Gap between ferrite and front cap,Marginally excess glue applied on ferrites,3.314,205750,15126314,5592941,1,2,UDist3Unom [V];IDist3Unom [mA],UDist3Unom [V];IDist3Unom [mA],,,11.94,,,,,,,,,0,,,,39.75,41.13,,500,1,1,,,,,,,,0.03,10.37,5.89,8.59,9.72,35.17,4.01,20.45,13.32,17.6,19.44,,,,,,,,,,,Dimensional / Alignment,Dimensional / Alignment
CC-25012950,1512943,330-020-373,1512943_CTX_LK_inductive_01.xlsx,Gap between ferrite and front cap,Marginally excess glue applied on ferrites,3.259,205703,15125962,5592941,1,2,UDist3Unom [V];IDist3Unom [mA],UDist3Unom [V];IDist3Unom [mA],,,11.85,,,,,,,,,0,,,,40.32,41.24,,500,1,1,,,,,,,,0.09,10.38,5.88,8.63,9.74,35.43,4.06,20.5,13.33,17.69,19.47,,,,,,,,,,,Dimensional / Alignment,Dimensional / Alignment
CC-25012950,1512943,330-020-373,1512943_CTX_LK_inductive_01.xlsx,Gap between ferrite and front cap,Marginally excess glue applied on ferrites,3.205,205714,15126096,5592941,1,2,UDist3Unom [V];IDist3Unom [mA],UDist3Unom [V];IDist3Unom [mA],,,11.94,,,,,,,,,0,,,,40.44,41.24,,500,1,1,,,,,,,,0.02,10.37,5.87,8.59,9.72,35.11,4,20.57,13.37,17.72,19.52,,,,,,,,,,,Dimensional / Alignment,Dimensional / Alignment
CC-25012950,1512943,330-020-373,1512943_CTX_LK_inductive_01.xlsx,Gap between ferrite and front cap,Marginally excess glue applied on ferrites,3.151,205659,15125748,5592941,1,2,UDist3Unom [V];IDist3Unom [mA],UDist3Unom [V];IDist3Unom [mA],,,11.88,,,,,,,,,0,,,,40.15,41.42,,500,1,1,,,,,,,,0.05,10.38,5.86,8.61,9.72,35.39,4.01,20.52,13.32,17.71,19.48,,,,,,,,,,,Dimensional / Alignment,Dimensional / Alignment
CC-25012950,1512943,330-020-373,1512943_CTX_LK_inductive_06.xlsx,Gap between ferrite and front cap,Marginally excess glue applied on ferrites,3.135,205755,15126339,5592941,1,1,UDist3Unom [V],UDist3Unom [V],,,11.658,,,,,,,,,0.002,,,,39.962,40.55,,500,1,1,,,,,,,,0.077,10.448,5.857,8.635,9.782,39.599,3.999,20.451,13.185,17.584,19.397,,,,,,,,,,,Dimensional / Alignment,Dimensional / Alignment
CC-25012950,1512943,330-020-373,1512943_CTX_LK_inductive_06.xlsx,Gap between ferrite and front cap,Marginally excess glue applied on ferrites,3.113,205747,15126298,5592941,1,1,UDist3Unom [V],UDist3Unom [V],,,11.778,,,,,,,,,0.002,,,,40.074,41.065,,500,1,1,,,,,,,,0.092,10.455,5.853,8.617,9.774,40.385,4.089,20.567,13.253,17.646,19.49,,,,,,,,,,,Dimensional / Alignment,Dimensional / Alignment
CC-25013683,2011805,330-010-085,2011805_CTX_LK_inductive_01.xlsx,LED not lightup,No method of testing to check the LED light up after flex bending in assembly,247.123,1105589,15747960,5592225,1,2,ILedOn [mA];IconsHorsCharge [mA],ILedOn [mA],5.76,5.28,43.13,42.56,300,0.79,0,7.75,26.58,0,0,0,0.66,0,41,40.77,39.9,1,500,1,1,1,1,1,1,1,1,1,,,,,,,,,,,,,,,,,,,,,,LED,Other / Minor Defects
CC-25013681,2011805,330-010-085,2011805_CTX_LK_inductive_01.xlsx,LED not lightup,"Marginal disconnection on flex LED solder pad, suspected excess bending from assembly, no method to test the functionality of LED due to untested PCBAs",247.123,1105589,15747960,5592225,1,2,ILedOn [mA];IconsHorsCharge [mA],ILedOn [mA],5.76,5.28,43.13,42.56,300,0.79,0,7.75,26.58,0,0,0,0.66,0,41,40.77,39.9,1,500,1,1,1,1,1,1,1,1,1,,,,,,,,,,,,,,,,,,,,,,LED,Other / Minor Defects
CC-25013682,2011805,330-010-085,2011805_CTX_LK_inductive_01.xlsx,LED not lightup,Suspected flex damage near LED solder pads at the assembly due to marginal excess bending-No information in assembly for bending the flex PCBA near the LED,247.123,1105589,15747960,5592225,1,2,ILedOn [mA];IconsHorsCharge [mA],ILedOn [mA],5.76,5.28,43.13,42.56,300,0.79,0,7.75,26.58,0,0,0,0.66,0,41,40.77,39.9,1,500,1,1,1,1,1,1,1,1,1,,,,,,,,,,,,,,,,,,,,,,LED,Other / Minor Defects
CC-25013680,2011805,330-010-085,2011805_CTX_LK_inductive_01.xlsx,LED not lightup,No method of testing to check the LED light up after flex bending in assembly,247.123,1105589,15747960,5592225,1,2,ILedOn [mA];IconsHorsCharge [mA],ILedOn [mA],5.76,5.28,43.13,42.56,300,0.79,0,7.75,26.58,0,0,0,0.66,0,41,40.77,39.9,1,500,1,1,1,1,1,1,1,1,1,,,,,,,,,,,,,,,,,,,,,,LED,Other / Minor Defects
CC-25013684,2011805,330-010-085,2011805_CTX_LK_inductive_01.xlsx,LED not lightup,"Marginal disconnection on flex LED solder pad, suspected excess bending from assembly, no method to test the functionality of LED due to untested PCBAs",247.123,1105589,15747960,5592225,1,2,ILedOn [mA];IconsHorsCharge [mA],ILedOn [mA],5.76,5.28,43.13,42.56,300,0.79,0,7.75,26.58,0,0,0,0.66,0,41,40.77,39.9,1,500,1,1,1,1,1,1,1,1,1,,,,,,,,,,,,,,,,,,,,,,LED,Other / Minor Defects
CC-25012319,1488772,330-020-065,1488772_CTX_LK_inductive_01.xlsx,ASIC loose,"Under investigation by PE, QM & HQ",0.0,,,,,1,eeprom_integrity [],eeprom_integrity [],,,,,,,,,,,,,,,,,,,,,,,,,,,,,,,,,,,,,,,,,,,,,,,,,,ASIC / EEPROM,ASIC / EEPROM
CC-25012319,1488772,330-020-065,1488772_CTX_LK_inductive_01.xlsx,ASIC loose,"Under investigation by PE, QM & HQ",0.0,,,,,1,eeprom_integrity [],eeprom_integrity [],,,,,,,,,,,,,,,,,,,,,,,,,,,,,,,,,,,,,,,,,,,,,,,,,,ASIC / EEPROM,ASIC / EEPROM
CC-25012319,1488772,330-020-065,1488772_CTX_LK_inductive_01.xlsx,ASIC loose,"Under investigation by PE, QM & HQ",0.0,,,,,1,eeprom_integrity [],eeprom_integrity [],,,,,,,,,,,,,,,,,,,,,,,,,,,,,,,,,,,,,,,,,,,,,,,,,,ASIC / EEPROM,ASIC / EEPROM
CC-251210060,1631479,330-020-017,1631479_CTX_LK_inductive_02.xlsx,Coil damage,Coil damage due to poor coil soldering procedure. Lack of attention of the operator.,0.0,,,,,2,VRCUmeasurement [];eeprom_integrity [],eeprom_integrity [],,,,,,,,,,,,,,,,,,,,1,1,,,,,,,,,,,,,,,,,,,,,,,,,,,,,Coil,Coil
CC-251210060,1631479,330-020-017,1631479_CTX_LK_inductive_02.xlsx,Coil damage,Coil damage due to poor coil soldering procedure. Lack of attention of the operator.,0.0,,,,,2,VRCUmeasurement [];eeprom_integrity [],eeprom_integrity [],,,,,,,,,,,,,,,,,,,,1,1,,,,,,,,,,,,,,,,,,,,,,,,,,,,,Coil,Coil
CC-251210060,1631479,330-020-017,1631479_CTX_LK_inductive_02.xlsx,Coil damage,Coil damage due to poor coil soldering procedure. Lack of attention of the operator.,0.0,,,,,1,eeprom_integrity [],eeprom_integrity [],,,,,,,,,,,,,,,,,,,,,,,,,,,,,,,,,,,,,,,,,,,,,,,,,,Coil,Coil
CC-251210060,1631479,330-020-017,1631479_CTX_LK_inductive_02.xlsx,Coil damage,Coil damage due to poor coil soldering procedure. Lack of attention of the operator.,0.0,,,,,2,VRCUmeasurement [];eeprom_integrity [],eeprom_integrity [],,,,,,,,,,,,,,,,,,,,1,1,,,,,,,,,,,,,,,,,,,,,,,,,,,,,Coil,Coil
CC-251210060,1631479,330-020-017,1631479_CTX_LK_inductive_02.xlsx,Coil damage,Coil damage due to poor coil soldering procedure. Lack of attention of the operator.,0.0,,,,,1,eeprom_integrity [],eeprom_integrity [],,,,,,,,,,,,,,,,,,,,1,1,1,1,1,1,1,0,,,,,,,,,,,,,,,,,,,,,,,Coil,Coil
CC-260511738,1653954,330-020-335,1653954_CTX_LK_inductive_05.xlsx,Eeprom 7015 - Coil damage,Possible coil damaged when separating the coil wires due to raw material issue (coil wires too close),0.0,,,,,2,VRCUmeasurement [];eeprom_integrity [],eeprom_integrity [],,,,,,,,,,,,,,,,,,,,1,1,,,,,,,,,,,,,,,,,,,,,,,,,,,,,Coil,Coil
CC-260511738,1653954,330-020-335,1653954_CTX_LK_inductive_05.xlsx,Eeprom 7015 - Coil damage,Possible coil damaged when separating the coil wires due to raw material issue (coil wires too close),0.0,,,,,2,VRCUmeasurement [];eeprom_integrity [],eeprom_integrity [],,,,,,,,,,,,,,,,,,,,1,1,,,,,,,,,,,,,,,,,,,,,,,,,,,,,Coil,Coil
CC-260511738,1653954,330-020-335,1653954_CTX_LK_inductive_05.xlsx,Eeprom 7015 - Coil damage,Possible coil damaged when separating the coil wires due to raw material issue (coil wires too close),0.0,,,,,2,VRCUmeasurement [];eeprom_integrity [],eeprom_integrity [],,,,,,,,,,,,,,,,,,,,1,1,,,,,,,,,,,,,,,,,,,,,,,,,,,,,Coil,Coil
CC-260712578,1670935,330-020-051,1670935_CTX_LK_inductive_06.xlsx,Eeprom 7015 - Coil damage,Possible coil damaged when separating the coil wires due to raw material issue (coil wires too close),0.0,,,,,2,VRCUmeasurement [];eeprom_integrity [],eeprom_integrity [],,,,,,,,,,,,,,,,,,,,1,1,,,,,,,,,,,,,,,,,,,,,,,,,,,,,Coil,Coil
CC-260712578,1670935,330-020-051,1670935_CTX_LK_inductive_06.xlsx,Eeprom 7015 - Coil damage,Possible coil damaged when separating the coil wires due to raw material issue (coil wires too close),0.0,,,,,2,VRCUmeasurement [];eeprom_integrity [],eeprom_integrity [],,,,,,,,,,,,,,,,,,,,1,1,,,,,,,,,,,,,,,,,,,,,,,,,,,,,Coil,Coil
CC-260712578,1670935,330-020-051,1670935_CTX_LK_inductive_06.xlsx,Eeprom 7015 - Coil damage,Possible coil damaged when separating the coil wires due to raw material issue (coil wires too close),0.0,,,,,2,VRCUmeasurement [];eeprom_integrity [],eeprom_integrity [],,,,,,,,,,,,,,,,,,,,1,1,,,,,,,,,,,,,,,,,,,,,,,,,,,,,Coil,Coil
CC-25012412,1485227,330-020-073,1485227_CTX_LK_inductive_05.xlsx,Flex damage,Not checked if flex PCBA is stuck with housing due to potting and heat if needed,0.0,,,,,1,eeprom_integrity [],eeprom_integrity [],,,,,,,,,,,,,,,,,,,,,,,,,,,,,,,,,,,,,,,,,,,,,,,,,,Flex / PCB / Solder / Wiring,Flex / PCB / Solder / Wiring
CC-25012412,1485227,330-020-073,1485227_CTX_LK_inductive_05.xlsx,Flex damage,Not checked if flex PCBA is stuck with housing due to potting and heat if needed,0.0,,,,,1,eeprom_integrity [],eeprom_integrity [],,,,,,,,,,,,,,,,,,,,,,,,,,,,,,,,,,,,,,,,,,,,,,,,,,Flex / PCB / Solder / Wiring,Flex / PCB / Solder / Wiring
CC-25012984,2008781,330-010-010,2008781_CTX_LK_inductive_06.xlsx,ASIC loose,Suspected lack of solder bond between ASIC balls and solder pads of PCBA,0.0,,,,,1,eeprom_integrity [],eeprom_integrity [],,,,,,,,,,,,,,,,,,,,,,,,,,,,,,,,,,,,,,,,,,,,,,,,,,ASIC / EEPROM,ASIC / EEPROM
CC-25012984,2008781,330-010-010,2008781_CTX_LK_inductive_06.xlsx,ASIC loose,Suspected lack of solder bond between ASIC balls and solder pads of PCBA,0.0,,,,,1,eeprom_integrity [],eeprom_integrity [],,,,,,,,,,,,,,,,,,,,,,,,,,,,,,,,,,,,,,,,,,,,,,,,,,ASIC / EEPROM,ASIC / EEPROM
CC-25012984,2008781,330-010-010,2008781_CTX_LK_inductive_06.xlsx,ASIC loose,Suspected lack of solder bond between ASIC balls and solder pads of PCBA,0.0,,,,,1,eeprom_integrity [],eeprom_integrity [],,,,,,,,,,,,,,,,,,,,,,,,,,,,,,,,,,,,,,,,,,,,,,,,,,ASIC / EEPROM,ASIC / EEPROM
CC-25012964,1512944,330-020-374,1512944_CTX_LK_inductive_02.xlsx,Gap between ferrite and front cap,"Marginal excess glue, failed in tester 6, but passed 9 pcs out of total 12 in tester 5, Deviations in tester 05",19.457,205816,15126794,5592941,1,4,UDist3Unom [V];UDist4Unom [V];IDist4Unom [mA];IDist5Unom [mA],UDist3Unom [V];UDist4Unom [V];IDist4Unom [mA];IDist5Unom [mA],,,12.15,,,,,,,,,0,,,,40.31,41.62,,500,1,1,,,,,,,,1.13,2.24,4.52,7.72,10.35,33.95,5.74,7.46,11.22,16.25,21.67,,,,,,,,,,,Dimensional / Alignment,Dimensional / Alignment
CC-25012964,1512944,330-020-374,1512944_CTX_LK_inductive_02.xlsx,Gap between ferrite and front cap,"Marginal excess glue, failed in tester 6, but passed 9 pcs out of total 12 in tester 5, Deviations in tester 05",13.563,205778,15126588,5592941,1,2,UDist5Unom [V];IDist5Unom [mA],UDist5Unom [V];IDist5Unom [mA],,,11.44,,,,,,,,,0,,,,39.79,40.74,,500,1,1,,,,,,,,1.06,1.98,4.01,6.74,9.53,35.91,5.61,7.05,10.33,14.63,19.03,,,,,,,,,,,Dimensional / Alignment,Dimensional / Alignment
CC-25012964,1512944,330-020-374,1512944_CTX_LK_inductive_06.xlsx,Gap between ferrite and front cap,"Marginal excess glue, failed in tester 6, but passed 9 pcs out of total 12 in tester 5, Deviations in tester 05",5.234,205811,15126763,5592941,1,5,UDist2Unom [V];UDist3Unom [V];UDist4Unom [V];IDist3Unom [mA];IDist4Unom [mA],UDist2Unom [V];UDist3Unom [V];UDist4Unom [V];IDist3Unom [mA];IDist4Unom [mA],,,11.88,,,,,,,,,0.002,,,,40.211,40.018,,500,1,1,,,,,,,,1.193,2.509,4.779,7.523,10.085,40.078,5.822,7.907,11.528,15.889,19.956,,,,,,,,,,,Dimensional / Alignment,Dimensional / Alignment
CC-25013931,1530853,330-020-396,1530853_CTX_LK_inductive_07.xlsx,Gap between ferrite and front cap,"Applied excess glue on ferrite, suspected reworked the caps with additional glue when caps are removed during the process",8.212,225537,15982263,5592230,1,4,UDist3Unom [V];UDist4Unom [V];IDist3Unom [mA];IDist4Unom [mA],UDist3Unom [V];UDist4Unom [V];IDist3Unom [mA];IDist4Unom [mA],,,10.264,,,,,,,,,0,,,,39.94,39.87,,500,1,1,,,,,,,,0.386,10.472,6.557,9.163,10.048,39.562,4.559,20.578,14.352,18.491,19.898,,,,,,,,,,,Dimensional / Alignment,Dimensional / Alignment
CC-25013931,1530853,330-020-396,1530853_CTX_LK_inductive_07.xlsx,Gap between ferrite and front cap,"Applied excess glue on ferrite, suspected reworked the caps with additional glue when caps are removed during the process",3.972,225554,15982362,5592230,1,2,UDist3Unom [V];IDist3Unom [mA],UDist3Unom [V];IDist3Unom [mA],,,10.279,,,,,,,,,0,,,,38.922,40.112,,500,1,1,,,,,,,,0.269,10.626,5.781,8.902,10.06,39.453,4.405,20.808,13.128,18.066,19.903,,,,,,,,,,,Dimensional / Alignment,Dimensional / Alignment
CC-25013931,1530853,330-020-396,1530853_CTX_LK_inductive_07.xlsx,Gap between ferrite and front cap,"Applied excess glue on ferrite, suspected reworked the caps with additional glue when caps are removed during the process",3.138,225590,15982539,5592230,1,4,IDist1Unom [mA];IDist3Unom [mA];IDist4Unom [mA];IDist5Unom [mA],IDist1Unom [mA];IDist3Unom [mA];IDist4Unom [mA];IDist5Unom [mA],,,10.465,,,,,,,,,0.001,,,,40.181,40.517,,500,1,1,,,,,,,,0.181,10.766,5.193,8.634,10.039,40.112,5.387,22.162,13.32,18.768,20.999,,,,,,,,,,,Dimensional / Alignment,Dimensional / Alignment
CC-25013933,1530853,330-020-396,1530853_CTX_LK_inductive_07.xlsx,Gap between ferrite and front cap,"Applied excess glue on ferrite, suspected reworked the caps with additional glue when caps are removed during the process",8.212,225537,15982263,5592230,1,4,UDist3Unom [V];UDist4Unom [V];IDist3Unom [mA];IDist4Unom [mA],UDist3Unom [V];UDist4Unom [V];IDist3Unom [mA];IDist4Unom [mA],,,10.264,,,,,,,,,0,,,,39.94,39.87,,500,1,1,,,,,,,,0.386,10.472,6.557,9.163,10.048,39.562,4.559,20.578,14.352,18.491,19.898,,,,,,,,,,,Dimensional / Alignment,Dimensional / Alignment
CC-25013933,1530853,330-020-396,1530853_CTX_LK_inductive_07.xlsx,Gap between ferrite and front cap,"Applied excess glue on ferrite, suspected reworked the caps with additional glue when caps are removed during the process",3.972,225554,15982362,5592230,1,2,UDist3Unom [V];IDist3Unom [mA],UDist3Unom [V];IDist3Unom [mA],,,10.279,,,,,,,,,0,,,,38.922,40.112,,500,1,1,,,,,,,,0.269,10.626,5.781,8.902,10.06,39.453,4.405,20.808,13.128,18.066,19.903,,,,,,,,,,,Dimensional / Alignment,Dimensional / Alignment
CC-25013933,1530853,330-020-396,1530853_CTX_LK_inductive_07.xlsx,Gap between ferrite and front cap,"Applied excess glue on ferrite, suspected reworked the caps with additional glue when caps are removed during the process",3.138,225590,15982539,5592230,1,4,IDist1Unom [mA];IDist3Unom [mA];IDist4Unom [mA];IDist5Unom [mA],IDist1Unom [mA];IDist3Unom [mA];IDist4Unom [mA];IDist5Unom [mA],,,10.465,,,,,,,,,0.001,,,,40.181,40.517,,500,1,1,,,,,,,,0.181,10.766,5.193,8.634,10.039,40.112,5.387,22.162,13.32,18.768,20.999,,,,,,,,,,,Dimensional / Alignment,Dimensional / Alignment
CC-25014455,1562412,330-020-359,1562412_CTX_LK_inductive_06.xlsx,Gap between ferrite and front cap,Adhesion issue between ferrite and cap by loctite 480. (Glue is visible in Cap),3.098,250595,16542410,5592230,1,2,UDist3Unom [V];UDist4Unom [V],UDist3Unom [V];UDist4Unom [V],,,6.851,,,,,,,,,0.002,,,,38.886,39.402,,500,1,1,,,,,,,,0.3,10.576,6.159,8.914,10.033,,,,,,,,,,,,,,,,,Dimensional / Alignment,Dimensional / Alignment
CC-25014455,1562412,330-020-359,1562412_CTX_LK_inductive_06.xlsx,Gap between ferrite and front cap,Adhesion issue between ferrite and cap by loctite 480. (Glue is visible in Cap),1.863,250651,16542582,5592230,1,2,UDist3Unom [V];UDist4Unom [V],UDist3Unom [V];UDist4Unom [V],,,6.804,,,,,,,,,0.002,,,,39.765,40.362,,500,1,1,,,,,,,,0.2,10.666,5.823,8.779,10.041,,,,,,,,,,,,,,,,,Dimensional / Alignment,Dimensional / Alignment
CC-25014455,1562412,330-020-359,1562412_CTX_LK_inductive_06.xlsx,Gap between ferrite and front cap,Adhesion issue between ferrite and cap by loctite 480. (Glue is visible in Cap),0.97,250620,16542475,5592230,1,1,UDist4Unom [V],UDist4Unom [V],,,6.802,,,,,,,,,0.003,,,,38.721,40.3,,500,1,1,,,,,,,,0.217,10.658,5.684,8.717,10.025,,,,,,,,,,,,,,,,,Dimensional / Alignment,Dimensional / Alignment
CC-25014455,1562412,330-020-359,1562412_CTX_LK_inductive_06.xlsx,Gap between ferrite and front cap,Adhesion issue between ferrite and cap by loctite 480. (Glue is visible in Cap),0.818,250653,16542601,5592230,1,1,UDist4Unom [V],UDist4Unom [V],,,6.833,,,,,,,,,0.002,,,,40.02,40.247,,500,1,1,,,,,,,,0.263,10.731,5.684,8.684,10.007,,,,,,,,,,,,,,,,,Dimensional / Alignment,Dimensional / Alignment
CC-24121599,1569810,330-020-356,1569810_CTX_LK_inductive_05.xlsx,Gap between ferrite and front cap,Lack of adhesion between cap and ferrite by loctite 480.(Glue is visible in Cap),10.878,257478,16796895,5612259,1,3,UDist1Unom [V];UDist3Unom [V];UDist4Unom [V],UDist1Unom [V];UDist3Unom [V];UDist4Unom [V],,,6.554,,,,,,,,,0.002,,,,40.243,40.822,,500,1,1,,,,,,,,0.662,4.948,4.657,4.884,4.935,,,,,,,,,,,,,,,,,Dimensional / Alignment,Dimensional / Alignment
CC-24121599,1569810,330-020-356,1569810_CTX_LK_inductive_05.xlsx,Gap between ferrite and front cap,Lack of adhesion between cap and ferrite by loctite 480.(Glue is visible in Cap),1.198,257485,16796926,5612259,1,2,UDist3Unom [V];UDist4Unom [V],UDist3Unom [V];UDist4Unom [V],,,6.689,,,,,,,,,0.001,,,,39.889,40.677,,500,1,1,,,,,,,,0.055,5.437,2.327,4.038,4.931,,,,,,,,,,,,,,,,,Dimensional / Alignment,Dimensional / Alignment
CC-24121599,1569810,330-020-356,1569810_CTX_LK_inductive_05.xlsx,Gap between ferrite and front cap,Lack of adhesion between cap and ferrite by loctite 480.(Glue is visible in Cap),1.126,257490,16796946,5612259,1,2,UDist3Unom [V];UDist4Unom [V],UDist3Unom [V];UDist4Unom [V],,,6.696,,,,,,,,,0.001,,,,40.711,40.974,,500,1,1,,,,,,,,0.055,5.425,2.341,4.031,4.91,,,,,,,,,,,,,,,,,Dimensional / Alignment,Dimensional / Alignment
CC-24121599,1569810,330-020-356,1569810_CTX_LK_inductive_05.xlsx,Gap between ferrite and front cap,Lack of adhesion between cap and ferrite by loctite 480.(Glue is visible in Cap),0.882,257468,16796844,5612259,1,1,UDist3Unom [V],UDist3Unom [V],,,6.666,,,,,,,,,0.001,,,,39.786,41.135,,500,1,1,,,,,,,,0.055,5.388,2.388,4.077,4.928,,,,,,,,,,,,,,,,,Dimensional / Alignment,Dimensional / Alignment
CC-24121599,1569810,330-020-356,1569810_CTX_LK_inductive_05.xlsx,Gap between ferrite and front cap,Lack of adhesion between cap and ferrite by loctite 480.(Glue is visible in Cap),0.876,257476,16796883,5612259,1,1,UDist3Unom [V],UDist3Unom [V],,,6.644,,,,,,,,,0.001,,,,40.376,41.139,,500,1,1,,,,,,,,0.054,5.353,2.389,4.063,4.903,,,,,,,,,,,,,,,,,Dimensional / Alignment,Dimensional / Alignment
CC-24121599,1569810,330-020-356,1569810_CTX_LK_inductive_05.xlsx,Gap between ferrite and front cap,Lack of adhesion between cap and ferrite by loctite 480.(Glue is visible in Cap),0.845,257477,16796889,5612259,1,1,UDist3Unom [V],UDist3Unom [V],,,6.516,,,,,,,,,0.002,,,,40.169,41.102,,500,1,1,,,,,,,,0.056,5.376,2.395,4.066,4.912,,,,,,,,,,,,,,,,,Dimensional / Alignment,Dimensional / Alignment
CC-260812950,1676267,330-020-396,1676267_CTX_LK_inductive_05.xlsx,ferrite not centered,Worn-out tool part holder 301 484 and misalignment of ferrite due to that,20.251,370474,19912857,5588463,1,5,IDist1Unom [mA];IDist2Unom [mA];IDist3Unom [mA];IDist4Unom [mA];IDist5Unom [mA],IDist1Unom [mA];IDist2Unom [mA];IDist3Unom [mA];IDist4Unom [mA];IDist5Unom [mA],,,11.439,,,,,,,,,0.002,,,,39.146,40.254,,500,1,1,,,,,,,,0.239,11.061,4.812,8.418,10.088,39.14,10.0,100.0,100.0,100.0,100.0,,,,,,,,,,,Dimensional / Alignment,Dimensional / Alignment
CC-260812950,1676267,330-020-396,1676267_CTX_LK_inductive_05.xlsx,ferrite not centered,Worn-out tool part holder 301 484 and misalignment of ferrite due to that,11.528,370373,19912610,5588463,1,4,UDist3Unom [V];UDist4Unom [V];IDist3Unom [mA];IDist4Unom [mA],UDist3Unom [V];UDist4Unom [V];IDist3Unom [mA];IDist4Unom [mA],,,11.908,,,,,,,,,0.001,,,,39.862,40.738,,500,1,1,,,,,,,,0.379,10.3,5.793,10.31,10.3,40.2,4.603,20.28,13.177,20.295,20.279,,,,,,,,,,,Dimensional / Alignment,Dimensional / Alignment
CC-260812950,1676267,330-020-396,1676267_CTX_LK_inductive_05.xlsx,ferrite not centered,Worn-out tool part holder 301 484 and misalignment of ferrite due to that,1.896,370472,19912851,5588463,1,2,UDist3Unom [V];IDist3Unom [mA],UDist3Unom [V];IDist3Unom [mA],,,11.375,,,,,,,,,0.001,,,,39.718,40.832,,500,1,1,,,,,,,,0.196,11.051,4.707,8.338,10.043,40.161,4.285,21.429,11.407,17.145,19.85,,,,,,,,,,,Dimensional / Alignment,Dimensional / Alignment
CC-260812950,1676267,330-020-396,1676267_CTX_LK_inductive_05.xlsx,ferrite not centered,Worn-out tool part holder 301 484 and misalignment of ferrite due to that,1.743,370410,19912688,5588463,1,1,UDist3Unom [V],UDist3Unom [V],,,11.28,,,,,,,,,0.001,,,,40.827,41.231,,500,1,1,,,,,,,,0.211,11.093,4.735,8.381,10.096,40.596,4.33,21.644,11.521,17.333,20.059,,,,,,,,,,,Dimensional / Alignment,Dimensional / Alignment
CC-260812950,1676267,330-020-396,1676267_CTX_LK_inductive_05.xlsx,ferrite not centered,Worn-out tool part holder 301 484 and misalignment of ferrite due to that,1.683,370449,19912777,5588463,1,2,UDist3Unom [V];IDist3Unom [mA],UDist3Unom [V];IDist3Unom [mA],,,11.336,,,,,,,,,0.001,,,,39.732,40.763,,500,1,1,,,,,,,,0.239,11.101,4.746,8.388,10.103,40.072,4.318,21.528,11.456,17.235,19.943,,,,,,,,,,,Dimensional / Alignment,Dimensional / Alignment
CC-260812950,1676267,330-020-396,1676267_CTX_LK_inductive_05.xlsx,ferrite not centered,Worn-out tool part holder 301 484 and misalignment of ferrite due to that,1.65,370473,19912854,5588463,1,2,UDist3Unom [V];IDist3Unom [mA],UDist3Unom [V];IDist3Unom [mA],,,11.231,,,,,,,,,0.001,,,,39.835,40.822,,500,1,1,,,,,,,,0.217,10.996,4.752,8.36,10.03,40.222,4.302,21.371,11.482,17.201,19.846,,,,,,,,,,,Dimensional / Alignment,Dimensional / Alignment
CC-260812950,1676267,330-020-396,1676267_CTX_LK_inductive_05.xlsx,ferrite not centered,Worn-out tool part holder 301 484 and misalignment of ferrite due to that,1.486,370411,19912691,5588463,1,1,UDist3Unom [V],UDist3Unom [V],,,11.462,,,,,,,,,0.001,,,,39.575,40.812,,500,1,1,,,,,,,,0.173,10.979,4.782,8.361,10.012,40.338,4.236,21.358,11.537,17.215,19.828,,,,,,,,,,,Dimensional / Alignment,Dimensional / Alignment
CC-260712713,1671346,330-020-076,1671346_CTX_LK_inductive_08.xlsx,Gap between ferrite and front cap,FA Suspected root cause- High glue applied on ferrite.,4.918,1605933,19820591,5588463,1,2,DistUnom [mm];HystUnom [%],DistUnom [mm];HystUnom [%],3.41,0.0,8.404,7.705,277.83,1.194,0,7.75,26.676,0,0,0,0.662,0,39.071,39.619,38.947,1,500,1,1,1,1,1,1,1,1,1,,,,,,,,,,,,,,,,,,,,,,Dimensional / Alignment,Dimensional / Alignment
CC-260712713,1671346,330-020-076,1671346_CTX_LK_inductive_08.xlsx,Gap between ferrite and front cap,FA Suspected root cause- High glue applied on ferrite.,4.918,1605884,19820335,5588463,1,1,HystUnom [%],HystUnom [%],o0.000,0.0,8.533,7.575,277.83,1.296,0,7.75,26.612,0,0,0,0.659,0,39.119,40.071,38.947,1,500,1,1,1,1,1,1,1,1,1,,,,,,,,,,,,,,,,,,,,,,Dimensional / Alignment,Dimensional / Alignment
CC-260712713,1671346,330-020-076,1671346_CTX_LK_inductive_08.xlsx,Gap between ferrite and front cap,FA Suspected root cause- High glue applied on ferrite.,4.918,1605890,19820369,5588463,1,2,DistUnom [mm];HystUnom [%],DistUnom [mm];HystUnom [%],3.444,0.0,8.291,7.639,291.722,1.257,0,7.75,26.362,0,0,0,0.662,0,40.267,40.895,39.776,1,500,1,1,1,1,1,1,1,1,1,,,,,,,,,,,,,,,,,,,,,,Dimensional / Alignment,Dimensional / Alignment
CC-260712713,1671346,330-020-076,1671346_CTX_LK_inductive_08.xlsx,Gap between ferrite and front cap,FA Suspected root cause- High glue applied on ferrite.,4.918,1605973,19820855,5588463,1,2,DistUnom [mm];HystUnom [%],DistUnom [mm];HystUnom [%],3.302,0.0,8.512,7.765,277.83,1.208,0,7.75,26.617,0,0,0,0.664,0,39.853,41.064,39.561,1,500,1,1,1,1,1,1,1,1,1,,,,,,,,,,,,,,,,,,,,,,Dimensional / Alignment,Dimensional / Alignment
CC-260712713,1671346,330-020-076,1671346_CTX_LK_inductive_08.xlsx,Gap between ferrite and front cap,FA Suspected root cause- High glue applied on ferrite.,2.691,1605917,19820505,5588463,1,1,HystUnom [%],HystUnom [%],3.846,2.392,8.252,7.559,277.83,1.231,0,7.75,26.349,0,0,0,0.662,0,38.64,39.947,39.011,1,500,1,1,1,1,1,1,1,1,1,,,,,,,,,,,,,,,,,,,,,,Dimensional / Alignment,Dimensional / Alignment
CC-25012977,1511379,330-020-440,1511379_CTX_LK_inductive_06.xlsx,ASIC loose,Suspected lack of solder bond between ASIC balls and solder pads of PCBA,0.0,,,,,1,eeprom_integrity [],eeprom_integrity [],,,,,,,,,,,,,,,,,,,,1,1,1,1,1,1,1,0,,,,,,,,,,,,,,,,,,,,,,,ASIC / EEPROM,ASIC / EEPROM
CC-25012977,1511379,330-020-440,1511379_CTX_LK_inductive_06.xlsx,ASIC loose,Suspected lack of solder bond between ASIC balls and solder pads of PCBA,0.0,,,,,1,eeprom_integrity [],eeprom_integrity [],,,,,,,,,,,,,,,,,,,,,,,,,,,,,,,,,,,,,,,,,,,,,,,,,,ASIC / EEPROM,ASIC / EEPROM
CC-25012977,1511379,330-020-440,1511379_CTX_LK_inductive_06.xlsx,ASIC loose,Suspected lack of solder bond between ASIC balls and solder pads of PCBA,0.0,,,,,2,VRCUmeasurement [];eeprom_integrity [],eeprom_integrity [],,,,,,,,,,,,,,,,,,,,1,1,,,,,,,,,,,,,,,,,,,,,,,,,,,,,ASIC / EEPROM,ASIC / EEPROM
CC-25012977,1511379,330-020-440,1511379_CTX_LK_inductive_06.xlsx,ASIC loose,Suspected lack of solder bond between ASIC balls and solder pads of PCBA,0.0,,,,,1,eeprom_integrity [],eeprom_integrity [],,,,,,,,,,,,,,,,,,,,,,,,,,,,,,,,,,,,,,,,,,,,,,,,,,ASIC / EEPROM,ASIC / EEPROM
CC-25012977,1511379,330-020-440,1511379_CTX_LK_inductive_06.xlsx,ASIC loose,Suspected lack of solder bond between ASIC balls and solder pads of PCBA,0.0,,,,,1,eeprom_integrity [],eeprom_integrity [],,,,,,,,,,,,,,,,,,,,,,,,,,,,,,,,,,,,,,,,,,,,,,,,,,ASIC / EEPROM,ASIC / EEPROM
CC-25012977,1511379,330-020-440,1511379_CTX_LK_inductive_06.xlsx,ASIC loose,Suspected lack of solder bond between ASIC balls and solder pads of PCBA,0.0,,,,,1,eeprom_integrity [],eeprom_integrity [],,,,,,,,,,,,,,,,,,,,,,,,,,,,,,,,,,,,,,,,,,,,,,,,,,ASIC / EEPROM,ASIC / EEPROM
CC-25013101,1516030,330-020-358,1516030_CTX_LK_inductive_05.xlsx,Gap between ferrite and front cap,Suspected lack of adhesion property of loctite 480,0.766,210397,15270045,5612259,1,1,UDist3Unom [V],UDist3Unom [V],,,6.378,,,,,,,,,0.002,,,,33.962,40.561,,500,1,1,,,,,,,,0.05,5.406,2.378,4.084,4.951,,,,,,,,,,,,,,,,,Dimensional / Alignment,Dimensional / Alignment
CC-25013101,1516030,330-020-358,1516030_CTX_LK_inductive_05.xlsx,Gap between ferrite and front cap,Suspected lack of adhesion property of loctite 480,0.742,210396,15270035,5612259,1,1,UDist3Unom [V],UDist3Unom [V],,,6.612,,,,,,,,,0.002,,,,33.919,40.504,,500,1,1,,,,,,,,0.05,5.43,2.386,4.078,4.948,,,,,,,,,,,,,,,,,Dimensional / Alignment,Dimensional / Alignment
CC-260812938,1676266,330-020-396,1676266_CTX_LK_inductive_06.xlsx,Ferrite not centered within the Front cap & Shield,Worn-out tool part holder 301 484 and misalignment of ferrite due to that,2.408,370296,19912405,5588463,1,1,UDist1Unom [V],UDist1Unom [V],,,11.412,,,,,,,,,0.002,,,,39.528,40.743,,500,1,1,,,,,,,,0.413,10.776,5.311,8.676,10.062,40.075,4.622,21.044,12.383,17.715,19.918,,,,,,,,,,,Dimensional / Alignment,Dimensional / Alignment
CC-260812938,1676266,330-020-396,1676266_CTX_LK_inductive_06.xlsx,Ferrite not centered within the Front cap & Shield,Worn-out tool part holder 301 484 and misalignment of ferrite due to that,1.847,370295,19912399,5588463,1,1,UDist3Unom [V],UDist3Unom [V],,,11.344,,,,,,,,,0.002,,,,39.621,40.692,,500,1,1,,,,,,,,0.173,11.102,4.716,8.354,10.084,40.1,4.288,21.673,11.512,17.299,20.049,,,,,,,,,,,Dimensional / Alignment,Dimensional / Alignment
CC-260812938,1676266,330-020-396,1676266_CTX_LK_inductive_06.xlsx,Ferrite not centered within the Front cap & Shield,Worn-out tool part holder 301 484 and misalignment of ferrite due to that,1.688,370401,19912674,5588463,1,2,UDist3Unom [V];IDist3Unom [mA],UDist3Unom [V];IDist3Unom [mA],,,11.549,,,,,,,,,0.002,,,,40.404,41.001,,500,1,1,,,,,,,,0.097,11.009,4.745,8.348,10.021,40.776,4.115,21.354,11.458,17.153,19.803,,,,,,,,,,,Dimensional / Alignment,Dimensional / Alignment
CC-260812938,1676266,330-020-396,1676266_CTX_LK_inductive_06.xlsx,Ferrite not centered within the Front cap & Shield,Worn-out tool part holder 301 484 and misalignment of ferrite due to that,1.65,370370,19912600,5588463,1,1,UDist3Unom [V],UDist3Unom [V],,,11.549,,,,,,,,,0.002,,,,39.669,40.703,,500,1,1,,,,,,,,0.177,11.06,4.752,8.366,10.063,40.197,4.272,21.533,11.523,17.255,19.947,,,,,,,,,,,Dimensional / Alignment,Dimensional / Alignment
CC-260812938,1676266,330-020-396,1676266_CTX_LK_inductive_06.xlsx,Ferrite not centered within the Front cap & Shield,Worn-out tool part holder 301 484 and misalignment of ferrite due to that,1.475,370310,19912445,5588463,1,1,UDist3Unom [V],UDist3Unom [V],,,11.364,,,,,,,,,0.002,,,,40.424,41.095,,500,1,1,,,,,,,,0.288,11.052,4.784,8.368,10.049,40.57,4.392,21.422,11.503,17.183,19.837,,,,,,,,,,,Dimensional / Alignment,Dimensional / Alignment
CC-25119959,1626711,330-020-396,1626711_CTX_LK_inductive_05.xlsx,Gap between ferrite and Front cap,Possible plasma treatment not properly done or Cap not properly pushed down to ferrite,20.251,315301,18652245,5615471,1,6,UDist3Unom [V];IDist1Unom [mA];IDist2Unom [mA];IDist3Unom [mA];IDist4Unom [mA];IDist5Unom [mA],UDist3Unom [V];IDist1Unom [mA];IDist2Unom [mA];IDist3Unom [mA];IDist4Unom [mA];IDist5Unom [mA],,,11.582,,,,,,,,,0.001,,,,39.338,39.576,,500,1,1,,,,,,,,0.363,10.709,5.935,8.837,10.027,39.325,10.0,100.0,100.0,100.0,100.0,,,,,,,,,,,Dimensional / Alignment,Dimensional / Alignment
CC-25119959,1626711,330-020-396,1626711_CTX_LK_inductive_05.xlsx,Gap between ferrite and Front cap,Possible plasma treatment not properly done or Cap not properly pushed down to ferrite,20.251,315161,18651887,5615471,1,5,IDist1Unom [mA];IDist2Unom [mA];IDist3Unom [mA];IDist4Unom [mA];IDist5Unom [mA],IDist1Unom [mA];IDist2Unom [mA];IDist3Unom [mA];IDist4Unom [mA];IDist5Unom [mA],,,11.631,,,,,,,,,0.002,,,,39.542,39.397,,500,1,1,,,,,,,,0.239,11.009,4.853,8.417,10.052,35.368,10.0,100.0,100.0,100.0,100.0,,,,,,,,,,,Dimensional / Alignment,Dimensional / Alignment
CC-25119959,1626711,330-020-396,1626711_CTX_LK_inductive_05.xlsx,Gap between ferrite and Front cap,Possible plasma treatment not properly done or Cap not properly pushed down to ferrite,17.467,315178,18651929,5615471,1,6,UDist1Unom [V];UDist3Unom [V];UDist4Unom [V];IDist1Unom [mA];IDist3Unom [mA];IDist4Unom [mA],UDist1Unom [V];UDist3Unom [V];UDist4Unom [V];IDist1Unom [mA];IDist3Unom [mA];IDist4Unom [mA],,,11.638,,,,,,,,,0.001,,,,40.019,40.311,,500,1,1,,,,,,,,0.662,10.063,6.614,10.072,10.09,39.089,10.0,19.927,19.876,19.938,19.958,,,,,,,,,,,Dimensional / Alignment,Dimensional / Alignment
CC-25119959,1626711,330-020-396,1626711_CTX_LK_inductive_05.xlsx,Gap between ferrite and Front cap,Possible plasma treatment not properly done or Cap not properly pushed down to ferrite,13.594,315225,18652069,5615471,1,7,UzOverOut2 [V];UDist3Unom [V];IDist1Unom [mA];IDist2Unom [mA];IDist3Unom [mA];IDist4Unom [mA];IDist5Unom [mA],UDist3Unom [V];IDist1Unom [mA];IDist2Unom [mA];IDist3Unom [mA];IDist4Unom [mA];IDist5Unom [mA],,,11.53,,,,,,,,,0.001,,,,39.579,40.121,,500,1,1,,,,,,,,0.216,11.085,4.778,8.354,10.061,50.0,-0.0,-0.001,-0.001,-0.001,-0.001,,,,,,,,,,,Dimensional / Alignment,Dimensional / Alignment
CC-25119959,1626711,330-020-396,1626711_CTX_LK_inductive_05.xlsx,Gap between ferrite and Front cap,Possible plasma treatment not properly done or Cap not properly pushed down to ferrite,8.553,315219,18652052,5615471,1,6,UDist1Unom [V];UDist3Unom [V];UDist4Unom [V];IDist1Unom [mA];IDist3Unom [mA];IDist4Unom [mA],UDist1Unom [V];UDist3Unom [V];UDist4Unom [V];IDist1Unom [mA];IDist3Unom [mA];IDist4Unom [mA],,,11.579,,,,,,,,,0.001,,,,39.66,40.201,,500,1,1,,,,,,,,0.662,10.151,6.363,9.855,10.071,39.814,5.737,19.99,18.35,19.531,19.87,,,,,,,,,,,Dimensional / Alignment,Dimensional / Alignment
CC-25012906,1509446,330-020-373,1509446_CTX_LK_inductive_07.xlsx,ASIC heated,Suspected Solder balls in the ASIC is bridged. Cannot not investigate the bridge by removing the ASIC. When removing ASIC. Bridge also removes. PLST test may not identified high current failure,0.0,,,,,1,eeprom_integrity [],eeprom_integrity [],,,,,,,,,,,,,,,,,,,,,,,,,,,,,,,,,,,,,,,,,,,,,,,,,,ASIC / EEPROM,ASIC / EEPROM
CC-25012906,1509446,330-020-373,1509446_CTX_LK_inductive_07.xlsx,ASIC heated,Suspected Solder balls in the ASIC is bridged. Cannot not investigate the bridge by removing the ASIC. When removing ASIC. Bridge also removes. PLST test may not identified high current failure,0.0,,,,,1,eeprom_integrity [],eeprom_integrity [],,,,,,,,,,,,,,,,,,,,,,,,,,,,,,,,,,,,,,,,,,,,,,,,,,ASIC / EEPROM,ASIC / EEPROM
CC-25012906,1509446,330-020-373,1509446_CTX_LK_inductive_07.xlsx,ASIC heated,Suspected Solder balls in the ASIC is bridged. Cannot not investigate the bridge by removing the ASIC. When removing ASIC. Bridge also removes. PLST test may not identified high current failure,0.0,,,,,1,eeprom_integrity [],eeprom_integrity [],,,,,,,,,,,,,,,,,,,,1,1,,,,,,,,,,,,,,,,,,,,,,,,,,,,,ASIC / EEPROM,ASIC / EEPROM
CC-24121708,2021914,330-010-010,2021914_CTX_LK_inductive_04.xlsx,Gap between front cap & ferrite,Loctite 638 adhesion issue,9.773,1231125,16546649,5593311,1,8,DistUnom [mm];HystUnom [%];IccEnclUmax [mA];UsatUmaxIchmax [V];IfuiteUmax [mA];UbDeclenchement [V];RetDispUmin [ms];SignErrOnUmin [ms],DistUnom [mm];HystUnom [%],0.93,0.0,7.85,8.32,0.0,0.0,0.94,9.8,360.0,3.76,0,0,0.66,0,40.2,40.79,40.4,1,500,1,1,1,1,1,1,1,1,1,,,,,,,,,,,,,,,,,,,,,,Dimensional / Alignment,Dimensional / Alignment
CC-24121708,2021914,330-010-010,2021914_CTX_LK_inductive_04.xlsx,Gap between front cap & ferrite,Loctite 638 adhesion issue,6.446,1258638,16761924,5593486,1,1,HystUnom [%],HystUnom [%],2.4,0.16,8.65,7.94,300,1.64,0,7.75,25.52,0,0,0,0.66,0,40.28,41.02,40.47,1,500,1,1,1,1,1,1,1,1,1,,,,,,,,,,,,,,,,,,,,,,Dimensional / Alignment,Dimensional / Alignment
CC-24121708,2021914,330-010-010,2021914_CTX_LK_inductive_04.xlsx,Gap between front cap & ferrite,Loctite 638 adhesion issue,6.353,1258406,16761208,5593486,1,1,HystUnom [%],HystUnom [%],2.69,0.28,8.39,7.74,300,1.63,0,7.75,26.12,0,0,0,0.66,0,40.39,41.3,40.61,1,500,1,1,1,1,1,1,1,1,1,,,,,,,,,,,,,,,,,,,,,,Dimensional / Alignment,Dimensional / Alignment
CC-24121708,2021914,330-010-010,2021914_CTX_LK_inductive_04.xlsx,Gap between front cap & ferrite,Loctite 638 adhesion issue,6.291,1258633,16761911,5593486,1,1,HystUnom [%],HystUnom [%],2.63,0.36,8.4,7.76,300,1.62,0,7.75,26.1,0,0,0,0.66,0,40.5,40.92,39.95,1,500,1,1,1,1,1,1,1,1,1,,,,,,,,,,,,,,,,,,,,,,Dimensional / Alignment,Dimensional / Alignment
CC-260411648,1652762,330-020-356,1652762_CTX_LK_inductive_05.xlsx,Gap between ferrite and front cap,Excess glue amount applied on ferrite. Unable to control it manually.,10.92,344643,19243346,5582515,1,3,UDist1Unom [V];UDist3Unom [V];UDist4Unom [V],UDist1Unom [V];UDist3Unom [V];UDist4Unom [V],,,6.613,,,,,,,,,0.002,,,,40.087,40.363,,500,1,1,,,,,,,,0.662,4.916,4.665,4.866,4.915,,,,,,,,,,,,,,,,,Dimensional / Alignment,Dimensional / Alignment
CC-260411648,1652762,330-020-356,1652762_CTX_LK_inductive_05.xlsx,Gap between ferrite and front cap,Excess glue amount applied on ferrite. Unable to control it manually.,7.157,344683,19243423,5582515,1,3,UDist1Unom [V];UDist3Unom [V];UDist4Unom [V],UDist1Unom [V];UDist3Unom [V];UDist4Unom [V],,,6.447,,,,,,,,,0.001,,,,39.763,40.591,,500,1,1,,,,,,,,0.44,5.05,3.939,4.708,4.95,,,,,,,,,,,,,,,,,Dimensional / Alignment,Dimensional / Alignment
CC-260411648,1652762,330-020-356,1652762_CTX_LK_inductive_05.xlsx,Gap between ferrite and front cap,Excess glue amount applied on ferrite. Unable to control it manually.,5.182,344669,19243396,5582515,1,2,UDist3Unom [V];UDist4Unom [V],UDist3Unom [V];UDist4Unom [V],,,6.532,,,,,,,,,0.001,,,,39.352,40.645,,500,1,1,,,,,,,,0.379,5.112,3.558,4.588,4.944,,,,,,,,,,,,,,,,,Dimensional / Alignment,Dimensional / Alignment
CC-260411648,1652762,330-020-356,1652762_CTX_LK_inductive_05.xlsx,Gap between ferrite and front cap,Excess glue amount applied on ferrite. Unable to control it manually.,3.415,344604,19243266,5582515,1,2,UDist3Unom [V];UDist4Unom [V],UDist3Unom [V];UDist4Unom [V],,,6.42,,,,,,,,,0.001,,,,40.145,40.62,,500,1,1,,,,,,,,0.341,5.213,3.217,4.46,4.952,,,,,,,,,,,,,,,,,Dimensional / Alignment,Dimensional / Alignment
CC-260411648,1652762,330-020-356,1652762_CTX_LK_inductive_05.xlsx,Gap between ferrite and front cap,Excess glue amount applied on ferrite. Unable to control it manually.,3.057,344598,19243225,5582515,1,1,UDist3Unom [V],UDist3Unom [V],,,6.511,,,,,,,,,0.001,,,,39.961,40.655,,500,1,1,,,,,,,,0.315,5.233,3.148,4.435,4.955,,,,,,,,,,,,,,,,,Dimensional / Alignment,Dimensional / Alignment
CC-260411648,1652762,330-020-356,1652762_CTX_LK_inductive_05.xlsx,Gap between ferrite and front cap,Excess glue amount applied on ferrite. Unable to control it manually.,1.876,344665,19243389,5582515,1,1,UDist3Unom [V],UDist3Unom [V],,,6.654,,,,,,,,,0.001,,,,40.205,40.509,,500,1,1,,,,,,,,0.322,5.298,2.92,4.327,4.945,,,,,,,,,,,,,,,,,Dimensional / Alignment,Dimensional / Alignment
CC-260411648,1652762,330-020-356,1652762_CTX_LK_inductive_05.xlsx,Gap between ferrite and front cap,Excess glue amount applied on ferrite. Unable to control it manually.,1.673,344681,19243420,5582515,1,1,UDist3Unom [V],UDist3Unom [V],,,6.476,,,,,,,,,0.001,,,,39.93,40.309,,500,1,1,,,,,,,,0.322,5.316,2.881,4.309,4.948,,,,,,,,,,,,,,,,,Dimensional / Alignment,Dimensional / Alignment
CC-260411648,1652762,330-020-356,1652762_CTX_LK_inductive_05.xlsx,Gap between ferrite and front cap,Excess glue amount applied on ferrite. Unable to control it manually.,1.57,344630,19243325,5582515,1,1,UDist3Unom [V],UDist3Unom [V],,,6.497,,,,,,,,,0.001,,,,40.149,40.814,,500,1,1,,,,,,,,0.321,5.31,2.861,4.295,4.938,,,,,,,,,,,,,,,,,Dimensional / Alignment,Dimensional / Alignment
CC-260411648,1652762,330-020-356,1652762_CTX_LK_inductive_05.xlsx,Gap between ferrite and front cap,Excess glue amount applied on ferrite. Unable to control it manually.,1.565,344678,19243415,5582515,1,1,UDist3Unom [V],UDist3Unom [V],,,6.54,,,,,,,,,0.001,,,,39.858,40.55,,500,1,1,,,,,,,,0.329,5.314,2.86,4.284,4.93,,,,,,,,,,,,,,,,,Dimensional / Alignment,Dimensional / Alignment
CC-260411648,1652762,330-020-356,1652762_CTX_LK_inductive_05.xlsx,Gap between ferrite and front cap,Excess glue amount applied on ferrite. Unable to control it manually.,1.534,344607,19243271,5582515,1,1,UDist3Unom [V],UDist3Unom [V],,,6.653,,,,,,,,,0.001,,,,39.82,40.502,,500,1,1,,,,,,,,0.3,5.307,2.854,4.29,4.935,,,,,,,,,,,,,,,,,Dimensional / Alignment,Dimensional / Alignment
CC-260411648,1652762,330-020-356,1652762_CTX_LK_inductive_05.xlsx,Gap between ferrite and front cap,Excess glue amount applied on ferrite. Unable to control it manually.,1.461,344616,19243291,5582515,1,1,UDist3Unom [V],UDist3Unom [V],,,6.406,,,,,,,,,0.001,,,,39.969,40.478,,500,1,1,,,,,,,,0.299,5.358,2.84,4.293,4.958,,,,,,,,,,,,,,,,,Dimensional / Alignment,Dimensional / Alignment
CC-25014513,1561827,330-020-017,1561827_CTX_LK_inductive_07.xlsx,High coil resistance,Suspected coil strands damaged during front cap rework process due to front cap bending issue,0.0,,,,,2,VRCUmeasurement [];eeprom_integrity [],eeprom_integrity [],,,,,,,,,,,,,,,,,,,,1,1,,,,,,,,,,,,,,,,,,,,,,,,,,,,,Coil,Coil
CC-25014513,1561827,330-020-017,1561827_CTX_LK_inductive_07.xlsx,High coil resistance,Suspected coil strands damaged during front cap rework process due to front cap bending issue,0.0,,,,,2,VRCUmeasurement [];eeprom_integrity [],eeprom_integrity [],,,,,,,,,,,,,,,,,,,,1,1,,,,,,,,,,,,,,,,,,,,,,,,,,,,,Coil,Coil
CC-25014513,1561827,330-020-017,1561827_CTX_LK_inductive_07.xlsx,High coil resistance,Suspected coil strands damaged during front cap rework process due to front cap bending issue,0.0,,,,,2,VRCUmeasurement [];eeprom_integrity [],eeprom_integrity [],,,,,,,,,,,,,,,,,,,,1,1,,,,,,,,,,,,,,,,,,,,,,,,,,,,,Coil,Coil
CC-260712691,1669632,330-020-373,1669632_CTX_LK_inductive_06.xlsx,Eeprom 7026 - Excessive Gap between two shield ends,Copper Shield not aligned to the ferrite edge. Shield position requirement need to be enhanced.,0.0,,,,,1,eeprom_integrity [],eeprom_integrity [],,,,,,,,,,,,,,,,,,,,1,1,,,,,,,,,,,,,,,,,,,,,,,,,,,,,Dimensional / Alignment,Dimensional / Alignment
CC-260712691,1669632,330-020-373,1669632_CTX_LK_inductive_06.xlsx,Eeprom 7026 - Excessive Gap between two shield ends,Copper Shield not aligned to the ferrite edge. Shield position requirement need to be enhanced.,0.0,,,,,1,eeprom_integrity [],eeprom_integrity [],,,,,,,,,,,,,,,,,,,,1,1,,,,,,,,,,,,,,,,,,,,,,,,,,,,,Dimensional / Alignment,Dimensional / Alignment
CC-260712691,1669632,330-020-373,1669632_CTX_LK_inductive_06.xlsx,Eeprom 7026 - Excessive Gap between two shield ends,Copper Shield not aligned to the ferrite edge. Shield position requirement need to be enhanced.,0.0,,,,,1,eeprom_integrity [],eeprom_integrity [],,,,,,,,,,,,,,,,,,,,1,1,,,,,,,,,,,,,,,,,,,,,,,,,,,,,Dimensional / Alignment,Dimensional / Alignment
CC-260712691,1669632,330-020-373,1669632_CTX_LK_inductive_06.xlsx,Eeprom 7026 - Excessive Gap between two shield ends,Copper Shield not aligned to the ferrite edge. Shield position requirement need to be enhanced.,0.0,,,,,1,eeprom_integrity [],eeprom_integrity [],,,,,,,,,,,,,,,,,,,,1,1,,,,,,,,,,,,,,,,,,,,,,,,,,,,,Dimensional / Alignment,Dimensional / Alignment
CC-260712691,1669632,330-020-373,1669632_CTX_LK_inductive_06.xlsx,Eeprom 7026 - Excessive Gap between two shield ends,Copper Shield not aligned to the ferrite edge. Shield position requirement need to be enhanced.,0.0,,,,,1,eeprom_integrity [],eeprom_integrity [],,,,,,,,,,,,,,,,,,,,1,1,,,,,,,,,,,,,,,,,,,,,,,,,,,,,Dimensional / Alignment,Dimensional / Alignment
CC-260712691,1669632,330-020-373,1669632_CTX_LK_inductive_06.xlsx,Eeprom 7026 - Excessive Gap between two shield ends,Copper Shield not aligned to the ferrite edge. Shield position requirement need to be enhanced.,0.0,,,,,1,eeprom_integrity [],eeprom_integrity [],,,,,,,,,,,,,,,,,,,,1,1,,,,,,,,,,,,,,,,,,,,,,,,,,,,,Dimensional / Alignment,Dimensional / Alignment
CC-25012251,2004882,330-010-085,2004882_CTX_LK_inductive_05.xlsx,Flex damage,"Used unskilled operator without an ongoing training, 821",0.0,,,,,1,eeprom_integrity [],eeprom_integrity [],,,,,,,,,,,,,,,,,,,,,,,,,,,,,,,,,,,,,,,,,,,,,,,,,,Flex / PCB / Solder / Wiring,Flex / PCB / Solder / Wiring
CC-25012251,2004882,330-010-085,2004882_CTX_LK_inductive_05.xlsx,Flex damage,"Used unskilled operator without an ongoing training, 821",0.0,,,,,1,eeprom_integrity [],eeprom_integrity [],,,,,,,,,,,,,,,,,,,,,,,,,,,,,,,,,,,,,,,,,,,,,,,,,,Flex / PCB / Solder / Wiring,Flex / PCB / Solder / Wiring
CC-25012251,2004882,330-010-085,2004882_CTX_LK_inductive_05.xlsx,Flex damage,"Used unskilled operator without an ongoing training, 821",0.0,,,,,1,eeprom_integrity [],eeprom_integrity [],,,,,,,,,,,,,,,,,,,,,,,,,,,,,,,,,,,,,,,,,,,,,,,,,,Flex / PCB / Solder / Wiring,Flex / PCB / Solder / Wiring
CC-25012252,2004882,330-010-085,2004882_CTX_LK_inductive_05.xlsx,Flex damage,"Used unskilled operator without an ongoing training, 821",0.0,,,,,1,eeprom_integrity [],eeprom_integrity [],,,,,,,,,,,,,,,,,,,,,,,,,,,,,,,,,,,,,,,,,,,,,,,,,,Flex / PCB / Solder / Wiring,Flex / PCB / Solder / Wiring
CC-25012252,2004882,330-010-085,2004882_CTX_LK_inductive_05.xlsx,Flex damage,"Used unskilled operator without an ongoing training, 821",0.0,,,,,1,eeprom_integrity [],eeprom_integrity [],,,,,,,,,,,,,,,,,,,,,,,,,,,,,,,,,,,,,,,,,,,,,,,,,,Flex / PCB / Solder / Wiring,Flex / PCB / Solder / Wiring
CC-25012252,2004882,330-010-085,2004882_CTX_LK_inductive_05.xlsx,Flex damage,"Used unskilled operator without an ongoing training, 821",0.0,,,,,1,eeprom_integrity [],eeprom_integrity [],,,,,,,,,,,,,,,,,,,,,,,,,,,,,,,,,,,,,,,,,,,,,,,,,,Flex / PCB / Solder / Wiring,Flex / PCB / Solder / Wiring
CC-25012253,2004882,330-010-085,2004882_CTX_LK_inductive_05.xlsx,Flex damage,Lack of concentration of the operator,0.0,,,,,1,eeprom_integrity [],eeprom_integrity [],,,,,,,,,,,,,,,,,,,,,,,,,,,,,,,,,,,,,,,,,,,,,,,,,,Flex / PCB / Solder / Wiring,Flex / PCB / Solder / Wiring
CC-25012253,2004882,330-010-085,2004882_CTX_LK_inductive_05.xlsx,Flex damage,Lack of concentration of the operator,0.0,,,,,1,eeprom_integrity [],eeprom_integrity [],,,,,,,,,,,,,,,,,,,,,,,,,,,,,,,,,,,,,,,,,,,,,,,,,,Flex / PCB / Solder / Wiring,Flex / PCB / Solder / Wiring
CC-25012253,2004882,330-010-085,2004882_CTX_LK_inductive_05.xlsx,Flex damage,Lack of concentration of the operator,0.0,,,,,1,eeprom_integrity [],eeprom_integrity [],,,,,,,,,,,,,,,,,,,,,,,,,,,,,,,,,,,,,,,,,,,,,,,,,,Flex / PCB / Solder / Wiring,Flex / PCB / Solder / Wiring
CC-25012254,2004882,330-010-085,2004882_CTX_LK_inductive_05.xlsx,Flex damage,Flex damage during reverse potting connector closing process,0.0,,,,,1,eeprom_integrity [],eeprom_integrity [],,,,,,,,,,,,,,,,,,,,,,,,,,,,,,,,,,,,,,,,,,,,,,,,,,Flex / PCB / Solder / Wiring,Flex / PCB / Solder / Wiring
CC-25012254,2004882,330-010-085,2004882_CTX_LK_inductive_05.xlsx,Flex damage,Flex damage during reverse potting connector closing process,0.0,,,,,1,eeprom_integrity [],eeprom_integrity [],,,,,,,,,,,,,,,,,,,,,,,,,,,,,,,,,,,,,,,,,,,,,,,,,,Flex / PCB / Solder / Wiring,Flex / PCB / Solder / Wiring
CC-25012254,2004882,330-010-085,2004882_CTX_LK_inductive_05.xlsx,Flex damage,Flex damage during reverse potting connector closing process,0.0,,,,,1,eeprom_integrity [],eeprom_integrity [],,,,,,,,,,,,,,,,,,,,,,,,,,,,,,,,,,,,,,,,,,,,,,,,,,Flex / PCB / Solder / Wiring,Flex / PCB / Solder / Wiring
CC-25012255,2004882,330-010-085,2004882_CTX_LK_inductive_05.xlsx,Flex damage,Lack of concentration of the operator,0.0,,,,,1,eeprom_integrity [],eeprom_integrity [],,,,,,,,,,,,,,,,,,,,,,,,,,,,,,,,,,,,,,,,,,,,,,,,,,Flex / PCB / Solder / Wiring,Flex / PCB / Solder / Wiring
CC-25012255,2004882,330-010-085,2004882_CTX_LK_inductive_05.xlsx,Flex damage,Lack of concentration of the operator,0.0,,,,,1,eeprom_integrity [],eeprom_integrity [],,,,,,,,,,,,,,,,,,,,,,,,,,,,,,,,,,,,,,,,,,,,,,,,,,Flex / PCB / Solder / Wiring,Flex / PCB / Solder / Wiring
CC-25012255,2004882,330-010-085,2004882_CTX_LK_inductive_05.xlsx,Flex damage,Lack of concentration of the operator,0.0,,,,,1,eeprom_integrity [],eeprom_integrity [],,,,,,,,,,,,,,,,,,,,,,,,,,,,,,,,,,,,,,,,,,,,,,,,,,Flex / PCB / Solder / Wiring,Flex / PCB / Solder / Wiring
CC-25014422,1558104,330-020-072,1558104_CTX_LK_inductive_02.xlsx,Flex damage,"Excess stress on LED solder pad during flex pcb bending process, Done by a trainee operator",0.0,,,,,1,eeprom_integrity [],eeprom_integrity [],,,,,,,,,,,,,,,,,,,,1,1,1,1,1,1,1,1,0,,,,,,,,,,,,,,,,,,,,,,Flex / PCB / Solder / Wiring,Flex / PCB / Solder / Wiring
CC-25014422,1558104,330-020-072,1558104_CTX_LK_inductive_02.xlsx,Flex damage,"Excess stress on LED solder pad during flex pcb bending process, Done by a trainee operator",0.0,,,,,1,eeprom_integrity [],eeprom_integrity [],,,,,,,,,,,,,,,,,,,,,,,,,,,,,,,,,,,,,,,,,,,,,,,,,,Flex / PCB / Solder / Wiring,Flex / PCB / Solder / Wiring
CC-25014422,1558104,330-020-072,1558104_CTX_LK_inductive_02.xlsx,Flex damage,"Excess stress on LED solder pad during flex pcb bending process, Done by a trainee operator",0.0,,,,,1,eeprom_integrity [],eeprom_integrity [],,,,,,,,,,,,,,,,,,,,,,,,,,,,,,,,,,,,,,,,,,,,,,,,,,Flex / PCB / Solder / Wiring,Flex / PCB / Solder / Wiring
CC-25014422,1558104,330-020-072,1558104_CTX_LK_inductive_02.xlsx,Flex damage,"Excess stress on LED solder pad during flex pcb bending process, Done by a trainee operator",0.0,,,,,1,eeprom_integrity [],eeprom_integrity [],,,,,,,,,,,,,,,,,,,,,,,,,,,,,,,,,,,,,,,,,,,,,,,,,,Flex / PCB / Solder / Wiring,Flex / PCB / Solder / Wiring
CC-260612393,2041716,330-010-085,2041716_CTX_LK_inductive_01.xlsx,Solder Bridge between Flex PCB solder points,FA suspected root cause ÃÂ¢ÃÂÃÂ Applied excess tin to the soldering points or lack of attention when soldering Flex PCB,0.0,,,,,1,eeprom_integrity [],eeprom_integrity [],,,,,,,,,,,,,,,,,,,,,,,,,,,,,,,,,,,,,,,,,,,,,,,,,,Flex / PCB / Solder / Wiring,Flex / PCB / Solder / Wiring
CC-260612393,2041716,330-010-085,2041716_CTX_LK_inductive_01.xlsx,Solder Bridge between Flex PCB solder points,FA suspected root cause ÃÂ¢ÃÂÃÂ Applied excess tin to the soldering points or lack of attention when soldering Flex PCB,0.0,,,,,1,eeprom_integrity [],eeprom_integrity [],,,,,,,,,,,,,,,,,,,,,,,,,,,,,,,,,,,,,,,,,,,,,,,,,,Flex / PCB / Solder / Wiring,Flex / PCB / Solder / Wiring
CC-260612393,2041716,330-010-085,2041716_CTX_LK_inductive_01.xlsx,Solder Bridge between Flex PCB solder points,FA suspected root cause ÃÂ¢ÃÂÃÂ Applied excess tin to the soldering points or lack of attention when soldering Flex PCB,0.0,,,,,1,eeprom_integrity [],eeprom_integrity [],,,,,,,,,,,,,,,,,,,,,,,,,,,,,,,,,,,,,,,,,,,,,,,,,,Flex / PCB / Solder / Wiring,Flex / PCB / Solder / Wiring
CC-260612393,2041716,330-010-085,2041716_CTX_LK_inductive_01.xlsx,Solder Bridge between Flex PCB solder points,FA suspected root cause ÃÂ¢ÃÂÃÂ Applied excess tin to the soldering points or lack of attention when soldering Flex PCB,0.0,,,,,2,VASSmeasurement [];eeprom_integrity [],eeprom_integrity [],,,,,,,,,,,,,,,,,,,,1,1,,,,,,,,,,,,,,,,,,,,,,,,,,,,,Flex / PCB / Solder / Wiring,Flex / PCB / Solder / Wiring
CC-260612393,2041716,330-010-085,2041716_CTX_LK_inductive_01.xlsx,Solder Bridge between Flex PCB solder points,FA suspected root cause ÃÂ¢ÃÂÃÂ Applied excess tin to the soldering points or lack of attention when soldering Flex PCB,0.0,,,,,1,eeprom_integrity [],eeprom_integrity [],,,,,,,,,,,,,,,,,,,,,,,,,,,,,,,,,,,,,,,,,,,,,,,,,,Flex / PCB / Solder / Wiring,Flex / PCB / Solder / Wiring
CC-260612393,2041716,330-010-085,2041716_CTX_LK_inductive_01.xlsx,Solder Bridge between Flex PCB solder points,FA suspected root cause ÃÂ¢ÃÂÃÂ Applied excess tin to the soldering points or lack of attention when soldering Flex PCB,0.0,,,,,2,VASSmeasurement [];eeprom_integrity [],eeprom_integrity [],,,,,,,,,,,,,,,,,,,,1,1,,,,,,,,,,,,,,,,,,,,,,,,,,,,,Flex / PCB / Solder / Wiring,Flex / PCB / Solder / Wiring
CC-260612393,2041716,330-010-085,2041716_CTX_LK_inductive_01.xlsx,Solder Bridge between Flex PCB solder points,FA suspected root cause ÃÂ¢ÃÂÃÂ Applied excess tin to the soldering points or lack of attention when soldering Flex PCB,0.0,,,,,1,eeprom_integrity [],eeprom_integrity [],,,,,,,,,,,,,,,,,,,,,,,,,,,,,,,,,,,,,,,,,,,,,,,,,,Flex / PCB / Solder / Wiring,Flex / PCB / Solder / Wiring
CC-260612393,2041716,330-010-085,2041716_CTX_LK_inductive_01.xlsx,Solder Bridge between Flex PCB solder points,FA suspected root cause ÃÂ¢ÃÂÃÂ Applied excess tin to the soldering points or lack of attention when soldering Flex PCB,0.0,,,,,1,eeprom_integrity [],eeprom_integrity [],,,,,,,,,,,,,,,,,,,,,,,,,,,,,,,,,,,,,,,,,,,,,,,,,,Flex / PCB / Solder / Wiring,Flex / PCB / Solder / Wiring
CC-260612393,2041716,330-010-085,2041716_CTX_LK_inductive_01.xlsx,Solder Bridge between Flex PCB solder points,FA suspected root cause ÃÂ¢ÃÂÃÂ Applied excess tin to the soldering points or lack of attention when soldering Flex PCB,0.0,,,,,2,VRCUmeasurement [];eeprom_integrity [],eeprom_integrity [],,,,,,,,,,,,,,,,,,,,1,1,,,,,,,,,,,,,,,,,,,,,,,,,,,,,Flex / PCB / Solder / Wiring,Flex / PCB / Solder / Wiring
CC-260612393,2041716,330-010-085,2041716_CTX_LK_inductive_01.xlsx,Solder Bridge between Flex PCB solder points,FA suspected root cause ÃÂ¢ÃÂÃÂ Applied excess tin to the soldering points or lack of attention when soldering Flex PCB,0.0,,,,,1,eeprom_integrity [],eeprom_integrity [],,,,,,,,,,,,,,,,,,,,,,,,,,,,,,,,,,,,,,,,,,,,,,,,,,Flex / PCB / Solder / Wiring,Flex / PCB / Solder / Wiring
CC-260913428,2044301,330-010-085,2044301_CTX_LK_inductive_06.xlsx,Eeprom 7022 - Flex PCB damage,Possible flex damaged when bending near the solder point during handling or poor bending procedure.,0.0,,,,,1,eeprom_integrity [],eeprom_integrity [],,,,,,,,,,,,,,,,,,,,,,,,,,,,,,,,,,,,,,,,,,,,,,,,,,ASIC / EEPROM,ASIC / EEPROM
CC-260913428,2044301,330-010-085,2044301_CTX_LK_inductive_06.xlsx,Eeprom 7022 - Flex PCB damage,Possible flex damaged when bending near the solder point during handling or poor bending procedure.,0.0,,,,,1,eeprom_integrity [],eeprom_integrity [],,,,,,,,,,,,,,,,,,,,,,,,,,,,,,,,,,,,,,,,,,,,,,,,,,ASIC / EEPROM,ASIC / EEPROM
CC-260913428,2044301,330-010-085,2044301_CTX_LK_inductive_06.xlsx,Eeprom 7022 - Flex PCB damage,Possible flex damaged when bending near the solder point during handling or poor bending procedure.,0.0,,,,,1,eeprom_integrity [],eeprom_integrity [],,,,,,,,,,,,,,,,,,,,,,,,,,,,,,,,,,,,,,,,,,,,,,,,,,ASIC / EEPROM,ASIC / EEPROM
CC-260913428,2044301,330-010-085,2044301_CTX_LK_inductive_06.xlsx,Eeprom 7022 - Flex PCB damage,Possible flex damaged when bending near the solder point during handling or poor bending procedure.,0.0,,,,,1,eeprom_integrity [],eeprom_integrity [],,,,,,,,,,,,,,,,,,,,,,,,,,,,,,,,,,,,,,,,,,,,,,,,,,ASIC / EEPROM,ASIC / EEPROM
CC-25013926,1541994,330-020-072,1541994_CTX_LK_inductive_07.xlsx,Flex damage,Over bending or soldering issue causes LED removeal,0.0,,,,,1,eeprom_integrity [],eeprom_integrity [],,,,,,,,,,,,,,,,,,,,,,,,,,,,,,,,,,,,,,,,,,,,,,,,,,Flex / PCB / Solder / Wiring,Flex / PCB / Solder / Wiring
CC-25013926,1541994,330-020-072,1541994_CTX_LK_inductive_07.xlsx,Flex damage,Over bending or soldering issue causes LED removeal,0.0,,,,,1,eeprom_integrity [],eeprom_integrity [],,,,,,,,,,,,,,,,,,,,,,,,,,,,,,,,,,,,,,,,,,,,,,,,,,Flex / PCB / Solder / Wiring,Flex / PCB / Solder / Wiring
CC-25013926,1541994,330-020-072,1541994_CTX_LK_inductive_07.xlsx,Flex damage,Over bending or soldering issue causes LED removeal,0.0,,,,,1,eeprom_integrity [],eeprom_integrity [],,,,,,,,,,,,,,,,,,,,,,,,,,,,,,,,,,,,,,,,,,,,,,,,,,Flex / PCB / Solder / Wiring,Flex / PCB / Solder / Wiring
CC-25013926,1541994,330-020-072,1541994_CTX_LK_inductive_07.xlsx,Flex damage,Over bending or soldering issue causes LED removeal,0.0,,,,,2,VASSmeasurement [];eeprom_integrity [],eeprom_integrity [],,,,,,,,,,,,,,,,,,,,1,1,,,,,,,,,,,,,,,,,,,,,,,,,,,,,Flex / PCB / Solder / Wiring,Flex / PCB / Solder / Wiring
CC-25013926,1541994,330-020-072,1541994_CTX_LK_inductive_07.xlsx,Flex damage,Over bending or soldering issue causes LED removeal,0.0,,,,,1,eeprom_integrity [],eeprom_integrity [],,,,,,,,,,,,,,,,,,,,,,,,,,,,,,,,,,,,,,,,,,,,,,,,,,Flex / PCB / Solder / Wiring,Flex / PCB / Solder / Wiring
CC-260511975,2039983,330-010-010,2039983_CTX_LK_inductive_06.xlsx,Eeprom 7015 - Coil damage,FA Suspected root cause- Suspect rework has done due to high glue amount on ferrite and rework may done due to head issue,0.0,,,,,2,VRCUmeasurement [];eeprom_integrity [],eeprom_integrity [],,,,,,,,,,,,,,,,,,,,1,1,,,,,,,,,,,,,,,,,,,,,,,,,,,,,Coil,Coil
CC-260511975,2039983,330-010-010,2039983_CTX_LK_inductive_06.xlsx,Eeprom 7015 - Coil damage,FA Suspected root cause- Suspect rework has done due to high glue amount on ferrite and rework may done due to head issue,0.0,,,,,2,VRCUmeasurement [];eeprom_integrity [],eeprom_integrity [],,,,,,,,,,,,,,,,,,,,1,1,,,,,,,,,,,,,,,,,,,,,,,,,,,,,Coil,Coil
CC-260511975,2039983,330-010-010,2039983_CTX_LK_inductive_06.xlsx,Eeprom 7015 - Coil damage,FA Suspected root cause- Suspect rework has done due to high glue amount on ferrite and rework may done due to head issue,0.0,,,,,2,VRCUmeasurement [];eeprom_integrity [],eeprom_integrity [],,,,,,,,,,,,,,,,,,,,1,1,,,,,,,,,,,,,,,,,,,,,,,,,,,,,Coil,Coil
CC-260511975,2039983,330-010-010,2039983_CTX_LK_inductive_06.xlsx,Eeprom 7015 - Coil damage,FA Suspected root cause- Suspect rework has done due to high glue amount on ferrite and rework may done due to head issue,0.0,,,,,2,VRCUmeasurement [];eeprom_integrity [],eeprom_integrity [],,,,,,,,,,,,,,,,,,,,1,1,,,,,,,,,,,,,,,,,,,,,,,,,,,,,Coil,Coil
CC-260511975,2039983,330-010-010,2039983_CTX_LK_inductive_06.xlsx,Eeprom 7015 - Coil damage,FA Suspected root cause- Suspect rework has done due to high glue amount on ferrite and rework may done due to head issue,0.0,,,,,2,VRCUmeasurement [];eeprom_integrity [],eeprom_integrity [],,,,,,,,,,,,,,,,,,,,1,1,,,,,,,,,,,,,,,,,,,,,,,,,,,,,Coil,Coil
CC-24111469,1559792,320-020-516,1559792_CTX_LK_inductive_04.xlsx,Trimming Failure,Suspected uncontrollable trimming operation.,28.94,,,,,4,IDist1Umin [mA];IDist5Umin [mA];IDist1Umax [mA];IDist5Umax [mA],IDist1Umin [mA];IDist5Umin [mA];IDist1Umax [mA];IDist5Umax [mA],,,5.63,,,,,,,,,0,,,39.99,40.69,41.42,,500,,,,,,,,,,,,,,,40.27,,,,,,0,2.53,5.13,9.83,9.92,0.11,2.54,5.14,10.11,10.36,Dimensional / Alignment,Dimensional / Alignment
CC-24111469,1559792,320-020-516,1559792_CTX_LK_inductive_04.xlsx,Trimming Failure,Suspected uncontrollable trimming operation.,0.31,,,,,1,IDist5Umin [mA],IDist5Umin [mA],,,4.99,,,,,,,,,0,,,40.73,40.3,41.54,,500,,,,,,,,,,,,,,,40.04,,,,,,0,2.66,5.16,1.11,5.24,0.11,2.67,5.16,1.09,5.2,Dimensional / Alignment,Dimensional / Alignment
CC-24111469,1559792,320-020-516,1559792_CTX_LK_inductive_04.xlsx,Trimming Failure,Suspected uncontrollable trimming operation.,0.295,,,,,1,IDist5Umin [mA],IDist5Umin [mA],,,5.02,,,,,,,,,0,,,40.13,40.87,42.24,,500,,,,,,,,,,,,,,,40.42,,,,,,-0.01,2.49,5.16,1.1,5.23,0.11,2.49,5.16,1.07,5.18,Dimensional / Alignment,Dimensional / Alignment
CC-24111469,1559792,320-020-516,1559792_CTX_LK_inductive_04.xlsx,Trimming Failure,Suspected uncontrollable trimming operation.,0.295,,,,,1,IDist5Umin [mA],IDist5Umin [mA],,,4.97,,,,,,,,,0,,,40.17,40.68,41.37,,500,,,,,,,,,,,,,,,40.28,,,,,,0,2.57,5.15,1.1,5.23,0.12,2.58,5.16,1.09,5.19,Dimensional / Alignment,Dimensional / Alignment
CC-24111469,1559792,320-020-516,1559792_CTX_LK_inductive_04.xlsx,Trimming Failure,Suspected uncontrollable trimming operation.,0.266,,,,,1,IDist5Umin [mA],IDist5Umin [mA],,,4.98,,,,,,,,,0,,,40.36,39.61,42.05,,500,,,,,,,,,,,,,,,40.64,,,,,,0,2.65,5.17,1.14,5.21,0.16,2.65,5.17,1.12,5.17,Dimensional / Alignment,Dimensional / Alignment
CC-25011941,1481144,330-020-335,1481144_CTX_LK_inductive_01.xlsx,Low cap,Uncentered force/misalignment from the tool-lack of pre verifications and maintenances,7.066,972146,14373103,5611267,1,1,HystUnom [%],HystUnom [%],3.12,2.52,8.32,7.68,300,1.77,0,7.75,26.66,0,0,0,0.66,0,38.72,39.95,39.18,1,500,1,1,1,1,1,1,1,1,1,,,,,,,,,,,,,,,,,,,,,,Dimensional / Alignment,Dimensional / Alignment
CC-25011942,1481144,330-020-335,1481144_CTX_LK_inductive_01.xlsx,Low cap,Uncentered ferrite placement on the pallet/unbalanced round PCB soldering-Operator's 1st order after training,7.066,972146,14373103,5611267,1,1,HystUnom [%],HystUnom [%],3.12,2.52,8.32,7.68,300,1.77,0,7.75,26.66,0,0,0,0.66,0,38.72,39.95,39.18,1,500,1,1,1,1,1,1,1,1,1,,,,,,,,,,,,,,,,,,,,,,Dimensional / Alignment,Dimensional / Alignment
CC-25014061,1550386,330-020-359,1550386_CTX_LK_inductive_06.xlsx,Gap between ferrite and front cap,Suspected lack of adhesion between cap and ferrite by loctite 480.(Glue is visible in Cap),55.362,239922,16136375,5592230,1,3,UDist2Unom [V];UDist3Unom [V];UDist4Unom [V],UDist2Unom [V];UDist3Unom [V];UDist4Unom [V],,,6.749,,,,,,,,,0.002,,,,39.45,39.794,,500,1,1,,,,,,,,0.237,-1.0,-1.0,8.734,10.032,,,,,,,,,,,,,,,,,Dimensional / Alignment,Dimensional / Alignment
CC-25014061,1550386,330-020-359,1550386_CTX_LK_inductive_06.xlsx,Gap between ferrite and front cap,Suspected lack of adhesion between cap and ferrite by loctite 480.(Glue is visible in Cap),55.362,239953,16136419,5592230,1,3,UDist2Unom [V];UDist3Unom [V];UDist4Unom [V],UDist2Unom [V];UDist3Unom [V];UDist4Unom [V],,,6.631,,,,,,,,,0.002,,,,38.896,39.467,,500,1,1,,,,,,,,0.259,-1.0,6.016,8.824,9.976,,,,,,,,,,,,,,,,,Dimensional / Alignment,Dimensional / Alignment
CC-25014061,1550386,330-020-359,1550386_CTX_LK_inductive_06.xlsx,Gap between ferrite and front cap,Suspected lack of adhesion between cap and ferrite by loctite 480.(Glue is visible in Cap),15.524,240005,16136471,5592230,1,3,UDist1Unom [V];UDist3Unom [V];UDist4Unom [V],UDist1Unom [V];UDist3Unom [V];UDist4Unom [V],,,6.824,,,,,,,,,0.002,,,,39.197,40.588,,500,1,1,,,,,,,,6.114,10.013,6.611,10.016,10.025,,,,,,,,,,,,,,,,,Dimensional / Alignment,Dimensional / Alignment
CC-25014061,1550386,330-020-359,1550386_CTX_LK_inductive_06.xlsx,Gap between ferrite and front cap,Suspected lack of adhesion between cap and ferrite by loctite 480.(Glue is visible in Cap),7.363,240010,16136476,5592230,1,3,UDist1Unom [V];UDist3Unom [V];UDist4Unom [V],UDist1Unom [V];UDist3Unom [V];UDist4Unom [V],,,6.796,,,,,,,,,0.002,,,,39.112,39.933,,500,1,1,,,,,,,,3.04,10.025,6.611,9.952,10.014,,,,,,,,,,,,,,,,,Dimensional / Alignment,Dimensional / Alignment
CC-25014061,1550386,330-020-359,1550386_CTX_LK_inductive_06.xlsx,Gap between ferrite and front cap,Suspected lack of adhesion between cap and ferrite by loctite 480.(Glue is visible in Cap),6.517,239962,16136428,5592230,1,3,UDist1Unom [V];UDist3Unom [V];UDist4Unom [V],UDist1Unom [V];UDist3Unom [V];UDist4Unom [V],,,6.715,,,,,,,,,0.001,,,,39.103,39.634,,500,1,1,,,,,,,,2.1,10.073,6.547,9.923,10.053,,,,,,,,,,,,,,,,,Dimensional / Alignment,Dimensional / Alignment
CC-25014061,1550386,330-020-359,1550386_CTX_LK_inductive_06.xlsx,Gap between ferrite and front cap,Suspected lack of adhesion between cap and ferrite by loctite 480.(Glue is visible in Cap),3.748,239904,16136349,5592230,1,2,UDist3Unom [V];UDist4Unom [V],UDist3Unom [V];UDist4Unom [V],,,6.819,,,,,,,,,0.002,,,,39.115,40.222,,500,1,1,,,,,,,,0.25,10.255,6.319,9.321,9.991,,,,,,,,,,,,,,,,,Dimensional / Alignment,Dimensional / Alignment
CC-25014061,1550386,330-020-359,1550386_CTX_LK_inductive_06.xlsx,Gap between ferrite and front cap,Suspected lack of adhesion between cap and ferrite by loctite 480.(Glue is visible in Cap),2.374,239945,16136410,5592230,1,2,UDist3Unom [V];UDist4Unom [V],UDist3Unom [V];UDist4Unom [V],,,6.839,,,,,,,,,0.002,,,,39.377,39.363,,500,1,1,,,,,,,,0.233,10.682,5.962,8.852,10.06,,,,,,,,,,,,,,,,,Dimensional / Alignment,Dimensional / Alignment
CC-25014061,1550386,330-020-359,1550386_CTX_LK_inductive_06.xlsx,Gap between ferrite and front cap,Suspected lack of adhesion between cap and ferrite by loctite 480.(Glue is visible in Cap),2.256,240059,16136526,5592230,1,2,UDist3Unom [V];UDist4Unom [V],UDist3Unom [V];UDist4Unom [V],,,6.802,,,,,,,,,0.002,,,,39.034,39.664,,500,1,1,,,,,,,,0.221,10.642,5.93,8.825,10.03,,,,,,,,,,,,,,,,,Dimensional / Alignment,Dimensional / Alignment
CC-25014061,1550386,330-020-359,1550386_CTX_LK_inductive_06.xlsx,Gap between ferrite and front cap,Suspected lack of adhesion between cap and ferrite by loctite 480.(Glue is visible in Cap),1.811,240039,16136506,5592230,1,2,UDist3Unom [V];UDist4Unom [V],UDist3Unom [V];UDist4Unom [V],,,6.86,,,,,,,,,0.001,,,,39.28,40.208,,500,1,1,,,,,,,,0.321,10.7,5.809,8.756,10.027,,,,,,,,,,,,,,,,,Dimensional / Alignment,Dimensional / Alignment
CC-25014061,1550386,330-020-359,1550386_CTX_LK_inductive_06.xlsx,Gap between ferrite and front cap,Suspected lack of adhesion between cap and ferrite by loctite 480.(Glue is visible in Cap),1.697,239927,16136383,5592230,1,2,UDist3Unom [V];UDist4Unom [V],UDist3Unom [V];UDist4Unom [V],,,6.881,,,,,,,,,0.002,,,,38.943,39.419,,500,1,1,,,,,,,,0.22,10.643,5.778,8.731,10.003,,,,,,,,,,,,,,,,,Dimensional / Alignment,Dimensional / Alignment
CC-25014061,1550386,330-020-359,1550386_CTX_LK_inductive_06.xlsx,Gap between ferrite and front cap,Suspected lack of adhesion between cap and ferrite by loctite 480.(Glue is visible in Cap),1.635,240029,16136496,5592230,1,2,UDist3Unom [V];UDist4Unom [V],UDist3Unom [V];UDist4Unom [V],,,6.778,,,,,,,,,0.002,,,,39.447,39.515,,500,1,1,,,,,,,,0.287,10.665,5.761,8.717,10.007,,,,,,,,,,,,,,,,,Dimensional / Alignment,Dimensional / Alignment
CC-25014061,1550386,330-020-359,1550386_CTX_LK_inductive_06.xlsx,Gap between ferrite and front cap,Suspected lack of adhesion between cap and ferrite by loctite 480.(Glue is visible in Cap),1.488,239984,16136450,5592230,1,2,UDist3Unom [V];UDist4Unom [V],UDist3Unom [V];UDist4Unom [V],,,6.754,,,,,,,,,0.002,,,,38.713,40.128,,500,1,1,,,,,,,,0.146,10.71,5.721,8.728,10.048,,,,,,,,,,,,,,,,,Dimensional / Alignment,Dimensional / Alignment
CC-25014061,1550386,330-020-359,1550386_CTX_LK_inductive_06.xlsx,Gap between ferrite and front cap,Suspected lack of adhesion between cap and ferrite by loctite 480.(Glue is visible in Cap),0.809,239943,16136407,5592230,1,1,UDist4Unom [V],UDist4Unom [V],,,6.788,,,,,,,,,0.001,,,,39.2,39.939,,500,1,1,,,,,,,,0.173,10.773,5.622,8.682,10.034,,,,,,,,,,,,,,,,,Dimensional / Alignment,Dimensional / Alignment
CC-25012289,1488086,330-020-417,1488086_CTX_LK_inductive_01.xlsx,Cable removed with solder pad,Possible cause - excess stress during pulling the cable sheath to edge,88.988,183817,14498894,5574799,1,7,UzOverOut2 [V];UDist1Unom [V];UDist3Unom [V];UDist4Unom [V];IDist1Unom [mA];IDist3Unom [mA];IDist4Unom [mA],UDist1Unom [V];UDist3Unom [V];UDist4Unom [V];IDist1Unom [mA];IDist3Unom [mA];IDist4Unom [mA],,,12.55,,,,,,,,,0,,,,40.16,41.44,,500,1,1,,,,,,,,5.99,9.78,5.99,9.79,9.79,33.72,10.21,19.45,19.47,19.5,19.52,,,,,,,,,,,Flex / PCB / Solder / Wiring,Flex / PCB / Solder / Wiring
CC-25012289,1488086,330-020-417,1488086_CTX_LK_inductive_01.xlsx,Cable removed with solder pad,Possible cause - excess stress during pulling the cable sheath to edge,88.988,183818,14498906,5574799,1,7,UzOverOut2 [V];UDist1Unom [V];UDist3Unom [V];UDist4Unom [V];IDist1Unom [mA];IDist3Unom [mA];IDist4Unom [mA],UDist1Unom [V];UDist3Unom [V];UDist4Unom [V];IDist1Unom [mA];IDist3Unom [mA];IDist4Unom [mA],,,12.57,,,,,,,,,0,,,,40.01,41.28,,500,1,1,,,,,,,,5.99,9.78,5.99,9.8,9.79,33.66,10.2,19.61,19.59,19.59,19.59,,,,,,,,,,,Flex / PCB / Solder / Wiring,Flex / PCB / Solder / Wiring
CC-25012291,1488086,330-020-417,1488086_CTX_LK_inductive_01.xlsx,Cable removed with solder pad,Possible cause - Excess stress applied on cable solder joint when closing rear cap,88.988,183817,14498894,5574799,1,7,UzOverOut2 [V];UDist1Unom [V];UDist3Unom [V];UDist4Unom [V];IDist1Unom [mA];IDist3Unom [mA];IDist4Unom [mA],UDist1Unom [V];UDist3Unom [V];UDist4Unom [V];IDist1Unom [mA];IDist3Unom [mA];IDist4Unom [mA],,,12.55,,,,,,,,,0,,,,40.16,41.44,,500,1,1,,,,,,,,5.99,9.78,5.99,9.79,9.79,33.72,10.21,19.45,19.47,19.5,19.52,,,,,,,,,,,Flex / PCB / Solder / Wiring,Flex / PCB / Solder / Wiring
CC-25012291,1488086,330-020-417,1488086_CTX_LK_inductive_01.xlsx,Cable removed with solder pad,Possible cause - Excess stress applied on cable solder joint when closing rear cap,88.988,183818,14498906,5574799,1,7,UzOverOut2 [V];UDist1Unom [V];UDist3Unom [V];UDist4Unom [V];IDist1Unom [mA];IDist3Unom [mA];IDist4Unom [mA],UDist1Unom [V];UDist3Unom [V];UDist4Unom [V];IDist1Unom [mA];IDist3Unom [mA];IDist4Unom [mA],,,12.57,,,,,,,,,0,,,,40.01,41.28,,500,1,1,,,,,,,,5.99,9.78,5.99,9.8,9.79,33.66,10.2,19.61,19.59,19.59,19.59,,,,,,,,,,,Flex / PCB / Solder / Wiring,Flex / PCB / Solder / Wiring
CC-25012290,1488086,330-020-417,1488086_CTX_LK_inductive_01.xlsx,Cable removed with solder pad,Possible cause - excess stress during pulling the cable sheath to edge,88.988,183817,14498894,5574799,1,7,UzOverOut2 [V];UDist1Unom [V];UDist3Unom [V];UDist4Unom [V];IDist1Unom [mA];IDist3Unom [mA];IDist4Unom [mA],UDist1Unom [V];UDist3Unom [V];UDist4Unom [V];IDist1Unom [mA];IDist3Unom [mA];IDist4Unom [mA],,,12.55,,,,,,,,,0,,,,40.16,41.44,,500,1,1,,,,,,,,5.99,9.78,5.99,9.79,9.79,33.72,10.21,19.45,19.47,19.5,19.52,,,,,,,,,,,Flex / PCB / Solder / Wiring,Flex / PCB / Solder / Wiring
CC-25012290,1488086,330-020-417,1488086_CTX_LK_inductive_01.xlsx,Cable removed with solder pad,Possible cause - excess stress during pulling the cable sheath to edge,88.988,183818,14498906,5574799,1,7,UzOverOut2 [V];UDist1Unom [V];UDist3Unom [V];UDist4Unom [V];IDist1Unom [mA];IDist3Unom [mA];IDist4Unom [mA],UDist1Unom [V];UDist3Unom [V];UDist4Unom [V];IDist1Unom [mA];IDist3Unom [mA];IDist4Unom [mA],,,12.57,,,,,,,,,0,,,,40.01,41.28,,500,1,1,,,,,,,,5.99,9.78,5.99,9.8,9.79,33.66,10.2,19.61,19.59,19.59,19.59,,,,,,,,,,,Flex / PCB / Solder / Wiring,Flex / PCB / Solder / Wiring
CC-25013040,2009405,330-010-010,2009405_CTX_LK_inductive_06.xlsx,ASIC loose,Suspected lack of solder bond between ASIC balls and solder pads of PCBA,0.0,,,,,1,eeprom_integrity [],eeprom_integrity [],,,,,,,,,,,,,,,,,,,,,,,,,,,,,,,,,,,,,,,,,,,,,,,,,,ASIC / EEPROM,ASIC / EEPROM
CC-25013040,2009405,330-010-010,2009405_CTX_LK_inductive_06.xlsx,ASIC loose,Suspected lack of solder bond between ASIC balls and solder pads of PCBA,0.0,,,,,1,eeprom_integrity [],eeprom_integrity [],,,,,,,,,,,,,,,,,,,,,,,,,,,,,,,,,,,,,,,,,,,,,,,,,,ASIC / EEPROM,ASIC / EEPROM
CC-25013040,2009405,330-010-010,2009405_CTX_LK_inductive_06.xlsx,ASIC loose,Suspected lack of solder bond between ASIC balls and solder pads of PCBA,0.0,,,,,2,VRCUmeasurement [];eeprom_integrity [],eeprom_integrity [],,,,,,,,,,,,,,,,,,,,1,1,,,,,,,,,,,,,,,,,,,,,,,,,,,,,ASIC / EEPROM,ASIC / EEPROM
CC-25012597,1497808,330-020-017,1497808_CTX_LK_inductive_06.xlsx,ASIC loose,Suspected material issue with lack of strength of soldering strength between solder balls in the IC and PCAB pads,0.0,,,,,1,eeprom_integrity [],eeprom_integrity [],,,,,,,,,,,,,,,,,,,,,,,,,,,,,,,,,,,,,,,,,,,,,,,,,,ASIC / EEPROM,ASIC / EEPROM
CC-25012597,1497808,330-020-017,1497808_CTX_LK_inductive_06.xlsx,ASIC loose,Suspected material issue with lack of strength of soldering strength between solder balls in the IC and PCAB pads,0.0,,,,,1,eeprom_integrity [],eeprom_integrity [],,,,,,,,,,,,,,,,,,,,,,,,,,,,,,,,,,,,,,,,,,,,,,,,,,ASIC / EEPROM,ASIC / EEPROM
CC-25012597,1497808,330-020-017,1497808_CTX_LK_inductive_06.xlsx,ASIC loose,Suspected material issue with lack of strength of soldering strength between solder balls in the IC and PCAB pads,0.0,,,,,1,eeprom_integrity [],eeprom_integrity [],,,,,,,,,,,,,,,,,,,,,,,,,,,,,,,,,,,,,,,,,,,,,,,,,,ASIC / EEPROM,ASIC / EEPROM
CC-25078714,1610172,330-020-359,1610172_CTX_LK_inductive_08.xlsx,Gap between ferrite and front cap,Suspected adhesion issue of Loctite 480.,16.854,294130,18065011,5615473,1,3,UDist1Unom [V];UDist3Unom [V];UDist4Unom [V],UDist1Unom [V];UDist3Unom [V];UDist4Unom [V],,,6.954,,,,,,,,,0,,,,40.314,40.926,,500,1,1,,,,,,,,6.615,9.979,6.615,10.006,10.009,,,,,,,,,,,,,,,,,Dimensional / Alignment,Dimensional / Alignment
CC-25078714,1610172,330-020-359,1610172_CTX_LK_inductive_08.xlsx,Gap between ferrite and front cap,Suspected adhesion issue of Loctite 480.,5.956,294176,18065197,5615473,1,3,UDist1Unom [V];UDist3Unom [V];UDist4Unom [V],UDist1Unom [V];UDist3Unom [V];UDist4Unom [V],,,6.896,,,,,,,,,0,,,,40.258,41.13,,500,1,1,,,,,,,,1.329,10.022,6.459,9.801,9.988,,,,,,,,,,,,,,,,,Dimensional / Alignment,Dimensional / Alignment
CC-25078714,1610172,330-020-359,1610172_CTX_LK_inductive_08.xlsx,Gap between ferrite and front cap,Suspected adhesion issue of Loctite 480.,2.771,294185,18065238,5615473,1,2,UDist3Unom [V];UDist4Unom [V],UDist3Unom [V];UDist4Unom [V],,,6.835,,,,,,,,,0,,,,39.768,40.618,,500,1,1,,,,,,,,0.276,10.562,6.07,8.868,10.018,,,,,,,,,,,,,,,,,Dimensional / Alignment,Dimensional / Alignment
CC-25078714,1610172,330-020-359,1610172_CTX_LK_inductive_08.xlsx,Gap between ferrite and front cap,Suspected adhesion issue of Loctite 480.,1.863,294146,18065080,5615473,1,2,UDist3Unom [V];UDist4Unom [V],UDist3Unom [V];UDist4Unom [V],,,6.807,,,,,,,,,0,,,,40.393,40.798,,500,1,1,,,,,,,,0.279,10.817,5.823,8.72,10.011,,,,,,,,,,,,,,,,,Dimensional / Alignment,Dimensional / Alignment
CC-25078714,1610172,330-020-359,1610172_CTX_LK_inductive_08.xlsx,Gap between ferrite and front cap,Suspected adhesion issue of Loctite 480.,1.723,294116,18064943,5615473,1,2,UDist3Unom [V];UDist4Unom [V],UDist3Unom [V];UDist4Unom [V],,,6.919,,,,,,,,,0,,,,40.28,40.671,,500,1,1,,,,,,,,0.238,10.64,5.785,8.694,9.975,,,,,,,,,,,,,,,,,Dimensional / Alignment,Dimensional / Alignment
CC-25013141,1520194,330-020-051,1520194_CTX_LK_inductive_04.xlsx,ASIC missing,Possible cause - Not tested in PLST tester to identify ASIC issue,0.0,,,,,1,eeprom_integrity [],eeprom_integrity [],,,,,,,,,,,,,,,,,,,,,,,,,,,,,,,,,,,,,,,,,,,,,,,,,,ASIC / EEPROM,ASIC / EEPROM
CC-25013141,1520194,330-020-051,1520194_CTX_LK_inductive_04.xlsx,ASIC missing,Possible cause - Not tested in PLST tester to identify ASIC issue,0.0,,,,,2,VRCUmeasurement [];eeprom_integrity [],eeprom_integrity [],,,,,,,,,,,,,,,,,,,,1,1,,,,,,,,,,,,,,,,,,,,,,,,,,,,,ASIC / EEPROM,ASIC / EEPROM
CC-25013141,1520194,330-020-051,1520194_CTX_LK_inductive_04.xlsx,ASIC missing,Possible cause - Not tested in PLST tester to identify ASIC issue,0.0,,,,,1,eeprom_integrity [],eeprom_integrity [],,,,,,,,,,,,,,,,,,,,,,,,,,,,,,,,,,,,,,,,,,,,,,,,,,ASIC / EEPROM,ASIC / EEPROM
CC-25013141,1520194,330-020-051,1520194_CTX_LK_inductive_04.xlsx,ASIC missing,Possible cause - Not tested in PLST tester to identify ASIC issue,0.0,,,,,1,eeprom_integrity [],eeprom_integrity [],,,,,,,,,,,,,,,,,,,,,,,,,,,,,,,,,,,,,,,,,,,,,,,,,,ASIC / EEPROM,ASIC / EEPROM
CC-25013142,1520194,330-020-051,1520194_CTX_LK_inductive_04.xlsx,ASIC loose,Suspected lack of solder bond between ASIC balls and solder pads of PCBA,0.0,,,,,1,eeprom_integrity [],eeprom_integrity [],,,,,,,,,,,,,,,,,,,,,,,,,,,,,,,,,,,,,,,,,,,,,,,,,,ASIC / EEPROM,ASIC / EEPROM
CC-25013142,1520194,330-020-051,1520194_CTX_LK_inductive_04.xlsx,ASIC loose,Suspected lack of solder bond between ASIC balls and solder pads of PCBA,0.0,,,,,2,VRCUmeasurement [];eeprom_integrity [],eeprom_integrity [],,,,,,,,,,,,,,,,,,,,1,1,,,,,,,,,,,,,,,,,,,,,,,,,,,,,ASIC / EEPROM,ASIC / EEPROM
CC-25013142,1520194,330-020-051,1520194_CTX_LK_inductive_04.xlsx,ASIC loose,Suspected lack of solder bond between ASIC balls and solder pads of PCBA,0.0,,,,,1,eeprom_integrity [],eeprom_integrity [],,,,,,,,,,,,,,,,,,,,,,,,,,,,,,,,,,,,,,,,,,,,,,,,,,ASIC / EEPROM,ASIC / EEPROM
CC-25013142,1520194,330-020-051,1520194_CTX_LK_inductive_04.xlsx,ASIC loose,Suspected lack of solder bond between ASIC balls and solder pads of PCBA,0.0,,,,,1,eeprom_integrity [],eeprom_integrity [],,,,,,,,,,,,,,,,,,,,,,,,,,,,,,,,,,,,,,,,,,,,,,,,,,ASIC / EEPROM,ASIC / EEPROM
CC-25013142,1520194,330-020-051,1520194_CTX_LK_inductive_04.xlsx,ASIC loose,Suspected lack of solder bond between ASIC balls and solder pads of PCBA,0.0,,,,,1,eeprom_integrity [],eeprom_integrity [],,,,,,,,,,,,,,,,,,,,,,,,,,,,,,,,,,,,,,,,,,,,,,,,,,ASIC / EEPROM,ASIC / EEPROM
CC-25013143,1520194,330-020-051,1520194_CTX_LK_inductive_04.xlsx,ASIC missing,Suspected lack of solder bond between ASIC balls and solder pads of PCBA,0.0,,,,,1,eeprom_integrity [],eeprom_integrity [],,,,,,,,,,,,,,,,,,,,,,,,,,,,,,,,,,,,,,,,,,,,,,,,,,ASIC / EEPROM,ASIC / EEPROM
CC-25013143,1520194,330-020-051,1520194_CTX_LK_inductive_04.xlsx,ASIC missing,Suspected lack of solder bond between ASIC balls and solder pads of PCBA,0.0,,,,,2,VRCUmeasurement [];eeprom_integrity [],eeprom_integrity [],,,,,,,,,,,,,,,,,,,,1,1,,,,,,,,,,,,,,,,,,,,,,,,,,,,,ASIC / EEPROM,ASIC / EEPROM
CC-25013143,1520194,330-020-051,1520194_CTX_LK_inductive_04.xlsx,ASIC missing,Suspected lack of solder bond between ASIC balls and solder pads of PCBA,0.0,,,,,1,eeprom_integrity [],eeprom_integrity [],,,,,,,,,,,,,,,,,,,,,,,,,,,,,,,,,,,,,,,,,,,,,,,,,,ASIC / EEPROM,ASIC / EEPROM
CC-25013143,1520194,330-020-051,1520194_CTX_LK_inductive_04.xlsx,ASIC missing,Suspected lack of solder bond between ASIC balls and solder pads of PCBA,0.0,,,,,1,eeprom_integrity [],eeprom_integrity [],,,,,,,,,,,,,,,,,,,,,,,,,,,,,,,,,,,,,,,,,,,,,,,,,,ASIC / EEPROM,ASIC / EEPROM
CC-25088943,1614897,330-020-359,1614897_CTX_LK_inductive_07.xlsx,Gap between front cap and ferrite,Root cause unclear.Need further investigate,16.852,298655,18185865,5615471,1,3,UDist1Unom [V];UDist3Unom [V];UDist4Unom [V],UDist1Unom [V];UDist3Unom [V];UDist4Unom [V],,,6.938,,,,,,,,,0,,,,40.141,41.156,,500,1,1,,,,,,,,6.614,9.977,6.614,9.985,9.994,,,,,,,,,,,,,,,,,Dimensional / Alignment,Dimensional / Alignment
CC-25088943,1614897,330-020-359,1614897_CTX_LK_inductive_07.xlsx,Gap between front cap and ferrite,Root cause unclear.Need further investigate,16.66,298717,18186388,5615471,1,3,UDist1Unom [V];UDist3Unom [V];UDist4Unom [V],UDist1Unom [V];UDist3Unom [V];UDist4Unom [V],,,6.871,,,,,,,,,0,,,,39.992,40.666,,500,1,1,,,,,,,,6.542,10.022,6.614,10.025,10.034,,,,,,,,,,,,,,,,,Dimensional / Alignment,Dimensional / Alignment
CC-25088943,1614897,330-020-359,1614897_CTX_LK_inductive_07.xlsx,Gap between front cap and ferrite,Root cause unclear.Need further investigate,13.236,298662,18185917,5615471,1,3,UDist1Unom [V];UDist3Unom [V];UDist4Unom [V],UDist1Unom [V];UDist3Unom [V];UDist4Unom [V],,,6.739,,,,,,,,,0,,,,39.939,40.705,,500,1,1,,,,,,,,5.252,10.002,6.614,9.966,10.008,,,,,,,,,,,,,,,,,Dimensional / Alignment,Dimensional / Alignment
CC-25088943,1614897,330-020-359,1614897_CTX_LK_inductive_07.xlsx,Gap between front cap and ferrite,Root cause unclear.Need further investigate,5.16,298723,18186418,5615471,1,2,UDist3Unom [V];UDist4Unom [V],UDist3Unom [V];UDist4Unom [V],,,6.843,,,,,,,,,0,,,,40.121,40.66,,500,1,1,,,,,,,,0.401,10.117,6.172,9.628,9.995,,,,,,,,,,,,,,,,,Dimensional / Alignment,Dimensional / Alignment
CC-25088943,1614897,330-020-359,1614897_CTX_LK_inductive_07.xlsx,Gap between front cap and ferrite,Root cause unclear.Need further investigate,4.829,298700,18186161,5615471,1,2,UDist3Unom [V];UDist4Unom [V],UDist3Unom [V];UDist4Unom [V],,,6.873,,,,,,,,,0,,,,40.001,40.401,,500,1,1,,,,,,,,0.228,10.116,6.16,9.556,9.979,,,,,,,,,,,,,,,,,Dimensional / Alignment,Dimensional / Alignment
CC-25012758,1493823,330-020-373,1493823_CTX_LK_inductive_07.xlsx,Gap between ferrite and front cap,"Lack of time on magnet tool or untreated caps, Lack of skills, done by a trainee",192.374,197674,14933894,5575586,1,8,UDist2Unom [V];UDist3Unom [V];UDist4Unom [V];UDist5Unom [V];IDist2Unom [mA];IDist3Unom [mA];IDist4Unom [mA];IDist5Unom [mA],UDist2Unom [V];UDist3Unom [V];UDist4Unom [V];UDist5Unom [V];IDist2Unom [mA];IDist3Unom [mA];IDist4Unom [mA];IDist5Unom [mA],,,9.711,,,,,,,,,0,,,,40.256,40.343,,500,1,1,,,,,,,,0.071,0.073,0.071,0.074,0.074,40.154,3.984,3.988,3.988,3.988,3.988,,,,,,,,,,,Dimensional / Alignment,Dimensional / Alignment
CC-25012758,1493823,330-020-373,1493823_CTX_LK_inductive_07.xlsx,Gap between ferrite and front cap,"Lack of time on magnet tool or untreated caps, Lack of skills, done by a trainee",192.312,197631,14933766,5575586,1,8,UDist2Unom [V];UDist3Unom [V];UDist4Unom [V];UDist5Unom [V];IDist2Unom [mA];IDist3Unom [mA];IDist4Unom [mA];IDist5Unom [mA],UDist2Unom [V];UDist3Unom [V];UDist4Unom [V];UDist5Unom [V];IDist2Unom [mA];IDist3Unom [mA];IDist4Unom [mA];IDist5Unom [mA],,,8.68,,,,,,,,,0,,,,40.019,40.797,,500,1,1,,,,,,,,0.069,0.072,0.069,0.072,0.072,39.918,3.989,3.992,3.992,3.993,3.993,,,,,,,,,,,Dimensional / Alignment,Dimensional / Alignment
CC-25012758,1493823,330-020-373,1493823_CTX_LK_inductive_07.xlsx,Gap between ferrite and front cap,"Lack of time on magnet tool or untreated caps, Lack of skills, done by a trainee",192.188,197632,14933771,5575586,1,8,UDist2Unom [V];UDist3Unom [V];UDist4Unom [V];UDist5Unom [V];IDist2Unom [mA];IDist3Unom [mA];IDist4Unom [mA];IDist5Unom [mA],UDist2Unom [V];UDist3Unom [V];UDist4Unom [V];UDist5Unom [V];IDist2Unom [mA];IDist3Unom [mA];IDist4Unom [mA];IDist5Unom [mA],,,9.448,,,,,,,,,0,,,,39.916,40.461,,500,1,1,,,,,,,,0.07,0.072,0.07,0.072,0.072,40.183,3.999,4.002,4.003,4.003,4.003,,,,,,,,,,,Dimensional / Alignment,Dimensional / Alignment
CC-25012758,1493823,330-020-373,1493823_CTX_LK_inductive_07.xlsx,Gap between ferrite and front cap,"Lack of time on magnet tool or untreated caps, Lack of skills, done by a trainee",190.175,197722,14934110,5575586,1,8,UDist2Unom [V];UDist3Unom [V];UDist4Unom [V];UDist5Unom [V];IDist2Unom [mA];IDist3Unom [mA];IDist4Unom [mA];IDist5Unom [mA],UDist2Unom [V];UDist3Unom [V];UDist4Unom [V];UDist5Unom [V];IDist2Unom [mA];IDist3Unom [mA];IDist4Unom [mA];IDist5Unom [mA],,,9.559,,,,,,,,,0,,,,40.129,39.922,,500,1,1,,,,,,,,,0.139,0.136,0.138,0.139,39.981,,4.164,4.165,4.165,4.165,,,,,,,,,,,Dimensional / Alignment,Dimensional / Alignment
CC-25012758,1493823,330-020-373,1493823_CTX_LK_inductive_07.xlsx,Gap between ferrite and front cap,"Lack of time on magnet tool or untreated caps, Lack of skills, done by a trainee",46.198,197717,14934085,5575586,1,8,UDist2Unom [V];UDist3Unom [V];UDist4Unom [V];UDist5Unom [V];IDist2Unom [mA];IDist3Unom [mA];IDist4Unom [mA];IDist5Unom [mA],UDist2Unom [V];UDist3Unom [V];UDist4Unom [V];UDist5Unom [V];IDist2Unom [mA];IDist3Unom [mA];IDist4Unom [mA];IDist5Unom [mA],,,12.49,,,,,,,,,0,,,,40.226,40.748,,500,1,1,,,,,,,,0.073,12.006,6.259,12.007,12.007,40.479,4.247,23.191,15.792,23.192,23.192,,,,,,,,,,,Dimensional / Alignment,Dimensional / Alignment
CC-25012758,1493823,330-020-373,1493823_CTX_LK_inductive_01.xlsx,Gap between ferrite and front cap,"Lack of time on magnet tool or untreated caps, Lack of skills, done by a trainee",42.094,197636,14933782,5575586,1,6,UDist1Unom [V];UDist3Unom [V];UDist4Unom [V];IDist1Unom [mA];IDist3Unom [mA];IDist4Unom [mA],UDist1Unom [V];UDist3Unom [V];UDist4Unom [V];IDist1Unom [mA];IDist3Unom [mA];IDist4Unom [mA],,,10.14,,,,,,,,,0,,,,39.85,41.34,,500,1,1,,,,,,,,1.34,9.8,5.99,9.52,9.71,36.03,6.25,19.59,17.87,19.15,19.44,,,,,,,,,,,Dimensional / Alignment,Dimensional / Alignment
CC-25012758,1493823,330-020-373,1493823_CTX_LK_inductive_02.xlsx,Gap between ferrite and front cap,"Lack of time on magnet tool or untreated caps, Lack of skills, done by a trainee",37.455,197636,14933782,5575586,1,6,UDist1Unom [V];UDist3Unom [V];UDist4Unom [V];IDist1Unom [mA];IDist3Unom [mA];IDist4Unom [mA],UDist1Unom [V];UDist3Unom [V];UDist4Unom [V];IDist1Unom [mA];IDist3Unom [mA];IDist4Unom [mA],,,11.59,,,,,,,,,0,,,,40.12,41.42,,500,1,1,,,,,,,,1.2,9.77,5.98,9.45,9.67,36.12,5.76,19.46,17.62,18.94,19.3,,,,,,,,,,,Dimensional / Alignment,Dimensional / Alignment
CC-25011973,1484731,330-020-380,1484731_CTX_LK_inductive_04.xlsx,Coil wire bridge with ground pad,Lack of attention to solder points,0.0,-1.0,-1.0,,,3,eeprom_integrity [];id_unique_number [];unique_number [],eeprom_integrity [],,,,,,,,,,,,,,,,,,,,1,1,,,,,,,,,,,,,,,,,,,,,,,,,,,,,Coil,Coil
CC-25011973,1484731,330-020-380,1484731_CTX_LK_inductive_04.xlsx,Coil wire bridge with ground pad,Lack of attention to solder points,0.0,,,,,1,eeprom_integrity [],eeprom_integrity [],,,,,,,,,,,,,,,,,,,,1,1,,,,,,,,,,,,,,,,,,,,,,,,,,,,,Coil,Coil
CC-25011973,1484731,330-020-380,1484731_CTX_LK_inductive_04.xlsx,Coil wire bridge with ground pad,Lack of attention to solder points,0.0,,,,,1,eeprom_integrity [],eeprom_integrity [],,,,,,,,,,,,,,,,,,,,1,1,,,,,,,,,,,,,,,,,,,,,,,,,,,,,Coil,Coil
CC-25011973,1484731,330-020-380,1484731_CTX_LK_inductive_04.xlsx,Coil wire bridge with ground pad,Lack of attention to solder points,0.0,,,,,1,eeprom_integrity [],eeprom_integrity [],,,,,,,,,,,,,,,,,,,,,,,,,,,,,,,,,,,,,,,,,,,,,,,,,,Coil,Coil
CC-25011971,1484731,330-020-380,1484731_CTX_LK_inductive_04.xlsx,Coil wire bridge with ground pad,Lack of attention to solder points,0.0,-1.0,-1.0,,,3,eeprom_integrity [];id_unique_number [];unique_number [],eeprom_integrity [],,,,,,,,,,,,,,,,,,,,1,1,,,,,,,,,,,,,,,,,,,,,,,,,,,,,Coil,Coil
CC-25011971,1484731,330-020-380,1484731_CTX_LK_inductive_04.xlsx,Coil wire bridge with ground pad,Lack of attention to solder points,0.0,,,,,1,eeprom_integrity [],eeprom_integrity [],,,,,,,,,,,,,,,,,,,,1,1,,,,,,,,,,,,,,,,,,,,,,,,,,,,,Coil,Coil
CC-25011971,1484731,330-020-380,1484731_CTX_LK_inductive_04.xlsx,Coil wire bridge with ground pad,Lack of attention to solder points,0.0,,,,,1,eeprom_integrity [],eeprom_integrity [],,,,,,,,,,,,,,,,,,,,1,1,,,,,,,,,,,,,,,,,,,,,,,,,,,,,Coil,Coil
CC-25011971,1484731,330-020-380,1484731_CTX_LK_inductive_04.xlsx,Coil wire bridge with ground pad,Lack of attention to solder points,0.0,,,,,1,eeprom_integrity [],eeprom_integrity [],,,,,,,,,,,,,,,,,,,,,,,,,,,,,,,,,,,,,,,,,,,,,,,,,,Coil,Coil
CC-25011972,1484731,330-020-380,1484731_CTX_LK_inductive_04.xlsx,Coil wire bridge with ground pad,Lack of attention to solder points,0.0,-1.0,-1.0,,,3,eeprom_integrity [];id_unique_number [];unique_number [],eeprom_integrity [],,,,,,,,,,,,,,,,,,,,1,1,,,,,,,,,,,,,,,,,,,,,,,,,,,,,Coil,Coil
CC-25011972,1484731,330-020-380,1484731_CTX_LK_inductive_04.xlsx,Coil wire bridge with ground pad,Lack of attention to solder points,0.0,,,,,1,eeprom_integrity [],eeprom_integrity [],,,,,,,,,,,,,,,,,,,,1,1,,,,,,,,,,,,,,,,,,,,,,,,,,,,,Coil,Coil
CC-25011972,1484731,330-020-380,1484731_CTX_LK_inductive_04.xlsx,Coil wire bridge with ground pad,Lack of attention to solder points,0.0,,,,,1,eeprom_integrity [],eeprom_integrity [],,,,,,,,,,,,,,,,,,,,1,1,,,,,,,,,,,,,,,,,,,,,,,,,,,,,Coil,Coil
CC-25011972,1484731,330-020-380,1484731_CTX_LK_inductive_04.xlsx,Coil wire bridge with ground pad,Lack of attention to solder points,0.0,,,,,1,eeprom_integrity [],eeprom_integrity [],,,,,,,,,,,,,,,,,,,,,,,,,,,,,,,,,,,,,,,,,,,,,,,,,,Coil,Coil
CC-260812989,1677583,330-020-396,1677583_CTX_LK_inductive_06.xlsx,IDistUnom fail - Solder Bridge between Flex PCB solder points,Possible solder bridged due to excess tin on solder points. No method to check.,75.814,372094,19950055,5588463,1,9,UDist2Unom [V];UDist3Unom [V];UDist4Unom [V];UDist5Unom [V];IDist1Unom [mA];IDist2Unom [mA];IDist3Unom [mA];IDist4Unom [mA];IDist5Unom [mA],UDist2Unom [V];UDist3Unom [V];UDist4Unom [V];UDist5Unom [V];IDist1Unom [mA];IDist2Unom [mA];IDist3Unom [mA];IDist4Unom [mA];IDist5Unom [mA],,,10.008,,,,,,,,,0.003,,,,39.988,40.329,,500,1,1,,,,,,,,0.271,0.271,0.271,0.272,0.272,40.078,10.0,100.0,100.0,100.0,100.0,,,,,,,,,,,Flex / PCB / Solder / Wiring,Flex / PCB / Solder / Wiring
CC-260812989,1677583,330-020-396,1677583_CTX_LK_inductive_06.xlsx,IDistUnom fail - Solder Bridge between Flex PCB solder points,Possible solder bridged due to excess tin on solder points. No method to check.,75.667,372105,19950141,5588463,1,9,UDist2Unom [V];UDist3Unom [V];UDist4Unom [V];UDist5Unom [V];IDist1Unom [mA];IDist2Unom [mA];IDist3Unom [mA];IDist4Unom [mA];IDist5Unom [mA],UDist2Unom [V];UDist3Unom [V];UDist4Unom [V];UDist5Unom [V];IDist1Unom [mA];IDist2Unom [mA];IDist3Unom [mA];IDist4Unom [mA];IDist5Unom [mA],,,10.052,,,,,,,,,0.003,,,,40.11,40.31,,500,1,1,,,,,,,,0.293,0.291,0.292,0.292,0.291,40.197,10.0,100.0,100.0,100.0,100.0,,,,,,,,,,,Flex / PCB / Solder / Wiring,Flex / PCB / Solder / Wiring
CC-260812989,1677583,330-020-396,1677583_CTX_LK_inductive_06.xlsx,IDistUnom fail - Solder Bridge between Flex PCB solder points,Possible solder bridged due to excess tin on solder points. No method to check.,20.251,372090,19950027,5588463,1,7,UDist3Unom [V];UDist4Unom [V];IDist1Unom [mA];IDist2Unom [mA];IDist3Unom [mA];IDist4Unom [mA];IDist5Unom [mA],UDist3Unom [V];UDist4Unom [V];IDist1Unom [mA];IDist2Unom [mA];IDist3Unom [mA];IDist4Unom [mA];IDist5Unom [mA],,,11.495,,,,,,,,,0.003,,,,40.381,40.505,,500,1,1,,,,,,,,0.325,10.742,6.314,9.156,10.196,38.312,10.0,100.0,100.0,100.0,100.0,,,,,,,,,,,Flex / PCB / Solder / Wiring,Flex / PCB / Solder / Wiring
CC-260812989,1677583,330-020-396,1677583_CTX_LK_inductive_06.xlsx,IDistUnom fail - Solder Bridge between Flex PCB solder points,Possible solder bridged due to excess tin on solder points. No method to check.,20.251,372043,19949702,5588463,1,6,UzOverOut2 [V];IDist1Unom [mA];IDist2Unom [mA];IDist3Unom [mA];IDist4Unom [mA];IDist5Unom [mA],IDist1Unom [mA];IDist2Unom [mA];IDist3Unom [mA];IDist4Unom [mA];IDist5Unom [mA],,,11.418,,,,,,,,,0.003,,,,40.276,40.499,,500,1,1,,,,,,,,0.234,10.782,5.271,8.701,10.078,4.57,10.0,100.0,100.0,100.0,100.0,,,,,,,,,,,Flex / PCB / Solder / Wiring,Flex / PCB / Solder / Wiring
CC-260812989,1677583,330-020-396,1677583_CTX_LK_inductive_06.xlsx,IDistUnom fail - Solder Bridge between Flex PCB solder points,Possible solder bridged due to excess tin on solder points. No method to check.,20.251,372039,19949672,5588463,1,5,IDist1Unom [mA];IDist2Unom [mA];IDist3Unom [mA];IDist4Unom [mA];IDist5Unom [mA],IDist1Unom [mA];IDist2Unom [mA];IDist3Unom [mA];IDist4Unom [mA];IDist5Unom [mA],,,11.452,,,,,,,,,0.003,,,,40.305,40.488,,500,1,1,,,,,,,,0.189,10.811,5.19,8.681,10.088,40.309,10.0,100.0,100.0,100.0,100.0,,,,,,,,,,,Flex / PCB / Solder / Wiring,Flex / PCB / Solder / Wiring
CC-260812989,1677583,330-020-396,1677583_CTX_LK_inductive_06.xlsx,IDistUnom fail - Solder Bridge between Flex PCB solder points,Possible solder bridged due to excess tin on solder points. No method to check.,20.251,372049,19949725,5588463,1,6,UzOverOut2 [V];IDist1Unom [mA];IDist2Unom [mA];IDist3Unom [mA];IDist4Unom [mA];IDist5Unom [mA],IDist1Unom [mA];IDist2Unom [mA];IDist3Unom [mA];IDist4Unom [mA];IDist5Unom [mA],,,11.377,,,,,,,,,0.003,,,,40.375,40.454,,500,1,1,,,,,,,,0.125,10.873,4.998,8.563,10.075,32.313,10.0,100.0,100.0,100.0,100.0,,,,,,,,,,,Flex / PCB / Solder / Wiring,Flex / PCB / Solder / Wiring
CC-260812989,1677583,330-020-396,1677583_CTX_LK_inductive_06.xlsx,IDistUnom fail - Solder Bridge between Flex PCB solder points,Possible solder bridged due to excess tin on solder points. No method to check.,0.0,,,,,1,eeprom_integrity [],eeprom_integrity [],,,,,,,,,,,,,,,,,,,,1,1,,,,,,,,,,,,,,,,,,,,,,,,,,,,,Flex / PCB / Solder / Wiring,Flex / PCB / Solder / Wiring
CC-260812989,1677583,330-020-396,1677583_CTX_LK_inductive_06.xlsx,IDistUnom fail - Solder Bridge between Flex PCB solder points,Possible solder bridged due to excess tin on solder points. No method to check.,0.0,,,,,1,eeprom_integrity [],eeprom_integrity [],,,,,,,,,,,,,,,,,,,,,,,,,,,,,,,,,,,,,,,,,,,,,,,,,,Flex / PCB / Solder / Wiring,Flex / PCB / Solder / Wiring
CC-25012903,2008815,330-010-335,2008815_CTX_LK_inductive_05.xlsx,Shield contact with housing,"Shield is not completely covered with tape, Process violation",60.53,1060249,15069022,5611267,1,10,DistUnom [mm];HystUnom [%];ILedOn [mA];IconsHorsCharge [mA];IccEnclUmax [mA];IfuiteUmax [mA];UbDeclenchement [V];SignErrOffUmin [ms];UzOverOut [V];UzInvUb [V],DistUnom [mm];HystUnom [%],0.0,0.0,-1074118478.0,-1074118478.0,-1074118478.0,1.503,-1074118478.0,-1074118478.0,26.62,0,-1074118478.0,0.005,0.662,0.002,-1074118478.0,,-1074118478.0,1,500,1,1,1,1,1,1,1,1,1,,,,,,,,,,,,,,,,,,,,,,Dimensional / Alignment,Dimensional / Alignment
CC-25012903,2008815,330-010-335,2008815_CTX_LK_inductive_07.xlsx,Shield contact with housing,"Shield is not completely covered with tape, Process violation",60.53,1060234,15068946,5611267,1,10,DistUnom [mm];HystUnom [%];ILedOn [mA];IconsHorsCharge [mA];IccEnclUmax [mA];IfuiteUmax [mA];UbDeclenchement [V];SignErrOffUmin [ms];UzOverOut [V];UzInvUb [V],DistUnom [mm];HystUnom [%],0.0,0.0,-1074118478.0,-1074118478.0,-1074118478.0,1.244,-1074118478.0,-1074118478.0,26.396,0,-1074118478.0,0,0.661,0,-1074118478.0,,-1074118478.0,1,500,1,1,1,1,1,1,1,1,1,,,,,,,,,,,,,,,,,,,,,,Dimensional / Alignment,Dimensional / Alignment
CC-260110514,1637346,330-020-396,1637346_CTX_LK_inductive_06.xlsx,Ferrite not centered within the Front cap & Shield,Worn-out tool part holder 301 484 and misalignment of ferrite due to that,20.251,328988,18926993,5615471,1,5,IDist1Unom [mA];IDist2Unom [mA];IDist3Unom [mA];IDist4Unom [mA];IDist5Unom [mA],IDist1Unom [mA];IDist2Unom [mA];IDist3Unom [mA];IDist4Unom [mA];IDist5Unom [mA],,,11.575,,,,,,,,,0.003,,,,39.324,39.124,,500,1,1,,,,,,,,0.22,10.932,4.996,8.508,10.061,39.242,10.0,100.0,100.0,100.0,100.0,,,,,,,,,,,Dimensional / Alignment,Dimensional / Alignment
CC-260110514,1637346,330-020-396,1637346_CTX_LK_inductive_06.xlsx,Ferrite not centered within the Front cap & Shield,Worn-out tool part holder 301 484 and misalignment of ferrite due to that,2.236,328916,18926636,5615471,1,1,UDist1Unom [V],UDist1Unom [V],,,11.559,,,,,,,,,0.002,,,,39.228,40.423,,500,1,1,,,,,,,,0.402,10.881,5.252,8.639,10.08,39.167,4.57,21.148,12.235,17.592,19.872,,,,,,,,,,,Dimensional / Alignment,Dimensional / Alignment
CC-260110514,1637346,330-020-396,1637346_CTX_LK_inductive_06.xlsx,Ferrite not centered within the Front cap & Shield,Worn-out tool part holder 301 484 and misalignment of ferrite due to that,2.235,329021,18927180,5615471,1,2,UDist3Unom [V];IDist3Unom [mA],UDist3Unom [V];IDist3Unom [mA],,,11.457,,,,,,,,,0.002,,,,39.772,39.799,,500,1,1,,,,,,,,0.238,11.071,4.645,8.303,10.062,39.183,4.323,21.491,11.3,17.094,19.879,,,,,,,,,,,Dimensional / Alignment,Dimensional / Alignment
CC-260110514,1637346,330-020-396,1637346_CTX_LK_inductive_06.xlsx,Ferrite not centered within the Front cap & Shield,Worn-out tool part holder 301 484 and misalignment of ferrite due to that,2.169,328960,18926859,5615471,1,2,UDist3Unom [V];IDist3Unom [mA],UDist3Unom [V];IDist3Unom [mA],,,11.511,,,,,,,,,0.002,,,,39.354,39.971,,500,1,1,,,,,,,,0.261,11.109,4.657,8.352,10.106,38.858,4.338,21.463,11.277,17.116,19.882,,,,,,,,,,,Dimensional / Alignment,Dimensional / Alignment
CC-260110514,1637346,330-020-396,1637346_CTX_LK_inductive_06.xlsx,Ferrite not centered within the Front cap & Shield,Worn-out tool part holder 301 484 and misalignment of ferrite due to that,2.125,329014,18927138,5615472,1,2,UDist3Unom [V];IDist3Unom [mA],UDist3Unom [V];IDist3Unom [mA],,,11.804,,,,,,,,,0.002,,,,38.68,40.466,,500,1,1,,,,,,,,0.109,11.053,4.665,8.335,10.056,38.682,4.114,21.461,11.335,17.149,19.882,,,,,,,,,,,Dimensional / Alignment,Dimensional / Alignment
CC-260110514,1637346,330-020-396,1637346_CTX_LK_inductive_06.xlsx,Ferrite not centered within the Front cap & Shield,Worn-out tool part holder 301 484 and misalignment of ferrite due to that,1.814,329026,18927210,5615472,1,2,UDist3Unom [V];IDist3Unom [mA],UDist3Unom [V];IDist3Unom [mA],,,11.657,,,,,,,,,0.002,,,,39.418,40.559,,500,1,1,,,,,,,,0.221,11.018,4.722,8.338,10.025,39.775,4.273,21.313,11.372,17.074,19.739,,,,,,,,,,,Dimensional / Alignment,Dimensional / Alignment
CC-260110514,1637346,330-020-396,1637346_CTX_LK_inductive_06.xlsx,Ferrite not centered within the Front cap & Shield,Worn-out tool part holder 301 484 and misalignment of ferrite due to that,1.656,329016,18927151,5615471,1,2,UDist3Unom [V];IDist3Unom [mA],UDist3Unom [V];IDist3Unom [mA],,,11.562,,,,,,,,,0.002,,,,39.265,40.354,,500,1,1,,,,,,,,0.087,11.043,4.751,8.402,10.084,38.701,4.1,21.41,11.459,17.227,19.894,,,,,,,,,,,Dimensional / Alignment,Dimensional / Alignment
CC-260110514,1637346,330-020-396,1637346_CTX_LK_inductive_06.xlsx,Ferrite not centered within the Front cap & Shield,Worn-out tool part holder 301 484 and misalignment of ferrite due to that,1.568,328958,18926852,5615472,1,2,UDist3Unom [V];IDist3Unom [mA],UDist3Unom [V];IDist3Unom [mA],,,11.957,,,,,,,,,0.002,,,,39.31,40.853,,500,1,1,,,,,,,,0.127,11.046,4.767,8.42,10.097,39.643,4.15,21.448,11.494,17.286,19.947,,,,,,,,,,,Dimensional / Alignment,Dimensional / Alignment
CC-260712712,1671670,330-020-335,1671670_CTX_LK_inductive_08.xlsx,Eeprom 7015 - Coil damage,Possible coil damaged when separating the coil wires due to raw material issue (coil wires too close),0.0,,,,,2,VRCUmeasurement [];eeprom_integrity [],eeprom_integrity [],,,,,,,,,,,,,,,,,,,,1,1,,,,,,,,,,,,,,,,,,,,,,,,,,,,,Coil,Coil
CC-25012420,1485209,330-020-077,1485209_CTX_LK_inductive_05.xlsx,Coil elementhal wire damage,"Possible dimension issue of the material as observed by production staff and during inserting to ferrite, coil wires get scratched & strands expanded",0.0,,,,,2,VRCUmeasurement [];eeprom_integrity [],eeprom_integrity [],,,,,,,,,,,,,,,,,,,,1,1,,,,,,,,,,,,,,,,,,,,,,,,,,,,,Coil,Coil
CC-25012420,1485209,330-020-077,1485209_CTX_LK_inductive_05.xlsx,Coil elementhal wire damage,"Possible dimension issue of the material as observed by production staff and during inserting to ferrite, coil wires get scratched & strands expanded",0.0,,,,,1,eeprom_integrity [],eeprom_integrity [],,,,,,,,,,,,,,,,,,,,,,,,,,,,,,,,,,,,,,,,,,,,,,,,,,Coil,Coil
CC-25012420,1485209,330-020-077,1485209_CTX_LK_inductive_05.xlsx,Coil elementhal wire damage,"Possible dimension issue of the material as observed by production staff and during inserting to ferrite, coil wires get scratched & strands expanded",0.0,,,,,1,eeprom_integrity [],eeprom_integrity [],,,,,,,,,,,,,,,,,,,,,,,,,,,,,,,,,,,,,,,,,,,,,,,,,,Coil,Coil
CC-24111579,1567704,320-020-516,1567704_CTX_LK_inductive_04.xlsx,Trimming Failure,Suspected uncontrollable trimming operation.,1.079,,,,,4,IDist1Umin [mA];IDist5Umin [mA];IDist1Umax [mA];IDist5Umax [mA],IDist1Umin [mA];IDist5Umin [mA];IDist1Umax [mA];IDist5Umax [mA],,,4.95,,,,,,,,,0,,,39.7,40.95,41.17,,500,,,,,,,,,,,,,,,39.38,,,,,,0,2.67,5.21,1.37,5.48,0.14,2.67,5.22,1.23,5.42,Dimensional / Alignment,Dimensional / Alignment
CC-24111579,1567704,320-020-516,1567704_CTX_LK_inductive_04.xlsx,Trimming Failure,Suspected uncontrollable trimming operation.,1.079,,,,,2,IDist1Umin [mA];IDist1Umax [mA],IDist1Umin [mA];IDist1Umax [mA],,,4.87,,,,,,,,,0,,,40.65,40.8,41.57,,500,,,,,,,,,,,,,,,39.87,,,,,,0,2.63,4.81,1.37,5.15,0.14,2.63,4.81,1.38,5.11,Dimensional / Alignment,Dimensional / Alignment
CC-24111579,1567704,320-020-516,1567704_CTX_LK_inductive_04.xlsx,Trimming Failure,Suspected uncontrollable trimming operation.,1.046,,,,,4,IDist1Umin [mA];IDist5Umin [mA];IDist1Umax [mA];IDist5Umax [mA],IDist1Umin [mA];IDist5Umin [mA];IDist1Umax [mA];IDist5Umax [mA],,,4.97,,,,,,,,,0,,,40.95,39.97,41.75,,500,,,,,,,,,,,,,,,40.27,,,,,,0,2.66,5.28,1.36,5.52,0.13,2.66,5.28,1.31,5.49,Dimensional / Alignment,Dimensional / Alignment
CC-24111579,1567704,320-020-516,1567704_CTX_LK_inductive_04.xlsx,Trimming Failure,Suspected uncontrollable trimming operation.,1.046,,,,,4,IDist1Umin [mA];IDist5Umin [mA];IDist1Umax [mA];IDist5Umax [mA],IDist1Umin [mA];IDist5Umin [mA];IDist1Umax [mA];IDist5Umax [mA],,,4.87,,,,,,,,,0,,,39.47,39.86,41.48,,500,,,,,,,,,,,,,,,40.42,,,,,,0,2.58,5.22,1.36,5.49,0.14,2.59,5.22,1.35,5.47,Dimensional / Alignment,Dimensional / Alignment
CC-24111579,1567704,320-020-516,1567704_CTX_LK_inductive_04.xlsx,Trimming Failure,Suspected uncontrollable trimming operation.,1.013,,,,,4,IDist1Umin [mA];IDist5Umin [mA];IDist1Umax [mA];IDist5Umax [mA],IDist1Umin [mA];IDist5Umin [mA];IDist1Umax [mA];IDist5Umax [mA],,,4.91,,,,,,,,,0,,,40.4,40.44,41.37,,500,,,,,,,,,,,,,,,40.94,,,,,,0,2.6,5.26,1.35,5.49,0.15,2.6,5.26,1.34,5.45,Dimensional / Alignment,Dimensional / Alignment
CC-24111579,1567704,320-020-516,1567704_CTX_LK_inductive_04.xlsx,Trimming Failure,Suspected uncontrollable trimming operation.,1.013,,,,,4,IDist1Umin [mA];IDist5Umin [mA];IDist1Umax [mA];IDist5Umax [mA],IDist1Umin [mA];IDist5Umin [mA];IDist1Umax [mA];IDist5Umax [mA],,,4.96,,,,,,,,,0,,,40.9,39.37,41.08,,500,,,,,,,,,,,,,,,40.17,,,,,,0,2.59,5.27,1.35,5.51,0.11,2.59,5.28,1.35,5.5,Dimensional / Alignment,Dimensional / Alignment
CC-24111579,1567704,320-020-516,1567704_CTX_LK_inductive_04.xlsx,Trimming Failure,Suspected uncontrollable trimming operation.,0.98,,,,,4,IDist1Umin [mA];IDist5Umin [mA];IDist1Umax [mA];IDist5Umax [mA],IDist1Umin [mA];IDist5Umin [mA];IDist1Umax [mA];IDist5Umax [mA],,,4.94,,,,,,,,,0,,,41.08,40.38,42.2,,500,,,,,,,,,,,,,,,40.95,,,,,,0,2.52,5.18,1.34,5.51,0.12,2.52,5.18,1.31,5.45,Dimensional / Alignment,Dimensional / Alignment
CC-24111579,1567704,320-020-516,1567704_CTX_LK_inductive_04.xlsx,Trimming Failure,Suspected uncontrollable trimming operation.,0.98,,,,,4,IDist1Umin [mA];IDist5Umin [mA];IDist1Umax [mA];IDist5Umax [mA],IDist1Umin [mA];IDist5Umin [mA];IDist1Umax [mA];IDist5Umax [mA],,,4.91,,,,,,,,,0,,,40.2,39.89,42.04,,500,,,,,,,,,,,,,,,40.45,,,,,,0,2.56,5.18,1.34,5.44,0.13,2.57,5.18,1.34,5.42,Dimensional / Alignment,Dimensional / Alignment
CC-24111579,1567704,320-020-516,1567704_CTX_LK_inductive_04.xlsx,Trimming Failure,Suspected uncontrollable trimming operation.,0.947,,,,,4,IDist1Umin [mA];IDist5Umin [mA];IDist1Umax [mA];IDist5Umax [mA],IDist1Umin [mA];IDist5Umin [mA];IDist1Umax [mA];IDist5Umax [mA],,,5.04,,,,,,,,,0,,,40.21,40.2,40.78,,500,,,,,,,,,,,,,,,40.48,,,,,,0,2.63,5.17,1.33,5.43,0.13,2.64,5.19,1.31,5.4,Dimensional / Alignment,Dimensional / Alignment
CC-24111579,1567704,320-020-516,1567704_CTX_LK_inductive_04.xlsx,Trimming Failure,Suspected uncontrollable trimming operation.,0.881,,,,,4,IDist1Umin [mA];IDist5Umin [mA];IDist1Umax [mA];IDist5Umax [mA],IDist1Umin [mA];IDist5Umin [mA];IDist1Umax [mA];IDist5Umax [mA],,,5,,,,,,,,,0,,,39.93,40.56,42.62,,500,,,,,,,,,,,,,,,40.64,,,,,,0,2.61,5.19,1.31,5.42,0.13,2.61,5.2,1.25,5.38,Dimensional / Alignment,Dimensional / Alignment
CC-24111580,1567704,320-020-516,1567704_CTX_LK_inductive_04.xlsx,Trimming Failure due to flex removed from solderpad,Flex removed with solder pad due to excess heat and time during soldering,1.079,,,,,4,IDist1Umin [mA];IDist5Umin [mA];IDist1Umax [mA];IDist5Umax [mA],IDist1Umin [mA];IDist5Umin [mA];IDist1Umax [mA];IDist5Umax [mA],,,4.95,,,,,,,,,0,,,39.7,40.95,41.17,,500,,,,,,,,,,,,,,,39.38,,,,,,0,2.67,5.21,1.37,5.48,0.14,2.67,5.22,1.23,5.42,Dimensional / Alignment,Dimensional / Alignment
CC-24111580,1567704,320-020-516,1567704_CTX_LK_inductive_04.xlsx,Trimming Failure due to flex removed from solderpad,Flex removed with solder pad due to excess heat and time during soldering,1.079,,,,,2,IDist1Umin [mA];IDist1Umax [mA],IDist1Umin [mA];IDist1Umax [mA],,,4.87,,,,,,,,,0,,,40.65,40.8,41.57,,500,,,,,,,,,,,,,,,39.87,,,,,,0,2.63,4.81,1.37,5.15,0.14,2.63,4.81,1.38,5.11,Dimensional / Alignment,Dimensional / Alignment
CC-24111580,1567704,320-020-516,1567704_CTX_LK_inductive_04.xlsx,Trimming Failure due to flex removed from solderpad,Flex removed with solder pad due to excess heat and time during soldering,1.046,,,,,4,IDist1Umin [mA];IDist5Umin [mA];IDist1Umax [mA];IDist5Umax [mA],IDist1Umin [mA];IDist5Umin [mA];IDist1Umax [mA];IDist5Umax [mA],,,4.97,,,,,,,,,0,,,40.95,39.97,41.75,,500,,,,,,,,,,,,,,,40.27,,,,,,0,2.66,5.28,1.36,5.52,0.13,2.66,5.28,1.31,5.49,Dimensional / Alignment,Dimensional / Alignment
CC-24111580,1567704,320-020-516,1567704_CTX_LK_inductive_04.xlsx,Trimming Failure due to flex removed from solderpad,Flex removed with solder pad due to excess heat and time during soldering,1.046,,,,,4,IDist1Umin [mA];IDist5Umin [mA];IDist1Umax [mA];IDist5Umax [mA],IDist1Umin [mA];IDist5Umin [mA];IDist1Umax [mA];IDist5Umax [mA],,,4.87,,,,,,,,,0,,,39.47,39.86,41.48,,500,,,,,,,,,,,,,,,40.42,,,,,,0,2.58,5.22,1.36,5.49,0.14,2.59,5.22,1.35,5.47,Dimensional / Alignment,Dimensional / Alignment
CC-24111580,1567704,320-020-516,1567704_CTX_LK_inductive_04.xlsx,Trimming Failure due to flex removed from solderpad,Flex removed with solder pad due to excess heat and time during soldering,1.013,,,,,4,IDist1Umin [mA];IDist5Umin [mA];IDist1Umax [mA];IDist5Umax [mA],IDist1Umin [mA];IDist5Umin [mA];IDist1Umax [mA];IDist5Umax [mA],,,4.91,,,,,,,,,0,,,40.4,40.44,41.37,,500,,,,,,,,,,,,,,,40.94,,,,,,0,2.6,5.26,1.35,5.49,0.15,2.6,5.26,1.34,5.45,Dimensional / Alignment,Dimensional / Alignment
CC-24111580,1567704,320-020-516,1567704_CTX_LK_inductive_04.xlsx,Trimming Failure due to flex removed from solderpad,Flex removed with solder pad due to excess heat and time during soldering,1.013,,,,,4,IDist1Umin [mA];IDist5Umin [mA];IDist1Umax [mA];IDist5Umax [mA],IDist1Umin [mA];IDist5Umin [mA];IDist1Umax [mA];IDist5Umax [mA],,,4.96,,,,,,,,,0,,,40.9,39.37,41.08,,500,,,,,,,,,,,,,,,40.17,,,,,,0,2.59,5.27,1.35,5.51,0.11,2.59,5.28,1.35,5.5,Dimensional / Alignment,Dimensional / Alignment
CC-24111580,1567704,320-020-516,1567704_CTX_LK_inductive_04.xlsx,Trimming Failure due to flex removed from solderpad,Flex removed with solder pad due to excess heat and time during soldering,0.98,,,,,4,IDist1Umin [mA];IDist5Umin [mA];IDist1Umax [mA];IDist5Umax [mA],IDist1Umin [mA];IDist5Umin [mA];IDist1Umax [mA];IDist5Umax [mA],,,4.94,,,,,,,,,0,,,41.08,40.38,42.2,,500,,,,,,,,,,,,,,,40.95,,,,,,0,2.52,5.18,1.34,5.51,0.12,2.52,5.18,1.31,5.45,Dimensional / Alignment,Dimensional / Alignment
CC-24111580,1567704,320-020-516,1567704_CTX_LK_inductive_04.xlsx,Trimming Failure due to flex removed from solderpad,Flex removed with solder pad due to excess heat and time during soldering,0.98,,,,,4,IDist1Umin [mA];IDist5Umin [mA];IDist1Umax [mA];IDist5Umax [mA],IDist1Umin [mA];IDist5Umin [mA];IDist1Umax [mA];IDist5Umax [mA],,,4.91,,,,,,,,,0,,,40.2,39.89,42.04,,500,,,,,,,,,,,,,,,40.45,,,,,,0,2.56,5.18,1.34,5.44,0.13,2.57,5.18,1.34,5.42,Dimensional / Alignment,Dimensional / Alignment
CC-24111580,1567704,320-020-516,1567704_CTX_LK_inductive_04.xlsx,Trimming Failure due to flex removed from solderpad,Flex removed with solder pad due to excess heat and time during soldering,0.947,,,,,4,IDist1Umin [mA];IDist5Umin [mA];IDist1Umax [mA];IDist5Umax [mA],IDist1Umin [mA];IDist5Umin [mA];IDist1Umax [mA];IDist5Umax [mA],,,5.04,,,,,,,,,0,,,40.21,40.2,40.78,,500,,,,,,,,,,,,,,,40.48,,,,,,0,2.63,5.17,1.33,5.43,0.13,2.64,5.19,1.31,5.4,Dimensional / Alignment,Dimensional / Alignment
CC-24111580,1567704,320-020-516,1567704_CTX_LK_inductive_04.xlsx,Trimming Failure due to flex removed from solderpad,Flex removed with solder pad due to excess heat and time during soldering,0.881,,,,,4,IDist1Umin [mA];IDist5Umin [mA];IDist1Umax [mA];IDist5Umax [mA],IDist1Umin [mA];IDist5Umin [mA];IDist1Umax [mA];IDist5Umax [mA],,,5,,,,,,,,,0,,,39.93,40.56,42.62,,500,,,,,,,,,,,,,,,40.64,,,,,,0,2.61,5.19,1.31,5.42,0.13,2.61,5.2,1.25,5.38,Dimensional / Alignment,Dimensional / Alignment
CC-25068204,1598774,330-020-446,1598774_CTX_LK_inductive_06.xlsx,Gap between front cap and ferrite.Potting layer filled.,Adhesion issue of loctite 480(Loctite 480 visible in front cap and ferrite),13.849,283976,17756166,5592942,1,6,UzOverOut2 [V];IDist1Unom [mA];IDist2Unom [mA];IDist3Unom [mA];IDist4Unom [mA];IDist5Unom [mA],IDist1Unom [mA];IDist2Unom [mA];IDist3Unom [mA];IDist4Unom [mA];IDist5Unom [mA],,,10.597,,,,,,,,,0.004,,,,39.476,39.42,,500,1,1,,,,,,,,0.063,10.206,5.475,8.74,9.768,4.598,10.0,100.0,100.0,100.0,100.0,,,,,,,,,,,Dimensional / Alignment,Dimensional / Alignment
CC-25068204,1598774,330-020-446,1598774_CTX_LK_inductive_06.xlsx,Gap between front cap and ferrite.Potting layer filled.,Adhesion issue of loctite 480(Loctite 480 visible in front cap and ferrite),13.849,283988,17756220,5592942,1,5,IDist1Unom [mA];IDist2Unom [mA];IDist3Unom [mA];IDist4Unom [mA];IDist5Unom [mA],IDist1Unom [mA];IDist2Unom [mA];IDist3Unom [mA];IDist4Unom [mA];IDist5Unom [mA],,,10.637,,,,,,,,,0.003,,,,39.855,39.648,,500,1,1,,,,,,,,0.036,10.201,5.441,8.735,9.774,39.2,10.0,100.0,100.0,100.0,100.0,,,,,,,,,,,Dimensional / Alignment,Dimensional / Alignment
CC-25068204,1598774,330-020-446,1598774_CTX_LK_inductive_06.xlsx,Gap between front cap and ferrite.Potting layer filled.,Adhesion issue of loctite 480(Loctite 480 visible in front cap and ferrite),13.849,283997,17756287,5592942,1,6,UzOverOut2 [V];IDist1Unom [mA];IDist2Unom [mA];IDist3Unom [mA];IDist4Unom [mA];IDist5Unom [mA],IDist1Unom [mA];IDist2Unom [mA];IDist3Unom [mA];IDist4Unom [mA];IDist5Unom [mA],,,10.581,,,,,,,,,0.003,,,,39.163,39.313,,500,1,1,,,,,,,,0.05,10.195,5.501,8.76,9.776,4.451,10.0,100.0,100.0,100.0,100.0,,,,,,,,,,,Dimensional / Alignment,Dimensional / Alignment
CC-25068204,1598774,330-020-446,1598774_CTX_LK_inductive_06.xlsx,Gap between front cap and ferrite.Potting layer filled.,Adhesion issue of loctite 480(Loctite 480 visible in front cap and ferrite),13.849,284001,17756307,5592942,1,6,UzOverOut2 [V];IDist1Unom [mA];IDist2Unom [mA];IDist3Unom [mA];IDist4Unom [mA];IDist5Unom [mA],IDist1Unom [mA];IDist2Unom [mA];IDist3Unom [mA];IDist4Unom [mA];IDist5Unom [mA],,,10.622,,,,,,,,,0.003,,,,38.879,39.393,,500,1,1,,,,,,,,0.038,10.198,5.369,8.702,9.764,4.161,10.0,100.0,100.0,100.0,100.0,,,,,,,,,,,Dimensional / Alignment,Dimensional / Alignment
CC-25068204,1598774,330-020-446,1598774_CTX_LK_inductive_06.xlsx,Gap between front cap and ferrite.Potting layer filled.,Adhesion issue of loctite 480(Loctite 480 visible in front cap and ferrite),2.595,283971,17756139,5592942,1,2,UDist3Unom [V];IDist3Unom [mA],UDist3Unom [V];IDist3Unom [mA],,,10.771,,,,,,,,,0.002,,,,40.126,39.655,,500,1,1,,,,,,,,0.071,10.083,6.126,8.978,9.77,40.266,4.083,19.97,13.709,18.217,19.475,,,,,,,,,,,Dimensional / Alignment,Dimensional / Alignment
CC-25068204,1598774,330-020-446,1598774_CTX_LK_inductive_06.xlsx,Gap between front cap and ferrite.Potting layer filled.,Adhesion issue of loctite 480(Loctite 480 visible in front cap and ferrite),1.213,283945,17755956,5592942,1,1,UDist3Unom [V],UDist3Unom [V],,,10.501,,,,,,,,,0.002,,,,39.45,39.873,,500,1,1,,,,,,,,0.037,10.145,5.699,8.832,9.769,39.914,3.996,20.003,12.968,17.925,19.406,,,,,,,,,,,Dimensional / Alignment,Dimensional / Alignment
CC-25068204,1598774,330-020-446,1598774_CTX_LK_inductive_06.xlsx,Gap between front cap and ferrite.Potting layer filled.,Adhesion issue of loctite 480(Loctite 480 visible in front cap and ferrite),1.2,283970,17756125,5592942,1,1,UDist3Unom [V],UDist3Unom [V],,,10.799,,,,,,,,,0.002,,,,39.18,39.764,,500,1,1,,,,,,,,0.069,10.148,5.695,8.826,9.765,38.991,4.056,19.925,12.912,17.842,19.324,,,,,,,,,,,Dimensional / Alignment,Dimensional / Alignment
CC-25068204,1598774,330-020-446,1598774_CTX_LK_inductive_06.xlsx,Gap between front cap and ferrite.Potting layer filled.,Adhesion issue of loctite 480(Loctite 480 visible in front cap and ferrite),1.171,283947,17756029,5592942,1,1,UDist3Unom [V],UDist3Unom [V],,,10.636,,,,,,,,,0.002,,,,39.134,39.169,,500,1,1,,,,,,,,0.038,10.156,5.686,8.826,9.768,39.224,4.002,20.05,12.98,17.95,19.443,,,,,,,,,,,Dimensional / Alignment,Dimensional / Alignment
CC-25068204,1598774,330-020-446,1598774_CTX_LK_inductive_06.xlsx,Gap between front cap and ferrite.Potting layer filled.,Adhesion issue of loctite 480(Loctite 480 visible in front cap and ferrite),1.107,284002,17756311,5593311,1,1,UDist3Unom [V],UDist3Unom [V],,,10.646,,,,,,,,,0.002,,,,39.256,39.669,,500,1,1,,,,,,,,0.076,10.146,5.666,8.82,9.768,39.431,4.017,19.816,12.788,17.737,19.226,,,,,,,,,,,Dimensional / Alignment,Dimensional / Alignment
CC-260813118,1677577,330-020-396,1677577_CTX_LK_inductive_08.xlsx,Ferrite not centered within the Front cap & Shield,Worn-out tool part holder 301 484 and misalignment of ferrite due to that,11.922,375206,20023909,5588463,1,1,UDist3Unom [V],UDist3Unom [V],,,8.254,,,,,,,,,0,,,,40.94,41.589,,500,1,1,,,,,,,,0.05,5.183,2.872,4.402,4.929,41.157,0.841,5.025,3.142,4.389,4.818,,,,,,,,,,,Dimensional / Alignment,Dimensional / Alignment
CC-260813118,1677577,330-020-396,1677577_CTX_LK_inductive_08.xlsx,Ferrite not centered within the Front cap & Shield,Worn-out tool part holder 301 484 and misalignment of ferrite due to that,11.878,375191,20023840,5588463,1,1,UDist3Unom [V],UDist3Unom [V],,,8.317,,,,,,,,,0,,,,40.696,41.578,,500,1,1,,,,,,,,0.076,5.195,2.88,4.399,4.932,41.146,0.867,5.012,3.132,4.364,4.798,,,,,,,,,,,Dimensional / Alignment,Dimensional / Alignment
CC-260813118,1677577,330-020-396,1677577_CTX_LK_inductive_08.xlsx,Ferrite not centered within the Front cap & Shield,Worn-out tool part holder 301 484 and misalignment of ferrite due to that,11.867,375251,20024068,5588463,1,1,UDist3Unom [V],UDist3Unom [V],,,8.291,,,,,,,,,0,,,,40.721,41.635,,500,1,1,,,,,,,,0.072,5.186,2.882,4.395,4.926,41.071,0.863,5.018,3.141,4.373,4.807,,,,,,,,,,,Dimensional / Alignment,Dimensional / Alignment
CC-260813118,1677577,330-020-396,1677577_CTX_LK_inductive_08.xlsx,Ferrite not centered within the Front cap & Shield,Worn-out tool part holder 301 484 and misalignment of ferrite due to that,11.851,375274,20024179,5588463,1,1,UDist3Unom [V],UDist3Unom [V],,,8.168,,,,,,,,,0,,,,40.827,41.475,,500,1,1,,,,,,,,0.059,5.179,2.885,4.397,4.924,41.186,0.865,5.032,3.158,4.393,4.823,,,,,,,,,,,Dimensional / Alignment,Dimensional / Alignment
CC-260813118,1677577,330-020-396,1677577_CTX_LK_inductive_08.xlsx,Ferrite not centered within the Front cap & Shield,Worn-out tool part holder 301 484 and misalignment of ferrite due to that,11.359,375260,20024129,5588463,1,1,UDist3Unom [V],UDist3Unom [V],,,8.255,,,,,,,,,0,,,,40.791,41.552,,500,1,1,,,,,,,,0.051,5.168,2.975,4.438,4.929,40.869,0.849,5.009,3.221,4.411,4.815,,,,,,,,,,,Dimensional / Alignment,Dimensional / Alignment
CC-25013099,1518550,330-020-440,1518550_CTX_LK_inductive_07.xlsx,ASIC loose,Suspected lack of solder bond between ASIC balls and solder pads of PCBA,0.0,,,,,1,eeprom_integrity [],eeprom_integrity [],,,,,,,,,,,,,,,,,,,,,,,,,,,,,,,,,,,,,,,,,,,,,,,,,,ASIC / EEPROM,ASIC / EEPROM
CC-25013099,1518550,330-020-440,1518550_CTX_LK_inductive_07.xlsx,ASIC loose,Suspected lack of solder bond between ASIC balls and solder pads of PCBA,0.0,,,,,1,eeprom_integrity [],eeprom_integrity [],,,,,,,,,,,,,,,,,,,,,,,,,,,,,,,,,,,,,,,,,,,,,,,,,,ASIC / EEPROM,ASIC / EEPROM
CC-25013099,1518550,330-020-440,1518550_CTX_LK_inductive_07.xlsx,ASIC loose,Suspected lack of solder bond between ASIC balls and solder pads of PCBA,0.0,,,,,1,eeprom_integrity [],eeprom_integrity [],,,,,,,,,,,,,,,,,,,,,,,,,,,,,,,,,,,,,,,,,,,,,,,,,,ASIC / EEPROM,ASIC / EEPROM
CC-25013099,1518550,330-020-440,1518550_CTX_LK_inductive_07.xlsx,ASIC loose,Suspected lack of solder bond between ASIC balls and solder pads of PCBA,0.0,,,,,1,eeprom_integrity [],eeprom_integrity [],,,,,,,,,,,,,,,,,,,,,,,,,,,,,,,,,,,,,,,,,,,,,,,,,,ASIC / EEPROM,ASIC / EEPROM
CC-25013099,1518550,330-020-440,1518550_CTX_LK_inductive_07.xlsx,ASIC loose,Suspected lack of solder bond between ASIC balls and solder pads of PCBA,0.0,,,,,1,eeprom_integrity [],eeprom_integrity [],,,,,,,,,,,,,,,,,,,,,,,,,,,,,,,,,,,,,,,,,,,,,,,,,,ASIC / EEPROM,ASIC / EEPROM
CC-25013099,1518550,330-020-440,1518550_CTX_LK_inductive_07.xlsx,ASIC loose,Suspected lack of solder bond between ASIC balls and solder pads of PCBA,0.0,,,,,2,VRCUmeasurement [];eeprom_integrity [],eeprom_integrity [],,,,,,,,,,,,,,,,,,,,1,1,,,,,,,,,,,,,,,,,,,,,,,,,,,,,ASIC / EEPROM,ASIC / EEPROM
CC-25013099,1518550,330-020-440,1518550_CTX_LK_inductive_07.xlsx,ASIC loose,Suspected lack of solder bond between ASIC balls and solder pads of PCBA,0.0,,,,,1,eeprom_integrity [],eeprom_integrity [],,,,,,,,,,,,,,,,,,,,,,,,,,,,,,,,,,,,,,,,,,,,,,,,,,ASIC / EEPROM,ASIC / EEPROM
CC-25013099,1518550,330-020-440,1518550_CTX_LK_inductive_07.xlsx,ASIC loose,Suspected lack of solder bond between ASIC balls and solder pads of PCBA,0.0,,,,,1,eeprom_integrity [],eeprom_integrity [],,,,,,,,,,,,,,,,,,,,,,,,,,,,,,,,,,,,,,,,,,,,,,,,,,ASIC / EEPROM,ASIC / EEPROM
CC-25013099,1518550,330-020-440,1518550_CTX_LK_inductive_07.xlsx,ASIC loose,Suspected lack of solder bond between ASIC balls and solder pads of PCBA,0.0,,,,,1,eeprom_integrity [],eeprom_integrity [],,,,,,,,,,,,,,,,,,,,,,,,,,,,,,,,,,,,,,,,,,,,,,,,,,ASIC / EEPROM,ASIC / EEPROM
CC-25013099,1518550,330-020-440,1518550_CTX_LK_inductive_07.xlsx,ASIC loose,Suspected lack of solder bond between ASIC balls and solder pads of PCBA,0.0,,,,,1,eeprom_integrity [],eeprom_integrity [],,,,,,,,,,,,,,,,,,,,,,,,,,,,,,,,,,,,,,,,,,,,,,,,,,ASIC / EEPROM,ASIC / EEPROM
CC-25013099,1518550,330-020-440,1518550_CTX_LK_inductive_07.xlsx,ASIC loose,Suspected lack of solder bond between ASIC balls and solder pads of PCBA,0.0,,,,,1,eeprom_integrity [],eeprom_integrity [],,,,,,,,,,,,,,,,,,,,,,,,,,,,,,,,,,,,,,,,,,,,,,,,,,ASIC / EEPROM,ASIC / EEPROM
CC-25012528,1493255,330-020-072,1493255_CTX_LK_inductive_05.xlsx,ASIC loose,Suspected material issue with lack of strength of soldering strength between solder balls in the IC and PCAB pads,0.0,,,,,1,eeprom_integrity [],eeprom_integrity [],,,,,,,,,,,,,,,,,,,,,,,,,,,,,,,,,,,,,,,,,,,,,,,,,,ASIC / EEPROM,ASIC / EEPROM
CC-25012529,1493255,330-020-072,1493255_CTX_LK_inductive_05.xlsx,ASIC loose,Suspected material issue with lack of strength of soldering strength between solder balls in the IC and PCAB pads,0.0,,,,,1,eeprom_integrity [],eeprom_integrity [],,,,,,,,,,,,,,,,,,,,,,,,,,,,,,,,,,,,,,,,,,,,,,,,,,ASIC / EEPROM,ASIC / EEPROM
CC-25012529,1493255,330-020-072,1493255_CTX_LK_inductive_05.xlsx,ASIC loose,Suspected material issue with lack of strength of soldering strength between solder balls in the IC and PCAB pads,0.0,,,,,1,eeprom_integrity [],eeprom_integrity [],,,,,,,,,,,,,,,,,,,,,,,,,,,,,,,,,,,,,,,,,,,,,,,,,,ASIC / EEPROM,ASIC / EEPROM
CC-25012529,1493255,330-020-072,1493255_CTX_LK_inductive_05.xlsx,ASIC loose,Suspected material issue with lack of strength of soldering strength between solder balls in the IC and PCAB pads,0.0,,,,,1,eeprom_integrity [],eeprom_integrity [],,,,,,,,,,,,,,,,,,,,,,,,,,,,,,,,,,,,,,,,,,,,,,,,,,ASIC / EEPROM,ASIC / EEPROM
CC-25012529,1493255,330-020-072,1493255_CTX_LK_inductive_05.xlsx,ASIC loose,Suspected material issue with lack of strength of soldering strength between solder balls in the IC and PCAB pads,0.0,,,,,1,eeprom_integrity [],eeprom_integrity [],,,,,,,,,,,,,,,,,,,,,,,,,,,,,,,,,,,,,,,,,,,,,,,,,,ASIC / EEPROM,ASIC / EEPROM
CC-25012529,1493255,330-020-072,1493255_CTX_LK_inductive_05.xlsx,ASIC loose,Suspected material issue with lack of strength of soldering strength between solder balls in the IC and PCAB pads,0.0,,,,,1,eeprom_integrity [],eeprom_integrity [],,,,,,,,,,,,,,,,,,,,,,,,,,,,,,,,,,,,,,,,,,,,,,,,,,ASIC / EEPROM,ASIC / EEPROM
CC-25012529,1493255,330-020-072,1493255_CTX_LK_inductive_05.xlsx,ASIC loose,Suspected material issue with lack of strength of soldering strength between solder balls in the IC and PCAB pads,0.0,,,,,1,eeprom_integrity [],eeprom_integrity [],,,,,,,,,,,,,,,,,,,,,,,,,,,,,,,,,,,,,,,,,,,,,,,,,,ASIC / EEPROM,ASIC / EEPROM
CC-25012529,1493255,330-020-072,1493255_CTX_LK_inductive_05.xlsx,ASIC loose,Suspected material issue with lack of strength of soldering strength between solder balls in the IC and PCAB pads,0.0,,,,,1,eeprom_integrity [],eeprom_integrity [],,,,,,,,,,,,,,,,,,,,,,,,,,,,,,,,,,,,,,,,,,,,,,,,,,ASIC / EEPROM,ASIC / EEPROM
CC-260210698,2036956,330-010-017,2036956_CTX_LK_inductive_08.xlsx,Ferrite crack,The ferrite cracked during the molding operation due to molding tool alignment issues,5.929,1487945,18710793,5615471,1,1,HystUnom [%],HystUnom [%],2.395,0.0,8.188,8.342,277.83,1.209,0,7.75,26.006,0,0,0,0.659,0,39.548,40.815,40.071,1,500,1,1,1,1,1,1,1,1,1,,,,,,,,,,,,,,,,,,,,,,Dimensional / Alignment,Dimensional / Alignment
CC-260210698,2036956,330-010-017,2036956_CTX_LK_inductive_08.xlsx,Ferrite crack,The ferrite cracked during the molding operation due to molding tool alignment issues,5.929,1486613,18707094,5615473,1,2,DistUnom [mm];HystUnom [%],DistUnom [mm];HystUnom [%],1.927,0.0,8.246,8.415,277.83,1.25,0,7.75,26.375,0,0,0,0.661,0,39.933,40.591,40.083,1,500,1,1,1,1,1,1,1,1,1,,,,,,,,,,,,,,,,,,,,,,Dimensional / Alignment,Dimensional / Alignment
CC-25013119,1516087,320-520-166,1516087_CTX_LK_inductive_04.xlsx,ASIC loose,Suspected lack of solder bond between ASIC balls and solder pads of PCBA,0.0,,,,,1,eeprom_integrity [],eeprom_integrity [],,,,,,,,,,,,,,,,,,,,,,,,,,,,,,,,,,,,,,,,,,,,,,,,,,ASIC / EEPROM,ASIC / EEPROM
CC-25013119,1516087,320-520-166,1516087_CTX_LK_inductive_04.xlsx,ASIC loose,Suspected lack of solder bond between ASIC balls and solder pads of PCBA,0.0,,,,,1,eeprom_integrity [],eeprom_integrity [],,,,,,,,,,,,,,,,,,,,,,,,,,,,,,,,,,,,,,,,,,,,,,,,,,ASIC / EEPROM,ASIC / EEPROM
CC-25013119,1516087,320-520-166,1516087_CTX_LK_inductive_04.xlsx,ASIC loose,Suspected lack of solder bond between ASIC balls and solder pads of PCBA,0.0,,,,,2,5V4trim [0/1];eeprom_integrity [],eeprom_integrity [],,,,,,,,,,,,,,,,,,,,,0.0,,,,,,,,,,,,,,,,,,,,,,,,,,,,,ASIC / EEPROM,ASIC / EEPROM
CC-25013119,1516087,320-520-166,1516087_CTX_LK_inductive_04.xlsx,ASIC loose,Suspected lack of solder bond between ASIC balls and solder pads of PCBA,0.0,,,,,1,eeprom_integrity [],eeprom_integrity [],,,,,,,,,,,,,,,,,,,,,,,,,,,,,,,,,,,,,,,,,,,,,,,,,,ASIC / EEPROM,ASIC / EEPROM
CC-25013119,1516087,320-520-166,1516087_CTX_LK_inductive_04.xlsx,ASIC loose,Suspected lack of solder bond between ASIC balls and solder pads of PCBA,0.0,,,,,1,eeprom_integrity [],eeprom_integrity [],,,,,,,,,,,,,,,,,,,,,,,,,,,,,,,,,,,,,,,,,,,,,,,,,,ASIC / EEPROM,ASIC / EEPROM
CC-25012474,1485940,330-020-077,1485940_CTX_LK_inductive_02.xlsx,Flex damage,Wrong bending of flex PCB,0.0,,,,,1,eeprom_integrity [],eeprom_integrity [],,,,,,,,,,,,,,,,,,,,,,,,,,,,,,,,,,,,,,,,,,,,,,,,,,Flex / PCB / Solder / Wiring,Flex / PCB / Solder / Wiring
CC-25012474,1485940,330-020-077,1485940_CTX_LK_inductive_02.xlsx,Flex damage,Wrong bending of flex PCB,0.0,,,,,1,eeprom_integrity [],eeprom_integrity [],,,,,,,,,,,,,,,,,,,,,,,,,,,,,,,,,,,,,,,,,,,,,,,,,,Flex / PCB / Solder / Wiring,Flex / PCB / Solder / Wiring
CC-25012474,1485940,330-020-077,1485940_CTX_LK_inductive_02.xlsx,Flex damage,Wrong bending of flex PCB,0.0,,,,,1,eeprom_integrity [],eeprom_integrity [],,,,,,,,,,,,,,,,,,,,,,,,,,,,,,,,,,,,,,,,,,,,,,,,,,Flex / PCB / Solder / Wiring,Flex / PCB / Solder / Wiring
CC-25012300,1488174,330-020-359,1488174_CTX_LK_inductive_06.xlsx,Flex damage,Flex inserting error to housing,3.569,184682,14517067,5575586,1,3,TestIsolation [0/1];UDist3Unom [V];UDist4Unom [V],UDist3Unom [V];UDist4Unom [V],,,6.759,,,,,,,,,0.002,,,,39.81,40.689,,500.0,1,1,,,,,,,,0.204,10.49,6.287,8.936,9.979,,,,,,,,,,,,,,,,,Flex / PCB / Solder / Wiring,Flex / PCB / Solder / Wiring
CC-25012300,1488174,330-020-359,1488174_CTX_LK_inductive_06.xlsx,Flex damage,Flex inserting error to housing,2.223,184707,14517130,5575586,1,2,UDist3Unom [V];UDist4Unom [V],UDist3Unom [V];UDist4Unom [V],,,6.815,,,,,,,,,0.001,,,,39.916,40.533,,500,1,1,,,,,,,,0.238,10.669,5.921,8.789,10.008,,,,,,,,,,,,,,,,,Flex / PCB / Solder / Wiring,Flex / PCB / Solder / Wiring
CC-25012300,1488174,330-020-359,1488174_CTX_LK_inductive_06.xlsx,Flex damage,Flex inserting error to housing,0.0,,,,,1,eeprom_integrity [],eeprom_integrity [],,,,,,,,,,,,,,,,,,,,,,,,,,,,,,,,,,,,,,,,,,,,,,,,,,Flex / PCB / Solder / Wiring,Flex / PCB / Solder / Wiring
CC-25012300,1488174,330-020-359,1488174_CTX_LK_inductive_06.xlsx,Flex damage,Flex inserting error to housing,0.0,,,,,1,eeprom_integrity [],eeprom_integrity [],,,,,,,,,,,,,,,,,,,,1,1,,,,,,,,,,,,,,,,,,,,,,,,,,,,,Flex / PCB / Solder / Wiring,Flex / PCB / Solder / Wiring
CC-25012300,1488174,330-020-359,1488174_CTX_LK_inductive_06.xlsx,Flex damage,Flex inserting error to housing,0.0,,,,,1,eeprom_integrity [],eeprom_integrity [],,,,,,,,,,,,,,,,,,,,,,,,,,,,,,,,,,,,,,,,,,,,,,,,,,Flex / PCB / Solder / Wiring,Flex / PCB / Solder / Wiring
CC-25012300,1488174,330-020-359,1488174_CTX_LK_inductive_06.xlsx,Flex damage,Flex inserting error to housing,0.0,,,,,1,eeprom_integrity [],eeprom_integrity [],,,,,,,,,,,,,,,,,,,,,,,,,,,,,,,,,,,,,,,,,,,,,,,,,,Flex / PCB / Solder / Wiring,Flex / PCB / Solder / Wiring
CC-25012300,1488174,330-020-359,1488174_CTX_LK_inductive_06.xlsx,Flex damage,Flex inserting error to housing,0.0,,,,,1,eeprom_integrity [],eeprom_integrity [],,,,,,,,,,,,,,,,,,,,1,1,,,,,,,,,,,,,,,,,,,,,,,,,,,,,Flex / PCB / Solder / Wiring,Flex / PCB / Solder / Wiring
CC-25078442,1603886,330-020-359,1603886_CTX_LK_inductive_05.xlsx,Gap between ferrite and front cap,Suspected Adhesion issue between ferrite and cap by loctite 480.,16.857,289239,17890797,5615473,1,3,UDist1Unom [V];UDist3Unom [V];UDist4Unom [V],UDist1Unom [V];UDist3Unom [V];UDist4Unom [V],,,6.941,,,,,,,,,0.002,,,,39.979,40.893,,500,1,1,,,,,,,,6.616,9.982,6.616,9.988,9.998,,,,,,,,,,,,,,,,,Dimensional / Alignment,Dimensional / Alignment
CC-25078442,1603886,330-020-359,1603886_CTX_LK_inductive_05.xlsx,Gap between ferrite and front cap,Suspected Adhesion issue between ferrite and cap by loctite 480.,16.655,289140,17890595,5615473,1,3,UDist1Unom [V];UDist3Unom [V];UDist4Unom [V],UDist1Unom [V];UDist3Unom [V];UDist4Unom [V],,,6.943,,,,,,,,,0.001,,,,40.298,40.868,,500,1,1,,,,,,,,6.54,10.01,6.616,10.019,10.028,,,,,,,,,,,,,,,,,Dimensional / Alignment,Dimensional / Alignment
CC-25078442,1603886,330-020-359,1603886_CTX_LK_inductive_05.xlsx,Gap between ferrite and front cap,Suspected Adhesion issue between ferrite and cap by loctite 480.,16.469,289208,17890732,5615473,1,3,UDist1Unom [V];UDist3Unom [V];UDist4Unom [V],UDist1Unom [V];UDist3Unom [V];UDist4Unom [V],,,6.68,,,,,,,,,0.002,,,,40.242,40.55,,500,1,1,,,,,,,,6.47,9.999,6.616,10.003,10.019,,,,,,,,,,,,,,,,,Dimensional / Alignment,Dimensional / Alignment
CC-25078442,1603886,330-020-359,1603886_CTX_LK_inductive_05.xlsx,Gap between ferrite and front cap,Suspected Adhesion issue between ferrite and cap by loctite 480.,16.233,289160,17890634,5615473,1,3,UDist1Unom [V];UDist3Unom [V];UDist4Unom [V],UDist1Unom [V];UDist3Unom [V];UDist4Unom [V],,,6.802,,,,,,,,,0.001,,,,39.573,41.005,,500,1,1,,,,,,,,6.381,10.008,6.616,10.005,10.021,,,,,,,,,,,,,,,,,Dimensional / Alignment,Dimensional / Alignment
CC-25078442,1603886,330-020-359,1603886_CTX_LK_inductive_05.xlsx,Gap between ferrite and front cap,Suspected Adhesion issue between ferrite and cap by loctite 480.,5.266,289234,17890787,5615473,1,2,UDist3Unom [V];UDist4Unom [V],UDist3Unom [V];UDist4Unom [V],,,6.751,,,,,,,,,0.001,,,,39.904,40.752,,500,1,1,,,,,,,,0.335,10.117,6.1,9.651,10.003,,,,,,,,,,,,,,,,,Dimensional / Alignment,Dimensional / Alignment
CC-25078442,1603886,330-020-359,1603886_CTX_LK_inductive_05.xlsx,Gap between ferrite and front cap,Suspected Adhesion issue between ferrite and cap by loctite 480.,1.462,289228,17890775,5615473,1,2,UDist3Unom [V];UDist4Unom [V],UDist3Unom [V];UDist4Unom [V],,,6.896,,,,,,,,,0.002,,,,40.053,41.281,,500,1,1,,,,,,,,0.242,10.66,5.714,8.712,10.014,,,,,,,,,,,,,,,,,Dimensional / Alignment,Dimensional / Alignment
CC-25013116,1517844,330-020-373,1517844_CTX_LK_inductive_07.xlsx,Flex bridge,"Marginally excess solder, untested or wrongly tested sensors from the intermediate assembly test",7.433,210674,15275487,5592941,1,4,UDist3Unom [V];UDist4Unom [V];IDist3Unom [mA];IDist4Unom [mA],UDist3Unom [V];UDist4Unom [V];IDist3Unom [mA];IDist4Unom [mA],,,11.688,,,,,,,,,0,,,,40.176,40.853,,500,1,1,,,,,,,,0.097,10.17,6.512,9.043,9.798,39.96,4.063,20.03,14.791,18.238,19.44,,,,,,,,,,,Flex / PCB / Solder / Wiring,Flex / PCB / Solder / Wiring
CC-25013116,1517844,330-020-373,1517844_CTX_LK_inductive_06.xlsx,Flex bridge,"Marginally excess solder, untested or wrongly tested sensors from the intermediate assembly test",7.043,210674,15275487,5592941,1,4,UDist3Unom [V];UDist4Unom [V];IDist3Unom [mA];IDist4Unom [mA],UDist3Unom [V];UDist4Unom [V];IDist3Unom [mA];IDist4Unom [mA],,,11.713,,,,,,,,,0.002,,,,40.173,40.844,,500,1,1,,,,,,,,0.07,10.198,6.55,9.007,9.79,39.951,3.984,20.072,14.663,18.183,19.425,,,,,,,,,,,Flex / PCB / Solder / Wiring,Flex / PCB / Solder / Wiring
CC-25013116,1517844,330-020-373,1517844_CTX_LK_inductive_07.xlsx,Flex bridge,"Marginally excess solder, untested or wrongly tested sensors from the intermediate assembly test",4.074,210723,15275573,5592941,1,3,UDist3Unom [V];UDist4Unom [V];IDist3Unom [mA],UDist3Unom [V];UDist4Unom [V];IDist3Unom [mA],,,11.634,,,,,,,,,0,,,,40.117,40.603,,500,1,1,,,,,,,,0.07,10.374,6.016,8.752,9.797,39.959,4.006,20.351,13.45,17.782,19.441,,,,,,,,,,,Flex / PCB / Solder / Wiring,Flex / PCB / Solder / Wiring
CC-25013116,1517844,330-020-373,1517844_CTX_LK_inductive_07.xlsx,Flex bridge,"Marginally excess solder, untested or wrongly tested sensors from the intermediate assembly test",3.699,210711,15275558,5592941,1,2,UDist3Unom [V];IDist3Unom [mA],UDist3Unom [V];IDist3Unom [mA],,,11.652,,,,,,,,,0,,,,40.038,40.814,,500,1,1,,,,,,,,0.071,10.371,5.961,8.679,9.763,39.722,4.024,20.336,13.367,17.663,19.38,,,,,,,,,,,Flex / PCB / Solder / Wiring,Flex / PCB / Solder / Wiring
CC-25013116,1517844,330-020-373,1517844_CTX_LK_inductive_06.xlsx,Flex bridge,"Marginally excess solder, untested or wrongly tested sensors from the intermediate assembly test",3.58,210711,15275558,5592941,1,2,UDist3Unom [V];IDist3Unom [mA],UDist3Unom [V];IDist3Unom [mA],,,11.679,,,,,,,,,0.002,,,,40.008,40.795,,500,1,1,,,,,,,,0.07,10.424,5.939,8.676,9.79,39.697,4.023,20.424,13.333,17.661,19.42,,,,,,,,,,,Flex / PCB / Solder / Wiring,Flex / PCB / Solder / Wiring
CC-25013116,1517844,330-020-373,1517844_CTX_LK_inductive_07.xlsx,Flex bridge,"Marginally excess solder, untested or wrongly tested sensors from the intermediate assembly test",3.455,210705,15275547,5592941,1,1,UDist3Unom [V],UDist3Unom [V],,,11.819,,,,,,,,,0,,,,39.868,40.553,,500,1,1,,,,,,,,0.155,10.4,5.916,8.689,9.786,39.929,4.175,20.39,13.296,17.685,19.421,,,,,,,,,,,Flex / PCB / Solder / Wiring,Flex / PCB / Solder / Wiring
CC-25013116,1517844,330-020-373,1517844_CTX_LK_inductive_07.xlsx,Flex bridge,"Marginally excess solder, untested or wrongly tested sensors from the intermediate assembly test",3.216,210741,15275593,5592941,1,1,UDist3Unom [V],UDist3Unom [V],,,11.627,,,,,,,,,0,,,,40.425,40.543,,500,1,1,,,,,,,,0.103,10.384,5.872,8.641,9.757,39.947,4.099,20.393,13.238,17.626,19.391,,,,,,,,,,,Flex / PCB / Solder / Wiring,Flex / PCB / Solder / Wiring
CC-25013124,1519727,330-020-396,1519727_CTX_LK_inductive_01.xlsx,Gap between ferrite and front cap,Curing problem of the glue 480,89.9,211324,15291118,5574799,1,6,UDist1Unom [V];UDist3Unom [V];UDist4Unom [V];IDist1Unom [mA];IDist3Unom [mA];IDist4Unom [mA],UDist1Unom [V];UDist3Unom [V];UDist4Unom [V];IDist1Unom [mA];IDist3Unom [mA];IDist4Unom [mA],,,12.08,,,,,,,,,0,,,,40.95,41.67,,500,1,1,,,,,,,,6.0,10.06,6.0,10.08,10.09,34.59,10.45,19.86,19.8,19.88,19.93,,,,,,,,,,,Dimensional / Alignment,Dimensional / Alignment
CC-25013124,1519727,330-020-396,1519727_CTX_LK_inductive_01.xlsx,Gap between ferrite and front cap,Curing problem of the glue 480,89.9,211327,15291157,5574799,1,6,UDist1Unom [V];UDist3Unom [V];UDist4Unom [V];IDist1Unom [mA];IDist3Unom [mA];IDist4Unom [mA],UDist1Unom [V];UDist3Unom [V];UDist4Unom [V];IDist1Unom [mA];IDist3Unom [mA];IDist4Unom [mA],,,10.37,,,,,,,,,0,,,,39.94,42.35,,500,1,1,,,,,,,,6.0,10.05,6.0,10.08,10.09,35.34,10.4,19.85,19.84,19.93,19.92,,,,,,,,,,,Dimensional / Alignment,Dimensional / Alignment
CC-25013124,1519727,330-020-396,1519727_CTX_LK_inductive_05.xlsx,Gap between ferrite and front cap,Curing problem of the glue 480,17.467,211324,15291118,5574799,1,6,UDist1Unom [V];UDist3Unom [V];UDist4Unom [V];IDist1Unom [mA];IDist3Unom [mA];IDist4Unom [mA],UDist1Unom [V];UDist3Unom [V];UDist4Unom [V];IDist1Unom [mA];IDist3Unom [mA];IDist4Unom [mA],,,12.032,,,,,,,,,0.002,,,,40.705,40.809,,500,1,1,,,,,,,,0.662,10.031,6.617,10.029,10.047,39.533,10.0,19.843,19.789,19.84,19.871,,,,,,,,,,,Dimensional / Alignment,Dimensional / Alignment
CC-25013124,1519727,330-020-396,1519727_CTX_LK_inductive_05.xlsx,Gap between ferrite and front cap,Curing problem of the glue 480,17.467,211327,15291157,5574799,1,6,UDist1Unom [V];UDist3Unom [V];UDist4Unom [V];IDist1Unom [mA];IDist3Unom [mA];IDist4Unom [mA],UDist1Unom [V];UDist3Unom [V];UDist4Unom [V];IDist1Unom [mA];IDist3Unom [mA];IDist4Unom [mA],,,11.757,,,,,,,,,0.002,,,,40.218,41.535,,500,1,1,,,,,,,,0.662,10.005,6.617,10.002,10.021,40.378,10.0,19.846,19.784,19.843,19.868,,,,,,,,,,,Dimensional / Alignment,Dimensional / Alignment
CC-25013125,1519727,330-020-396,1519727_CTX_LK_inductive_01.xlsx,Gap between ferrite and front cap,Curing problem of the glue 480,89.9,211324,15291118,5574799,1,6,UDist1Unom [V];UDist3Unom [V];UDist4Unom [V];IDist1Unom [mA];IDist3Unom [mA];IDist4Unom [mA],UDist1Unom [V];UDist3Unom [V];UDist4Unom [V];IDist1Unom [mA];IDist3Unom [mA];IDist4Unom [mA],,,12.08,,,,,,,,,0,,,,40.95,41.67,,500,1,1,,,,,,,,6.0,10.06,6.0,10.08,10.09,34.59,10.45,19.86,19.8,19.88,19.93,,,,,,,,,,,Dimensional / Alignment,Dimensional / Alignment
CC-25013125,1519727,330-020-396,1519727_CTX_LK_inductive_01.xlsx,Gap between ferrite and front cap,Curing problem of the glue 480,89.9,211327,15291157,5574799,1,6,UDist1Unom [V];UDist3Unom [V];UDist4Unom [V];IDist1Unom [mA];IDist3Unom [mA];IDist4Unom [mA],UDist1Unom [V];UDist3Unom [V];UDist4Unom [V];IDist1Unom [mA];IDist3Unom [mA];IDist4Unom [mA],,,10.37,,,,,,,,,0,,,,39.94,42.35,,500,1,1,,,,,,,,6.0,10.05,6.0,10.08,10.09,35.34,10.4,19.85,19.84,19.93,19.92,,,,,,,,,,,Dimensional / Alignment,Dimensional / Alignment
CC-25013125,1519727,330-020-396,1519727_CTX_LK_inductive_05.xlsx,Gap between ferrite and front cap,Curing problem of the glue 480,17.467,211324,15291118,5574799,1,6,UDist1Unom [V];UDist3Unom [V];UDist4Unom [V];IDist1Unom [mA];IDist3Unom [mA];IDist4Unom [mA],UDist1Unom [V];UDist3Unom [V];UDist4Unom [V];IDist1Unom [mA];IDist3Unom [mA];IDist4Unom [mA],,,12.032,,,,,,,,,0.002,,,,40.705,40.809,,500,1,1,,,,,,,,0.662,10.031,6.617,10.029,10.047,39.533,10.0,19.843,19.789,19.84,19.871,,,,,,,,,,,Dimensional / Alignment,Dimensional / Alignment
CC-25013125,1519727,330-020-396,1519727_CTX_LK_inductive_05.xlsx,Gap between ferrite and front cap,Curing problem of the glue 480,17.467,211327,15291157,5574799,1,6,UDist1Unom [V];UDist3Unom [V];UDist4Unom [V];IDist1Unom [mA];IDist3Unom [mA];IDist4Unom [mA],UDist1Unom [V];UDist3Unom [V];UDist4Unom [V];IDist1Unom [mA];IDist3Unom [mA];IDist4Unom [mA],,,11.757,,,,,,,,,0.002,,,,40.218,41.535,,500,1,1,,,,,,,,0.662,10.005,6.617,10.002,10.021,40.378,10.0,19.846,19.784,19.843,19.868,,,,,,,,,,,Dimensional / Alignment,Dimensional / Alignment
CC-25012544,1496042,330-020-359,1496042_CTX_LK_inductive_06.xlsx,Suspected ASIC issue or ASIC bridge,Possible cause - Solder bridge under ASIC or other ASIC issue,0.0,,,,,1,eeprom_integrity [],eeprom_integrity [],,,,,,,,,,,,,,,,,,,,1,1,,,,,,,,,,,,,,,,,,,,,,,,,,,,,ASIC / EEPROM,ASIC / EEPROM
CC-25012544,1496042,330-020-359,1496042_CTX_LK_inductive_06.xlsx,Suspected ASIC issue or ASIC bridge,Possible cause - Solder bridge under ASIC or other ASIC issue,0.0,,,,,1,eeprom_integrity [],eeprom_integrity [],,,,,,,,,,,,,,,,,,,,,,,,,,,,,,,,,,,,,,,,,,,,,,,,,,ASIC / EEPROM,ASIC / EEPROM
CC-25012544,1496042,330-020-359,1496042_CTX_LK_inductive_06.xlsx,Suspected ASIC issue or ASIC bridge,Possible cause - Solder bridge under ASIC or other ASIC issue,0.0,,,,,1,eeprom_integrity [],eeprom_integrity [],,,,,,,,,,,,,,,,,,,,,,,,,,,,,,,,,,,,,,,,,,,,,,,,,,ASIC / EEPROM,ASIC / EEPROM
CC-25012544,1496042,330-020-359,1496042_CTX_LK_inductive_06.xlsx,Suspected ASIC issue or ASIC bridge,Possible cause - Solder bridge under ASIC or other ASIC issue,0.0,,,,,1,eeprom_integrity [],eeprom_integrity [],,,,,,,,,,,,,,,,,,,,1,1,,,,,,,,,,,,,,,,,,,,,,,,,,,,,ASIC / EEPROM,ASIC / EEPROM
CC-260210543,1637341,330-020-396,1637341_CTX_LK_inductive_07.xlsx,Eeprom 7026 - Ferrite not centered within the Front cap / Shield misalignment,Worn-out tool part holder 301 484 and misalignment of ferrite due to that,0.0,,,,,1,eeprom_integrity [],eeprom_integrity [],,,,,,,,,,,,,,,,,,,,1,1,,,,,,,,,,,,,,,,,,,,,,,,,,,,,Dimensional / Alignment,Dimensional / Alignment
CC-260210543,1637341,330-020-396,1637341_CTX_LK_inductive_07.xlsx,Eeprom 7026 - Ferrite not centered within the Front cap / Shield misalignment,Worn-out tool part holder 301 484 and misalignment of ferrite due to that,0.0,,,,,1,eeprom_integrity [],eeprom_integrity [],,,,,,,,,,,,,,,,,,,,1,1,,,,,,,,,,,,,,,,,,,,,,,,,,,,,Dimensional / Alignment,Dimensional / Alignment
CC-260210556,1641150,330-020-367,1641150_CTX_LK_inductive_08.xlsx,Eeprom 7026 - Excessive Gap between two shield ends,Copper Shield not aligned to the ferrite edge. Shield position requirement need to be enhanced.,0.0,,,,,1,eeprom_integrity [],eeprom_integrity [],,,,,,,,,,,,,,,,,,,,1,1,,,,,,,,,,,,,,,,,,,,,,,,,,,,,Dimensional / Alignment,Dimensional / Alignment
CC-260210556,1641150,330-020-367,1641150_CTX_LK_inductive_08.xlsx,Eeprom 7026 - Excessive Gap between two shield ends,Copper Shield not aligned to the ferrite edge. Shield position requirement need to be enhanced.,0.0,,,,,1,eeprom_integrity [],eeprom_integrity [],,,,,,,,,,,,,,,,,,,,1,1,,,,,,,,,,,,,,,,,,,,,,,,,,,,,Dimensional / Alignment,Dimensional / Alignment
CC-260210556,1641150,330-020-367,1641150_CTX_LK_inductive_08.xlsx,Eeprom 7026 - Excessive Gap between two shield ends,Copper Shield not aligned to the ferrite edge. Shield position requirement need to be enhanced.,0.0,,,,,1,eeprom_integrity [],eeprom_integrity [],,,,,,,,,,,,,,,,,,,,1,1,,,,,,,,,,,,,,,,,,,,,,,,,,,,,Dimensional / Alignment,Dimensional / Alignment
CC-260210556,1641150,330-020-367,1641150_CTX_LK_inductive_08.xlsx,Eeprom 7026 - Excessive Gap between two shield ends,Copper Shield not aligned to the ferrite edge. Shield position requirement need to be enhanced.,0.0,,,,,1,eeprom_integrity [],eeprom_integrity [],,,,,,,,,,,,,,,,,,,,1,1,,,,,,,,,,,,,,,,,,,,,,,,,,,,,Dimensional / Alignment,Dimensional / Alignment
CC-260210556,1641150,330-020-367,1641150_CTX_LK_inductive_08.xlsx,Eeprom 7026 - Excessive Gap between two shield ends,Copper Shield not aligned to the ferrite edge. Shield position requirement need to be enhanced.,0.0,,,,,1,eeprom_integrity [],eeprom_integrity [],,,,,,,,,,,,,,,,,,,,1,1,,,,,,,,,,,,,,,,,,,,,,,,,,,,,Dimensional / Alignment,Dimensional / Alignment
CC-260210556,1641150,330-020-367,1641150_CTX_LK_inductive_08.xlsx,Eeprom 7026 - Excessive Gap between two shield ends,Copper Shield not aligned to the ferrite edge. Shield position requirement need to be enhanced.,0.0,,,,,1,eeprom_integrity [],eeprom_integrity [],,,,,,,,,,,,,,,,,,,,1,1,,,,,,,,,,,,,,,,,,,,,,,,,,,,,Dimensional / Alignment,Dimensional / Alignment
CC-260210556,1641150,330-020-367,1641150_CTX_LK_inductive_08.xlsx,Eeprom 7026 - Excessive Gap between two shield ends,Copper Shield not aligned to the ferrite edge. Shield position requirement need to be enhanced.,0.0,,,,,1,eeprom_integrity [],eeprom_integrity [],,,,,,,,,,,,,,,,,,,,1,1,,,,,,,,,,,,,,,,,,,,,,,,,,,,,Dimensional / Alignment,Dimensional / Alignment
CC-260210556,1641150,330-020-367,1641150_CTX_LK_inductive_08.xlsx,Eeprom 7026 - Excessive Gap between two shield ends,Copper Shield not aligned to the ferrite edge. Shield position requirement need to be enhanced.,0.0,,,,,1,eeprom_integrity [],eeprom_integrity [],,,,,,,,,,,,,,,,,,,,1,1,,,,,,,,,,,,,,,,,,,,,,,,,,,,,Dimensional / Alignment,Dimensional / Alignment
CC-260210556,1641150,330-020-367,1641150_CTX_LK_inductive_08.xlsx,Eeprom 7026 - Excessive Gap between two shield ends,Copper Shield not aligned to the ferrite edge. Shield position requirement need to be enhanced.,0.0,,,,,1,eeprom_integrity [],eeprom_integrity [],,,,,,,,,,,,,,,,,,,,1,1,,,,,,,,,,,,,,,,,,,,,,,,,,,,,Dimensional / Alignment,Dimensional / Alignment
CC-260210556,1641150,330-020-367,1641150_CTX_LK_inductive_08.xlsx,Eeprom 7026 - Excessive Gap between two shield ends,Copper Shield not aligned to the ferrite edge. Shield position requirement need to be enhanced.,0.0,,,,,1,eeprom_integrity [],eeprom_integrity [],,,,,,,,,,,,,,,,,,,,1,1,,,,,,,,,,,,,,,,,,,,,,,,,,,,,Dimensional / Alignment,Dimensional / Alignment
CC-260210556,1641150,330-020-367,1641150_CTX_LK_inductive_08.xlsx,Eeprom 7026 - Excessive Gap between two shield ends,Copper Shield not aligned to the ferrite edge. Shield position requirement need to be enhanced.,0.0,,,,,1,eeprom_integrity [],eeprom_integrity [],,,,,,,,,,,,,,,,,,,,1,1,,,,,,,,,,,,,,,,,,,,,,,,,,,,,Dimensional / Alignment,Dimensional / Alignment
CC-25058076,2028090,330-010-017,2028090_CTX_LK_inductive_01.xlsx,High Coil Resistance,Suspected coil strands damaged from top side during front cap rework process.,0.0,,,,,2,VRCUmeasurement [];eeprom_integrity [],eeprom_integrity [],,,,,,,,,,,,,,,,,,,,1,1,,,,,,,,,,,,,,,,,,,,,,,,,,,,,Coil,Coil
CC-25058076,2028090,330-010-017,2028090_CTX_LK_inductive_01.xlsx,High Coil Resistance,Suspected coil strands damaged from top side during front cap rework process.,0.0,,,,,2,VRCUmeasurement [];eeprom_integrity [],eeprom_integrity [],,,,,,,,,,,,,,,,,,,,1,1,,,,,,,,,,,,,,,,,,,,,,,,,,,,,Coil,Coil
CC-25058076,2028090,330-010-017,2028090_CTX_LK_inductive_01.xlsx,High Coil Resistance,Suspected coil strands damaged from top side during front cap rework process.,0.0,,,,,2,VRCUmeasurement [];eeprom_integrity [],eeprom_integrity [],,,,,,,,,,,,,,,,,,,,1,1,,,,,,,,,,,,,,,,,,,,,,,,,,,,,Coil,Coil
CC-25058076,2028090,330-010-017,2028090_CTX_LK_inductive_01.xlsx,High Coil Resistance,Suspected coil strands damaged from top side during front cap rework process.,0.0,,,,,2,VRCUmeasurement [];eeprom_integrity [],eeprom_integrity [],,,,,,,,,,,,,,,,,,,,1,1,,,,,,,,,,,,,,,,,,,,,,,,,,,,,Coil,Coil
CC-260210677,1644415,330-020-076,1644415_CTX_LK_inductive_05.xlsx,Eeprom 7015 - Coil damage,Suspected that the coil damage occurs during a rework attempt,0.0,,,,,3,IcInternalTemperature [];VRCUmeasurement [];eeprom_integrity [],eeprom_integrity [],,,,,,,,,,,,,,,,,,,,1,1,,,,,,,,,,,,,,,,,,,,,,,,,,,,,Coil,Coil
CC-260210677,1644415,330-020-076,1644415_CTX_LK_inductive_05.xlsx,Eeprom 7015 - Coil damage,Suspected that the coil damage occurs during a rework attempt,0.0,,,,,3,IcInternalTemperature [];VRCUmeasurement [];eeprom_integrity [],eeprom_integrity [],,,,,,,,,,,,,,,,,,,,1,1,,,,,,,,,,,,,,,,,,,,,,,,,,,,,Coil,Coil
CC-260210677,1644415,330-020-076,1644415_CTX_LK_inductive_05.xlsx,Eeprom 7015 - Coil damage,Suspected that the coil damage occurs during a rework attempt,0.0,,,,,3,IcInternalTemperature [];VRCUmeasurement [];eeprom_integrity [],eeprom_integrity [],,,,,,,,,,,,,,,,,,,,1,1,,,,,,,,,,,,,,,,,,,,,,,,,,,,,Coil,Coil
CC-260210677,1644415,330-020-076,1644415_CTX_LK_inductive_05.xlsx,Eeprom 7015 - Coil damage,Suspected that the coil damage occurs during a rework attempt,0.0,,,,,2,VRCUmeasurement [];eeprom_integrity [],eeprom_integrity [],,,,,,,,,,,,,,,,,,,,1,1,,,,,,,,,,,,,,,,,,,,,,,,,,,,,Coil,Coil
CC-260210677,1644415,330-020-076,1644415_CTX_LK_inductive_05.xlsx,Eeprom 7015 - Coil damage,Suspected that the coil damage occurs during a rework attempt,0.0,,,,,3,IcInternalTemperature [];VRCUmeasurement [];eeprom_integrity [],eeprom_integrity [],,,,,,,,,,,,,,,,,,,,1,1,,,,,,,,,,,,,,,,,,,,,,,,,,,,,Coil,Coil
CC-260210677,1644415,330-020-076,1644415_CTX_LK_inductive_05.xlsx,Eeprom 7015 - Coil damage,Suspected that the coil damage occurs during a rework attempt,0.0,,,,,3,IcInternalTemperature [];VRCUmeasurement [];eeprom_integrity [],eeprom_integrity [],,,,,,,,,,,,,,,,,,,,1,1,,,,,,,,,,,,,,,,,,,,,,,,,,,,,Coil,Coil
CC-260210677,1644415,330-020-076,1644415_CTX_LK_inductive_05.xlsx,Eeprom 7015 - Coil damage,Suspected that the coil damage occurs during a rework attempt,0.0,,,,,3,IcInternalTemperature [];VRCUmeasurement [];eeprom_integrity [],eeprom_integrity [],,,,,,,,,,,,,,,,,,,,1,1,,,,,,,,,,,,,,,,,,,,,,,,,,,,,Coil,Coil
CC-260210677,1644415,330-020-076,1644415_CTX_LK_inductive_05.xlsx,Eeprom 7015 - Coil damage,Suspected that the coil damage occurs during a rework attempt,0.0,,,,,2,VRCUmeasurement [];eeprom_integrity [],eeprom_integrity [],,,,,,,,,,,,,,,,,,,,1,1,,,,,,,,,,,,,,,,,,,,,,,,,,,,,Coil,Coil
CC-25013316,1523562,320-020-516,1523562_CTX_LK_inductive_04.xlsx,Trimming failure,"Suspected lack of trimming skills of the operator, Operator is under training",21.86,,,,,10,UDist1Umin [V];UDist3Umin [V];UDist5Umin [V];IDist1Umin [mA];IDist5Umin [mA];UDist1Umax [V];UDist3Umax [V];UDist5Umax [V];IDist1Umax [mA];IDist5Umax [mA],UDist1Umin [V];UDist3Umin [V];UDist5Umin [V];IDist1Umin [mA];IDist5Umin [mA];UDist1Umax [V];UDist3Umax [V];UDist5Umax [V];IDist1Umax [mA];IDist5Umax [mA],,,5.02,,,,,,,,,0,,,39.44,39.65,41.15,,500,,,,,,,,,,,,,,,39.89,,,,,,0.69,3.93,5.39,1.46,5.41,0.69,3.94,5.4,1.45,5.36,Dimensional / Alignment,Dimensional / Alignment
CC-25013316,1523562,320-020-516,1523562_CTX_LK_inductive_04.xlsx,Trimming failure,"Suspected lack of trimming skills of the operator, Operator is under training",3.802,,,,,5,UDist1Umin [V];UDist3Umin [V];IDist5Umin [mA];UDist1Umax [V];UDist3Umax [V],UDist1Umin [V];UDist3Umin [V];IDist5Umin [mA];UDist1Umax [V];UDist3Umax [V],,,4.99,,,,,,,,,0,,,39.53,39.92,40.89,,500,,,,,,,,,,,,,,,39.64,,,,,,0.24,3.0,5.26,1.06,5.21,0.24,3.0,5.27,1.09,5.15,Dimensional / Alignment,Dimensional / Alignment
CC-25013316,1523562,320-020-516,1523562_CTX_LK_inductive_04.xlsx,Trimming failure,"Suspected lack of trimming skills of the operator, Operator is under training",2.598,,,,,2,UDist1Umin [V];UDist1Umax [V],UDist1Umin [V];UDist1Umax [V],,,5.11,,,,,,,,,0,,,39.59,39.95,41.1,,500,,,,,,,,,,,,,,,39.55,,,,,,0.21,2.78,5.09,1.08,5.09,0.21,2.78,5.1,1.07,5.06,Dimensional / Alignment,Dimensional / Alignment
CC-25013316,1523562,320-020-516,1523562_CTX_LK_inductive_04.xlsx,Trimming failure,"Suspected lack of trimming skills of the operator, Operator is under training",1.135,,,,,4,UDist5Umin [V];IDist5Umin [mA];UDist5Umax [V];IDist5Umax [mA],UDist5Umin [V];IDist5Umin [mA];UDist5Umax [V];IDist5Umax [mA],,,5.04,,,,,,,,,0,,,39.6,40.03,41.63,,500,,,,,,,,,,,,,,,39.24,,,,,,0.11,2.57,5.34,0.96,5.31,0.11,2.57,5.35,0.99,5.28,Dimensional / Alignment,Dimensional / Alignment
CC-25013316,1523562,320-020-516,1523562_CTX_LK_inductive_04.xlsx,Trimming failure,"Suspected lack of trimming skills of the operator, Operator is under training",0.266,,,,,2,TestIsolation [0/1];IDist5Umin [mA],IDist5Umin [mA],,,4.97,,,,,,,,,0,,,39.28,40.29,40.91,,500.0,,,,,,,,,,,,,,,39.54,,,,,,0.13,2.71,5.24,1.02,5.21,0.13,2.71,5.24,1.01,5.16,Dimensional / Alignment,Dimensional / Alignment
CC-25024950,1576452,330-020-357,1576452_CTX_LK_inductive_05.xlsx,Gap between ferrite and front cap,Adhesion issue of loctite 480(Loctite 480 visible in front cap),5.397,269579,17217417,5593486,1,2,UDist3Unom [V];UDist4Unom [V],UDist3Unom [V];UDist4Unom [V],,,6.872,,,,,,,,,0.001,,,,40.118,40.948,,500,1,1,,,,,,,,0.238,10.251,6.257,9.378,10.01,,,,,,,,,,,,,,,,,Dimensional / Alignment,Dimensional / Alignment
CC-25024950,1576452,330-020-357,1576452_CTX_LK_inductive_05.xlsx,Gap between ferrite and front cap,Adhesion issue of loctite 480(Loctite 480 visible in front cap),2.215,269580,17217419,5593486,1,2,UDist3Unom [V];UDist4Unom [V],UDist3Unom [V];UDist4Unom [V],,,6.946,,,,,,,,,0.001,,,,40.281,41.278,,500,1,1,,,,,,,,0.257,10.64,5.899,8.795,10.026,,,,,,,,,,,,,,,,,Dimensional / Alignment,Dimensional / Alignment
CC-25024950,1576452,330-020-357,1576452_CTX_LK_inductive_05.xlsx,Gap between ferrite and front cap,Adhesion issue of loctite 480(Loctite 480 visible in front cap),2.18,269620,17217540,5585334,1,2,UDist3Unom [V];UDist4Unom [V],UDist3Unom [V];UDist4Unom [V],,,6.873,,,,,,,,,0.001,,,,39.631,41.497,,500,1,1,,,,,,,,0.171,10.58,5.889,8.781,10.009,,,,,,,,,,,,,,,,,Dimensional / Alignment,Dimensional / Alignment
CC-25024950,1576452,330-020-357,1576452_CTX_LK_inductive_05.xlsx,Gap between ferrite and front cap,Adhesion issue of loctite 480(Loctite 480 visible in front cap),2.166,269570,17216411,5593486,1,2,UDist3Unom [V];UDist4Unom [V],UDist3Unom [V];UDist4Unom [V],,,6.893,,,,,,,,,0.002,,,,40.312,40.58,,500,1,1,,,,,,,,0.21,10.612,5.885,8.765,10.005,,,,,,,,,,,,,,,,,Dimensional / Alignment,Dimensional / Alignment
CC-25024950,1576452,330-020-357,1576452_CTX_LK_inductive_05.xlsx,Gap between ferrite and front cap,Adhesion issue of loctite 480(Loctite 480 visible in front cap),2.114,269603,17217498,5593486,1,2,UDist3Unom [V];UDist4Unom [V],UDist3Unom [V];UDist4Unom [V],,,6.926,,,,,,,,,0.001,,,,39.741,40.928,,500,1,1,,,,,,,,0.234,10.649,5.87,8.767,10.02,,,,,,,,,,,,,,,,,Dimensional / Alignment,Dimensional / Alignment
CC-25024950,1576452,330-020-357,1576452_CTX_LK_inductive_05.xlsx,Gap between ferrite and front cap,Adhesion issue of loctite 480(Loctite 480 visible in front cap),2.044,269568,17216389,5585334,1,2,UDist3Unom [V];UDist4Unom [V],UDist3Unom [V];UDist4Unom [V],,,6.866,,,,,,,,,0.001,,,,40.506,40.256,,500,1,1,,,,,,,,0.193,10.684,5.85,8.759,10.018,,,,,,,,,,,,,,,,,Dimensional / Alignment,Dimensional / Alignment
CC-25024950,1576452,330-020-357,1576452_CTX_LK_inductive_05.xlsx,Gap between ferrite and front cap,Adhesion issue of loctite 480(Loctite 480 visible in front cap),1.89,269587,17217446,5593486,1,2,UDist3Unom [V];UDist4Unom [V],UDist3Unom [V];UDist4Unom [V],,,6.839,,,,,,,,,0.001,,,,40.595,41.323,,500,1,1,,,,,,,,0.248,10.775,5.806,8.762,10.075,,,,,,,,,,,,,,,,,Dimensional / Alignment,Dimensional / Alignment
CC-25024950,1576452,330-020-357,1576452_CTX_LK_inductive_05.xlsx,Gap between ferrite and front cap,Adhesion issue of loctite 480(Loctite 480 visible in front cap),1.778,269600,17217489,5585334,1,2,UDist3Unom [V];UDist4Unom [V],UDist3Unom [V];UDist4Unom [V],,,6.971,,,,,,,,,0.002,,,,39.543,41.116,,500,1,1,,,,,,,,0.274,10.673,5.774,8.73,10.034,,,,,,,,,,,,,,,,,Dimensional / Alignment,Dimensional / Alignment
CC-25024950,1576452,330-020-357,1576452_CTX_LK_inductive_05.xlsx,Gap between ferrite and front cap,Adhesion issue of loctite 480(Loctite 480 visible in front cap),1.708,269565,17216379,5585334,1,2,UDist3Unom [V];UDist4Unom [V],UDist3Unom [V];UDist4Unom [V],,,6.986,,,,,,,,,0.001,,,,40.317,41.045,,500,1,1,,,,,,,,0.273,10.71,5.754,8.722,10.024,,,,,,,,,,,,,,,,,Dimensional / Alignment,Dimensional / Alignment
CC-25024950,1576452,330-020-357,1576452_CTX_LK_inductive_05.xlsx,Gap between ferrite and front cap,Adhesion issue of loctite 480(Loctite 480 visible in front cap),1.659,269586,17217441,5585334,1,1,UDist3Unom [V],UDist3Unom [V],,,6.89,,,,,,,,,0.001,,,,39.643,41.167,,500,1,1,,,,,,,,0.211,10.63,5.74,8.669,9.952,,,,,,,,,,,,,,,,,Dimensional / Alignment,Dimensional / Alignment
CC-25024950,1576452,330-020-357,1576452_CTX_LK_inductive_05.xlsx,Gap between ferrite and front cap,Adhesion issue of loctite 480(Loctite 480 visible in front cap),1.546,269588,17217448,5593486,1,2,UDist3Unom [V];UDist4Unom [V],UDist3Unom [V];UDist4Unom [V],,,6.772,,,,,,,,,0.001,,,,40.401,40.899,,500,1,1,,,,,,,,0.227,10.777,5.708,8.698,10.044,,,,,,,,,,,,,,,,,Dimensional / Alignment,Dimensional / Alignment
CC-25024950,1576452,330-020-357,1576452_CTX_LK_inductive_05.xlsx,Gap between ferrite and front cap,Adhesion issue of loctite 480(Loctite 480 visible in front cap),1.526,269607,17217511,5593486,1,1,UDist4Unom [V],UDist4Unom [V],,,7.003,,,,,,,,,0.001,,,,40.156,40.798,,500,1,1,,,,,,,,0.184,10.736,5.682,8.729,10.076,,,,,,,,,,,,,,,,,Dimensional / Alignment,Dimensional / Alignment
CC-25024950,1576452,330-020-357,1576452_CTX_LK_inductive_05.xlsx,Gap between ferrite and front cap,Adhesion issue of loctite 480(Loctite 480 visible in front cap),1.436,269584,17217435,5593486,1,1,UDist4Unom [V],UDist4Unom [V],,,7.053,,,,,,,,,0.001,,,,40.582,40.979,,500,1,1,,,,,,,,0.194,10.708,5.692,8.714,10.057,,,,,,,,,,,,,,,,,Dimensional / Alignment,Dimensional / Alignment
CC-25035039,1584147,330-020-357,1584147_CTX_LK_inductive_01.xlsx,Gap between ferrite and front cap,Lack of adhesion between cap and ferrite by loctite 480.,23.501,270731,17267321,5585334,1,3,UDist1Unom [V];UDist3Unom [V];UDist4Unom [V],UDist1Unom [V];UDist3Unom [V];UDist4Unom [V],,,6.94,,,,,,,,,0.04,,,,39.97,41.49,,500,1,1,,,,,,,,5.57,10.02,5.97,10.01,10.01,,,,,,,,,,,,,,,,,Dimensional / Alignment,Dimensional / Alignment
CC-25035039,1584147,330-020-357,1584147_CTX_LK_inductive_01.xlsx,Gap between ferrite and front cap,Lack of adhesion between cap and ferrite by loctite 480.,2.324,270790,17267472,5585334,1,2,UDist3Unom [V];UDist4Unom [V],UDist3Unom [V];UDist4Unom [V],,,6.88,,,,,,,,,0.04,,,,40.27,41.5,,500,1,1,,,,,,,,0.24,10.59,5.93,8.78,9.98,,,,,,,,,,,,,,,,,Dimensional / Alignment,Dimensional / Alignment
CC-25035039,1584147,330-020-357,1584147_CTX_LK_inductive_01.xlsx,Gap between ferrite and front cap,Lack of adhesion between cap and ferrite by loctite 480.,1.974,270805,17267516,5585334,1,2,UDist3Unom [V];UDist4Unom [V],UDist3Unom [V];UDist4Unom [V],,,6.87,,,,,,,,,0.04,,,,39.82,41.22,,500,1,1,,,,,,,,0.23,10.69,5.83,8.73,10.01,,,,,,,,,,,,,,,,,Dimensional / Alignment,Dimensional / Alignment
CC-25035039,1584147,330-020-357,1584147_CTX_LK_inductive_01.xlsx,Gap between ferrite and front cap,Lack of adhesion between cap and ferrite by loctite 480.,1.939,270787,17267468,5585334,1,2,UDist3Unom [V];UDist4Unom [V],UDist3Unom [V];UDist4Unom [V],,,6.92,,,,,,,,,0.04,,,,39.87,41.66,,500,1,1,,,,,,,,0.25,10.72,5.82,8.71,9.99,,,,,,,,,,,,,,,,,Dimensional / Alignment,Dimensional / Alignment
CC-25035039,1584147,330-020-357,1584147_CTX_LK_inductive_01.xlsx,Gap between ferrite and front cap,Lack of adhesion between cap and ferrite by loctite 480.,1.869,270810,17267530,5585334,1,1,UDist3Unom [V],UDist3Unom [V],,,6.88,,,,,,,,,0.04,,,,40.37,42.03,,500,1,1,,,,,,,,0.29,10.64,5.8,8.68,9.95,,,,,,,,,,,,,,,,,Dimensional / Alignment,Dimensional / Alignment
CC-25035039,1584147,330-020-357,1584147_CTX_LK_inductive_01.xlsx,Gap between ferrite and front cap,Lack of adhesion between cap and ferrite by loctite 480.,1.553,270796,17267488,5585334,1,1,UDist3Unom [V],UDist3Unom [V],,,6.87,,,,,,,,,0.04,,,,40.65,41.17,,500,1,1,,,,,,,,0.28,10.66,5.71,8.63,9.93,,,,,,,,,,,,,,,,,Dimensional / Alignment,Dimensional / Alignment
CC-25013003,2009460,330-010-010,2009460_CTX_LK_inductive_07.xlsx,ASIC loose,Suspected lack of solder bond between ASIC balls and solder pads of PCBA,0.0,,,,,1,eeprom_integrity [],eeprom_integrity [],,,,,,,,,,,,,,,,,,,,,,,,,,,,,,,,,,,,,,,,,,,,,,,,,,ASIC / EEPROM,ASIC / EEPROM
CC-25013003,2009460,330-010-010,2009460_CTX_LK_inductive_07.xlsx,ASIC loose,Suspected lack of solder bond between ASIC balls and solder pads of PCBA,0.0,,,,,1,eeprom_integrity [],eeprom_integrity [],,,,,,,,,,,,,,,,,,,,,,,,,,,,,,,,,,,,,,,,,,,,,,,,,,ASIC / EEPROM,ASIC / EEPROM
CC-25013003,2009460,330-010-010,2009460_CTX_LK_inductive_07.xlsx,ASIC loose,Suspected lack of solder bond between ASIC balls and solder pads of PCBA,0.0,,,,,1,eeprom_integrity [],eeprom_integrity [],,,,,,,,,,,,,,,,,,,,,,,,,,,,,,,,,,,,,,,,,,,,,,,,,,ASIC / EEPROM,ASIC / EEPROM
CC-25013003,2009460,330-010-010,2009460_CTX_LK_inductive_07.xlsx,ASIC loose,Suspected lack of solder bond between ASIC balls and solder pads of PCBA,0.0,,,,,1,eeprom_integrity [],eeprom_integrity [],,,,,,,,,,,,,,,,,,,,,,,,,,,,,,,,,,,,,,,,,,,,,,,,,,ASIC / EEPROM,ASIC / EEPROM
CC-25013003,2009460,330-010-010,2009460_CTX_LK_inductive_07.xlsx,ASIC loose,Suspected lack of solder bond between ASIC balls and solder pads of PCBA,0.0,,,,,1,eeprom_integrity [],eeprom_integrity [],,,,,,,,,,,,,,,,,,,,,,,,,,,,,,,,,,,,,,,,,,,,,,,,,,ASIC / EEPROM,ASIC / EEPROM
CC-25109467,2033535,330-010-010,2033535_CTX_LK_inductive_08.xlsx,Excess glue amount on PCBA components.,Improvement needed in thermal characterization,0.0,,,,,1,eeprom_integrity [],eeprom_integrity [],,,,,,,,,,,,,,,,,,,,1,1,1,1,1,1,1,0,,,,,,,,,,,,,,,,,,,,,,,Gluing / Potting Process,Other / Minor Defects
CC-25109467,2033535,330-010-010,2033535_CTX_LK_inductive_08.xlsx,Excess glue amount on PCBA components.,Improvement needed in thermal characterization,0.0,,,,,2,VRCUmeasurement [];eeprom_integrity [],eeprom_integrity [],,,,,,,,,,,,,,,,,,,,1,1,,,,,,,,,,,,,,,,,,,,,,,,,,,,,Gluing / Potting Process,Other / Minor Defects
CC-260110442,1639875,330-020-359,1639875_CTX_LK_inductive_07.xlsx,Gap between ferrite and front cap,Front cap not fit firmly to sensor head after added Loctite 480 on ferrite and not checked.,6.476,327727,18893365,5615471,1,3,UDist1Unom [V];UDist3Unom [V];UDist4Unom [V],UDist1Unom [V];UDist3Unom [V];UDist4Unom [V],,,6.936,,,,,,,,,0,,,,39.901,39.999,,500,1,1,,,,,,,,2.196,10.047,6.614,9.914,10.018,,,,,,,,,,,,,,,,,Dimensional / Alignment,Dimensional / Alignment
CC-260110442,1639875,330-020-359,1639875_CTX_LK_inductive_07.xlsx,Gap between ferrite and front cap,Front cap not fit firmly to sensor head after added Loctite 480 on ferrite and not checked.,6.034,327712,18893329,5615471,1,3,UDist1Unom [V];UDist3Unom [V];UDist4Unom [V],UDist1Unom [V];UDist3Unom [V];UDist4Unom [V],,,6.808,,,,,,,,,0,,,,39.787,40.323,,500,1,1,,,,,,,,0.796,10.108,6.427,9.818,10.03,,,,,,,,,,,,,,,,,Dimensional / Alignment,Dimensional / Alignment
CC-260110442,1639875,330-020-359,1639875_CTX_LK_inductive_07.xlsx,Gap between ferrite and front cap,Front cap not fit firmly to sensor head after added Loctite 480 on ferrite and not checked.,3.039,327622,18893091,5615471,1,2,UDist3Unom [V];UDist4Unom [V],UDist3Unom [V];UDist4Unom [V],,,6.842,,,,,,,,,0.001,,,,40.127,40.677,,500,1,1,,,,,,,,0.158,10.617,6.143,9.103,10.136,,,,,,,,,,,,,,,,,Dimensional / Alignment,Dimensional / Alignment
CC-260110442,1639875,330-020-359,1639875_CTX_LK_inductive_07.xlsx,Gap between ferrite and front cap,Front cap not fit firmly to sensor head after added Loctite 480 on ferrite and not checked.,2.396,327760,18893462,5615472,1,2,UDist3Unom [V];UDist4Unom [V],UDist3Unom [V];UDist4Unom [V],,,6.783,,,,,,,,,0.001,,,,40.214,40.246,,500,1,1,,,,,,,,0.239,10.59,5.968,8.863,10.041,,,,,,,,,,,,,,,,,Dimensional / Alignment,Dimensional / Alignment
CC-260110442,1639875,330-020-359,1639875_CTX_LK_inductive_07.xlsx,Gap between ferrite and front cap,Front cap not fit firmly to sensor head after added Loctite 480 on ferrite and not checked.,2.087,327683,18893260,5615471,1,2,UDist3Unom [V];UDist4Unom [V],UDist3Unom [V];UDist4Unom [V],,,6.916,,,,,,,,,0.001,,,,39.753,40.525,,500,1,1,,,,,,,,0.201,10.605,5.884,8.79,9.996,,,,,,,,,,,,,,,,,Dimensional / Alignment,Dimensional / Alignment
CC-260110442,1639875,330-020-359,1639875_CTX_LK_inductive_07.xlsx,Gap between ferrite and front cap,Front cap not fit firmly to sensor head after added Loctite 480 on ferrite and not checked.,1.896,327710,18893326,5615471,1,2,UDist3Unom [V];UDist4Unom [V],UDist3Unom [V];UDist4Unom [V],,,6.831,,,,,,,,,0.001,,,,40.032,40.878,,500,1,1,,,,,,,,0.221,10.588,5.832,8.765,9.994,,,,,,,,,,,,,,,,,Dimensional / Alignment,Dimensional / Alignment
CC-260511783,1653820,330-020-380,1653820_CTX_LK_inductive_08.xlsx,Blue wire detached from the PCB with solder pad,FA suspected root cause ÃÂ¢ÃÂÃÂ wire detached by excess force applied on the cable due to handling issue OR excess force applied on solder point due to cable bending when injecting PUR OR during rear cap inserting,4.223,350289,19449807,5582515,1,1,UDist4Unom [V],UDist4Unom [V],,,8.092,,,,,,,,,0.001,,,,39.747,40.263,,500,1,1,,,,,,,,0.05,5.288,2.515,4.183,4.915,36.75,0.868,5.135,2.868,4.229,4.826,,,,,,,,,,,Flex / PCB / Solder / Wiring,Flex / PCB / Solder / Wiring
CC-260511783,1653820,330-020-380,1653820_CTX_LK_inductive_08.xlsx,Blue wire detached from the PCB with solder pad,FA suspected root cause ÃÂ¢ÃÂÃÂ wire detached by excess force applied on the cable due to handling issue OR excess force applied on solder point due to cable bending when injecting PUR OR during rear cap inserting,1.311,350243,19449718,5582515,1,1,UDist3Unom [V],UDist3Unom [V],,,8.152,,,,,,,,,0,,,,39.144,39.81,,500,1,1,,,,,,,,0.12,5.195,2.852,4.379,4.924,39.222,0.922,5.02,3.124,4.359,4.803,,,,,,,,,,,Flex / PCB / Solder / Wiring,Flex / PCB / Solder / Wiring
CC-260511783,1653820,330-020-380,1653820_CTX_LK_inductive_08.xlsx,Blue wire detached from the PCB with solder pad,FA suspected root cause ÃÂ¢ÃÂÃÂ wire detached by excess force applied on the cable due to handling issue OR excess force applied on solder point due to cable bending when injecting PUR OR during rear cap inserting,0.0,,,,,1,eeprom_integrity [],eeprom_integrity [],,,,,,,,,,,,,,,,,,,,,,,,,,,,,,,,,,,,,,,,,,,,,,,,,,Flex / PCB / Solder / Wiring,Flex / PCB / Solder / Wiring
CC-25011918,1479033,330-020-073,1479033_CTX_LK_inductive_06.xlsx,Flex PCB damaged from solder points,Possible root cause-Using wrong solder bit size and temperature,167.157,972501,14375530,5574799,1,3,ILedOn [mA];IconsHorsCharge [mA];UzOverUb [V],ILedOn [mA],2.87,7.108,34.448,36.35,277.135,1.736,0,7.75,26.558,0,0,0.008,0.659,0.003,39.865,23.213,39.333,1,500,1,1,1,1,1,1,1,1,1,,,,,,,,,,,,,,,,,,,,,,Flex / PCB / Solder / Wiring,Flex / PCB / Solder / Wiring
CC-25011918,1479033,330-020-073,1479033_CTX_LK_inductive_06.xlsx,Flex PCB damaged from solder points,Possible root cause-Using wrong solder bit size and temperature,0.0,,,,,2,VRCUmeasurement [];eeprom_integrity [],eeprom_integrity [],,,,,,,,,,,,,,,,,,,,1,1,,,,,,,,,,,,,,,,,,,,,,,,,,,,,Flex / PCB / Solder / Wiring,Flex / PCB / Solder / Wiring
CC-25011918,1479033,330-020-073,1479033_CTX_LK_inductive_06.xlsx,Flex PCB damaged from solder points,Possible root cause-Using wrong solder bit size and temperature,0.0,,,,,1,eeprom_integrity [],eeprom_integrity [],,,,,,,,,,,,,,,,,,,,,,,,,,,,,,,,,,,,,,,,,,,,,,,,,,Flex / PCB / Solder / Wiring,Flex / PCB / Solder / Wiring
CC-25011916,1479033,330-020-073,1479033_CTX_LK_inductive_06.xlsx,Flex PCB damaged from solder points,Possible root cause-Using wrong solder bit size and temperature,167.157,972501,14375530,5574799,1,3,ILedOn [mA];IconsHorsCharge [mA];UzOverUb [V],ILedOn [mA],2.87,7.108,34.448,36.35,277.135,1.736,0,7.75,26.558,0,0,0.008,0.659,0.003,39.865,23.213,39.333,1,500,1,1,1,1,1,1,1,1,1,,,,,,,,,,,,,,,,,,,,,,Flex / PCB / Solder / Wiring,Flex / PCB / Solder / Wiring
CC-25011916,1479033,330-020-073,1479033_CTX_LK_inductive_06.xlsx,Flex PCB damaged from solder points,Possible root cause-Using wrong solder bit size and temperature,0.0,,,,,2,VRCUmeasurement [];eeprom_integrity [],eeprom_integrity [],,,,,,,,,,,,,,,,,,,,1,1,,,,,,,,,,,,,,,,,,,,,,,,,,,,,Flex / PCB / Solder / Wiring,Flex / PCB / Solder / Wiring
CC-25011916,1479033,330-020-073,1479033_CTX_LK_inductive_06.xlsx,Flex PCB damaged from solder points,Possible root cause-Using wrong solder bit size and temperature,0.0,,,,,1,eeprom_integrity [],eeprom_integrity [],,,,,,,,,,,,,,,,,,,,,,,,,,,,,,,,,,,,,,,,,,,,,,,,,,Flex / PCB / Solder / Wiring,Flex / PCB / Solder / Wiring
CC-25011919,1479033,330-020-073,1479033_CTX_LK_inductive_06.xlsx,Flex PCB damaged from solder points,Possible root cause-Using wrong solder bit size and temperature,167.157,972501,14375530,5574799,1,3,ILedOn [mA];IconsHorsCharge [mA];UzOverUb [V],ILedOn [mA],2.87,7.108,34.448,36.35,277.135,1.736,0,7.75,26.558,0,0,0.008,0.659,0.003,39.865,23.213,39.333,1,500,1,1,1,1,1,1,1,1,1,,,,,,,,,,,,,,,,,,,,,,Flex / PCB / Solder / Wiring,Flex / PCB / Solder / Wiring
CC-25011919,1479033,330-020-073,1479033_CTX_LK_inductive_06.xlsx,Flex PCB damaged from solder points,Possible root cause-Using wrong solder bit size and temperature,0.0,,,,,2,VRCUmeasurement [];eeprom_integrity [],eeprom_integrity [],,,,,,,,,,,,,,,,,,,,1,1,,,,,,,,,,,,,,,,,,,,,,,,,,,,,Flex / PCB / Solder / Wiring,Flex / PCB / Solder / Wiring
CC-25011919,1479033,330-020-073,1479033_CTX_LK_inductive_06.xlsx,Flex PCB damaged from solder points,Possible root cause-Using wrong solder bit size and temperature,0.0,,,,,1,eeprom_integrity [],eeprom_integrity [],,,,,,,,,,,,,,,,,,,,,,,,,,,,,,,,,,,,,,,,,,,,,,,,,,Flex / PCB / Solder / Wiring,Flex / PCB / Solder / Wiring
CC-25011917,1479033,330-020-073,1479033_CTX_LK_inductive_06.xlsx,Flex PCB damaged from solder points,Lack of solder skills,167.157,972501,14375530,5574799,1,3,ILedOn [mA];IconsHorsCharge [mA];UzOverUb [V],ILedOn [mA],2.87,7.108,34.448,36.35,277.135,1.736,0,7.75,26.558,0,0,0.008,0.659,0.003,39.865,23.213,39.333,1,500,1,1,1,1,1,1,1,1,1,,,,,,,,,,,,,,,,,,,,,,Flex / PCB / Solder / Wiring,Flex / PCB / Solder / Wiring
CC-25011917,1479033,330-020-073,1479033_CTX_LK_inductive_06.xlsx,Flex PCB damaged from solder points,Lack of solder skills,0.0,,,,,2,VRCUmeasurement [];eeprom_integrity [],eeprom_integrity [],,,,,,,,,,,,,,,,,,,,1,1,,,,,,,,,,,,,,,,,,,,,,,,,,,,,Flex / PCB / Solder / Wiring,Flex / PCB / Solder / Wiring
CC-25011917,1479033,330-020-073,1479033_CTX_LK_inductive_06.xlsx,Flex PCB damaged from solder points,Lack of solder skills,0.0,,,,,1,eeprom_integrity [],eeprom_integrity [],,,,,,,,,,,,,,,,,,,,,,,,,,,,,,,,,,,,,,,,,,,,,,,,,,Flex / PCB / Solder / Wiring,Flex / PCB / Solder / Wiring
CC-260913263,1682220,330-020-059,1682220_CTX_LK_inductive_07.xlsx,Eeprom 7022 - Component damaged,Possible raw material issue OR damaged during assembly process,0.0,,,,,1,eeprom_integrity [],eeprom_integrity [],,,,,,,,,,,,,,,,,,,,,,,,,,,,,,,,,,,,,,,,,,,,,,,,,,ASIC / EEPROM,ASIC / EEPROM
CC-260411522,1653723,330-010-085,1653723_CTX_LK_inductive_05.xlsx,High coil resistance,Coil strands damaged.,0.0,,,,,2,VASSmeasurement [];eeprom_integrity [],eeprom_integrity [],,,,,,,,,,,,,,,,,,,,1,1,,,,,,,,,,,,,,,,,,,,,,,,,,,,,Coil,Coil
CC-260411522,1653723,330-010-085,1653723_CTX_LK_inductive_05.xlsx,High coil resistance,Coil strands damaged.,0.0,,,,,2,VASSmeasurement [];eeprom_integrity [],eeprom_integrity [],,,,,,,,,,,,,,,,,,,,1,1,,,,,,,,,,,,,,,,,,,,,,,,,,,,,Coil,Coil
CC-260411522,1653723,330-010-085,1653723_CTX_LK_inductive_05.xlsx,High coil resistance,Coil strands damaged.,0.0,,,,,2,VRCUmeasurement [];eeprom_integrity [],eeprom_integrity [],,,,,,,,,,,,,,,,,,,,1,1,,,,,,,,,,,,,,,,,,,,,,,,,,,,,Coil,Coil
CC-260411522,1653723,330-010-085,1653723_CTX_LK_inductive_05.xlsx,High coil resistance,Coil strands damaged.,0.0,,,,,2,VRCUmeasurement [];eeprom_integrity [],eeprom_integrity [],,,,,,,,,,,,,,,,,,,,1,1,,,,,,,,,,,,,,,,,,,,,,,,,,,,,Coil,Coil
CC-260411522,1653723,330-010-085,1653723_CTX_LK_inductive_05.xlsx,High coil resistance,Coil strands damaged.,0.0,,,,,2,VASSmeasurement [];eeprom_integrity [],eeprom_integrity [],,,,,,,,,,,,,,,,,,,,1,1,,,,,,,,,,,,,,,,,,,,,,,,,,,,,Coil,Coil
CC-260411522,1653723,330-010-085,1653723_CTX_LK_inductive_05.xlsx,High coil resistance,Coil strands damaged.,0.0,,,,,2,VASSmeasurement [];eeprom_integrity [],eeprom_integrity [],,,,,,,,,,,,,,,,,,,,1,1,,,,,,,,,,,,,,,,,,,,,,,,,,,,,Coil,Coil
CC-260411522,1653723,330-010-085,1653723_CTX_LK_inductive_05.xlsx,High coil resistance,Coil strands damaged.,0.0,,,,,1,eeprom_integrity [],eeprom_integrity [],,,,,,,,,,,,,,,,,,,,,,,,,,,,,,,,,,,,,,,,,,,,,,,,,,Coil,Coil
CC-260411522,1653723,330-010-085,1653723_CTX_LK_inductive_05.xlsx,High coil resistance,Coil strands damaged.,0.0,,,,,2,VRCUmeasurement [];eeprom_integrity [],eeprom_integrity [],,,,,,,,,,,,,,,,,,,,1,1,,,,,,,,,,,,,,,,,,,,,,,,,,,,,Coil,Coil
CC-25014006,1532565,330-020-359,1532565_CTX_LK_inductive_01.xlsx,Gap between ferrite and front cap,Lack of adhesion between cap and ferrite by loctite 480.(Glue is visible in Cap),8.505,234888,16054420,5592230,1,3,UDist1Unom [V];UDist3Unom [V];UDist4Unom [V],UDist1Unom [V];UDist3Unom [V];UDist4Unom [V],,,6.76,,,,,,,,,0,,,,39.66,40.33,,500,1,1,,,,,,,,3.47,10,5.99,9.94,9.99,,,,,,,,,,,,,,,,,Dimensional / Alignment,Dimensional / Alignment
CC-25014006,1532565,330-020-359,1532565_CTX_LK_inductive_01.xlsx,Gap between ferrite and front cap,Lack of adhesion between cap and ferrite by loctite 480.(Glue is visible in Cap),5.537,234875,16054304,5592230,1,3,UDist1Unom [V];UDist3Unom [V];UDist4Unom [V],UDist1Unom [V];UDist3Unom [V];UDist4Unom [V],,,6.84,,,,,,,,,0,,,,39.62,40.68,,500,1,1,,,,,,,,1.04,10.09,5.99,9.71,9.98,,,,,,,,,,,,,,,,,Dimensional / Alignment,Dimensional / Alignment
CC-25014006,1532565,330-020-359,1532565_CTX_LK_inductive_01.xlsx,Gap between ferrite and front cap,Lack of adhesion between cap and ferrite by loctite 480.(Glue is visible in Cap),3.329,234881,16054358,5592230,1,2,UDist3Unom [V];UDist4Unom [V],UDist3Unom [V];UDist4Unom [V],,,6.83,,,,,,,,,0,,,,39.67,40.67,,500,1,1,,,,,,,,0.4,10.22,5.99,9.23,9.9,,,,,,,,,,,,,,,,,Dimensional / Alignment,Dimensional / Alignment
CC-25014006,1532565,330-020-359,1532565_CTX_LK_inductive_01.xlsx,Gap between ferrite and front cap,Lack of adhesion between cap and ferrite by loctite 480.(Glue is visible in Cap),2.477,234936,16054662,5592230,1,2,UDist3Unom [V];UDist4Unom [V],UDist3Unom [V];UDist4Unom [V],,,6.77,,,,,,,,,0,,,,39.59,40.92,,500,1,1,,,,,,,,0.36,10.54,5.99,8.87,9.97,,,,,,,,,,,,,,,,,Dimensional / Alignment,Dimensional / Alignment
CC-25014006,1532565,330-020-359,1532565_CTX_LK_inductive_01.xlsx,Gap between ferrite and front cap,Lack of adhesion between cap and ferrite by loctite 480.(Glue is visible in Cap),1.852,234872,16054287,5592230,1,2,UDist3Unom [V];UDist4Unom [V],UDist3Unom [V];UDist4Unom [V],,,6.9,,,,,,,,,0,,,,39.54,40.3,,500,1,1,,,,,,,,0.21,10.63,5.82,8.69,9.98,,,,,,,,,,,,,,,,,Dimensional / Alignment,Dimensional / Alignment
CC-25057987,1593693,330-020-051,1593693_CTX_LK_inductive_06.xlsx,High coil resistance,Not correctly position coil wires according to the DMO. So coil can be damage. So coil resistance high.,0.0,,,,,2,VASSmeasurement [];eeprom_integrity [],eeprom_integrity [],,,,,,,,,,,,,,,,,,,,1,1,,,,,,,,,,,,,,,,,,,,,,,,,,,,,Coil,Coil
CC-25057987,1593693,330-020-051,1593693_CTX_LK_inductive_06.xlsx,High coil resistance,Not correctly position coil wires according to the DMO. So coil can be damage. So coil resistance high.,0.0,,,,,2,VASSmeasurement [];eeprom_integrity [],eeprom_integrity [],,,,,,,,,,,,,,,,,,,,1,1,,,,,,,,,,,,,,,,,,,,,,,,,,,,,Coil,Coil
CC-25057987,1593693,330-020-051,1593693_CTX_LK_inductive_06.xlsx,High coil resistance,Not correctly position coil wires according to the DMO. So coil can be damage. So coil resistance high.,0.0,,,,,1,eeprom_integrity [],eeprom_integrity [],,,,,,,,,,,,,,,,,,,,,,,,,,,,,,,,,,,,,,,,,,,,,,,,,,Coil,Coil
CC-25057987,1593693,330-020-051,1593693_CTX_LK_inductive_06.xlsx,High coil resistance,Not correctly position coil wires according to the DMO. So coil can be damage. So coil resistance high.,0.0,,,,,2,VASSmeasurement [];eeprom_integrity [],eeprom_integrity [],,,,,,,,,,,,,,,,,,,,1,1,,,,,,,,,,,,,,,,,,,,,,,,,,,,,Coil,Coil
CC-25057987,1593693,330-020-051,1593693_CTX_LK_inductive_06.xlsx,High coil resistance,Not correctly position coil wires according to the DMO. So coil can be damage. So coil resistance high.,0.0,,,,,2,VRCUmeasurement [];eeprom_integrity [],eeprom_integrity [],,,,,,,,,,,,,,,,,,,,1,1,,,,,,,,,,,,,,,,,,,,,,,,,,,,,Coil,Coil
CC-25057987,1593693,330-020-051,1593693_CTX_LK_inductive_06.xlsx,High coil resistance,Not correctly position coil wires according to the DMO. So coil can be damage. So coil resistance high.,0.0,,,,,2,VASSmeasurement [];eeprom_integrity [],eeprom_integrity [],,,,,,,,,,,,,,,,,,,,1,1,,,,,,,,,,,,,,,,,,,,,,,,,,,,,Coil,Coil
CC-25024749,1577079,330-020-335,1577079_CTX_LK_inductive_02.xlsx,High Cap,Unavailability of pallet centering tool and not checked the pallet exceeding the housing edge,11.69,1301725,17098864,5593486,1,5,HystUnom [%];IccEnclUmax [mA];UsatUmaxIchmax [V];UbDeclenchement [V];RetDispUmin [ms],HystUnom [%],2.75,-0.27,5.36,7.61,0.0,0.0,0,9.8,360.0,0,0,0,0.66,0,39.99,36.61,40.21,1,500,1,1,1,1,1,1,1,1,1,,,,,,,,,,,,,,,,,,,,,,Dimensional / Alignment,Dimensional / Alignment
CC-25014062,1548566,330-020-073,1548566_CTX_LK_inductive_05.xlsx,Excess solder,"Excess solder in shield soldering pad, process deviation, operator under training",0.0,,,,,2,VRCUmeasurement [];eeprom_integrity [],eeprom_integrity [],,,,,,,,,,,,,,,,,,,,1,1,,,,,,,,,,,,,,,,,,,,,,,,,,,,,Flex / PCB / Solder / Wiring,Flex / PCB / Solder / Wiring
CC-25014062,1548566,330-020-073,1548566_CTX_LK_inductive_05.xlsx,Excess solder,"Excess solder in shield soldering pad, process deviation, operator under training",0.0,,,,,2,VASSmeasurement [];eeprom_integrity [],eeprom_integrity [],,,,,,,,,,,,,,,,,,,,1,1,,,,,,,,,,,,,,,,,,,,,,,,,,,,,Flex / PCB / Solder / Wiring,Flex / PCB / Solder / Wiring
CC-25014062,1548566,330-020-073,1548566_CTX_LK_inductive_05.xlsx,Excess solder,"Excess solder in shield soldering pad, process deviation, operator under training",0.0,,,,,3,IcInternalTemperature [];VRCUmeasurement [];eeprom_integrity [],eeprom_integrity [],,,,,,,,,,,,,,,,,,,,1,1,,,,,,,,,,,,,,,,,,,,,,,,,,,,,Flex / PCB / Solder / Wiring,Flex / PCB / Solder / Wiring
CC-25014065,1548566,330-020-073,1548566_CTX_LK_inductive_05.xlsx,Solder contact with housing,Not done the intermediate test(Isolation Test) during 2nd potting operation,0.0,1176809,16133873,5592230,1,1,TestIsolation [0/1],TestIsolation [0/1],2.921,6.813,8.277,7.616,291.722,1.286,0,7.75,26.613,0,0,0.005,0.66,0.003,40.053,41.036,40.088,1,500.0,1,1,1,1,1,1,1,1,1,,,,,,,,,,,,,,,,,,,,,,Insulation / Isolation,Other / Minor Defects
CC-25014065,1548566,330-020-073,1548566_CTX_LK_inductive_05.xlsx,Solder contact with housing,Not done the intermediate test(Isolation Test) during 2nd potting operation,0.0,1176837,16134041,5592230,1,1,TestIsolation [0/1],TestIsolation [0/1],2.941,7.174,8.152,7.461,277.83,1.302,0,7.75,26.375,0,0,0.006,0.66,0.003,40.332,41.552,40.388,1,500.0,1,1,1,1,1,1,1,1,1,,,,,,,,,,,,,,,,,,,,,,Insulation / Isolation,Other / Minor Defects
CC-25014065,1548566,330-020-073,1548566_CTX_LK_inductive_05.xlsx,Solder contact with housing,Not done the intermediate test(Isolation Test) during 2nd potting operation,0.0,1176841,16134054,5592230,1,1,TestIsolation [0/1],TestIsolation [0/1],2.905,6.919,8.281,7.582,277.83,1.284,0,7.75,26.451,0,0,0.006,0.66,0.004,40.109,41.189,40.809,1,500.0,1,1,1,1,1,1,1,1,1,,,,,,,,,,,,,,,,,,,,,,Insulation / Isolation,Other / Minor Defects
CC-25014064,1548566,330-020-073,1548566_CTX_LK_inductive_05.xlsx,Solder contact with housing,Not done the intermediate test(Isolation Test) during 2nd potting operation,0.0,1176809,16133873,5592230,1,1,TestIsolation [0/1],TestIsolation [0/1],2.921,6.813,8.277,7.616,291.722,1.286,0,7.75,26.613,0,0,0.005,0.66,0.003,40.053,41.036,40.088,1,500.0,1,1,1,1,1,1,1,1,1,,,,,,,,,,,,,,,,,,,,,,Insulation / Isolation,Other / Minor Defects
CC-25014064,1548566,330-020-073,1548566_CTX_LK_inductive_05.xlsx,Solder contact with housing,Not done the intermediate test(Isolation Test) during 2nd potting operation,0.0,1176837,16134041,5592230,1,1,TestIsolation [0/1],TestIsolation [0/1],2.941,7.174,8.152,7.461,277.83,1.302,0,7.75,26.375,0,0,0.006,0.66,0.003,40.332,41.552,40.388,1,500.0,1,1,1,1,1,1,1,1,1,,,,,,,,,,,,,,,,,,,,,,Insulation / Isolation,Other / Minor Defects
CC-25014064,1548566,330-020-073,1548566_CTX_LK_inductive_05.xlsx,Solder contact with housing,Not done the intermediate test(Isolation Test) during 2nd potting operation,0.0,1176841,16134054,5592230,1,1,TestIsolation [0/1],TestIsolation [0/1],2.905,6.919,8.281,7.582,277.83,1.284,0,7.75,26.451,0,0,0.006,0.66,0.004,40.109,41.189,40.809,1,500.0,1,1,1,1,1,1,1,1,1,,,,,,,,,,,,,,,,,,,,,,Insulation / Isolation,Other / Minor Defects
CC-25011951,2003136,330-010-087,2003136_CTX_LK_inductive_02.xlsx,Flex damage,Wrong flex PCB bending,0.0,,,,,1,eeprom_integrity [],eeprom_integrity [],,,,,,,,,,,,,,,,,,,,,,,,,,,,,,,,,,,,,,,,,,,,,,,,,,Flex / PCB / Solder / Wiring,Flex / PCB / Solder / Wiring
CC-25011951,2003136,330-010-087,2003136_CTX_LK_inductive_02.xlsx,Flex damage,Wrong flex PCB bending,0.0,,,,,1,eeprom_integrity [],eeprom_integrity [],,,,,,,,,,,,,,,,,,,,1,1,1,1,1,1,1,0,,,,,,,,,,,,,,,,,,,,,,,Flex / PCB / Solder / Wiring,Flex / PCB / Solder / Wiring
CC-25011950,2003136,330-010-087,2003136_CTX_LK_inductive_02.xlsx,Flex damage,Wrong flex PCB bending,0.0,,,,,1,eeprom_integrity [],eeprom_integrity [],,,,,,,,,,,,,,,,,,,,,,,,,,,,,,,,,,,,,,,,,,,,,,,,,,Flex / PCB / Solder / Wiring,Flex / PCB / Solder / Wiring
CC-25011950,2003136,330-010-087,2003136_CTX_LK_inductive_02.xlsx,Flex damage,Wrong flex PCB bending,0.0,,,,,1,eeprom_integrity [],eeprom_integrity [],,,,,,,,,,,,,,,,,,,,1,1,1,1,1,1,1,0,,,,,,,,,,,,,,,,,,,,,,,Flex / PCB / Solder / Wiring,Flex / PCB / Solder / Wiring
CC-25078475,2030096,330-010-085,2030096_CTX_LK_inductive_05.xlsx,High coil resistance,Suspected incoming material issue. (Coil strands damage),0.0,,,,,2,VASSmeasurement [];eeprom_integrity [],eeprom_integrity [],,,,,,,,,,,,,,,,,,,,1,1,,,,,,,,,,,,,,,,,,,,,,,,,,,,,Coil,Coil
CC-25078475,2030096,330-010-085,2030096_CTX_LK_inductive_05.xlsx,High coil resistance,Suspected incoming material issue. (Coil strands damage),0.0,,,,,2,VRCUmeasurement [];eeprom_integrity [],eeprom_integrity [],,,,,,,,,,,,,,,,,,,,1,1,,,,,,,,,,,,,,,,,,,,,,,,,,,,,Coil,Coil
CC-25078475,2030096,330-010-085,2030096_CTX_LK_inductive_05.xlsx,High coil resistance,Suspected incoming material issue. (Coil strands damage),0.0,,,,,2,VRCUmeasurement [];eeprom_integrity [],eeprom_integrity [],,,,,,,,,,,,,,,,,,,,1,1,,,,,,,,,,,,,,,,,,,,,,,,,,,,,Coil,Coil
CC-25078475,2030096,330-010-085,2030096_CTX_LK_inductive_05.xlsx,High coil resistance,Suspected incoming material issue. (Coil strands damage),0.0,,,,,2,VASSmeasurement [];eeprom_integrity [],eeprom_integrity [],,,,,,,,,,,,,,,,,,,,1,1,,,,,,,,,,,,,,,,,,,,,,,,,,,,,Coil,Coil
CC-25078475,2030096,330-010-085,2030096_CTX_LK_inductive_05.xlsx,High coil resistance,Suspected incoming material issue. (Coil strands damage),0.0,,,,,2,VASSmeasurement [];eeprom_integrity [],eeprom_integrity [],,,,,,,,,,,,,,,,,,,,1,1,,,,,,,,,,,,,,,,,,,,,,,,,,,,,Coil,Coil
CC-25078475,2030096,330-010-085,2030096_CTX_LK_inductive_05.xlsx,High coil resistance,Suspected incoming material issue. (Coil strands damage),0.0,,,,,2,VRCUmeasurement [];eeprom_integrity [],eeprom_integrity [],,,,,,,,,,,,,,,,,,,,1,1,,,,,,,,,,,,,,,,,,,,,,,,,,,,,Coil,Coil
CC-25078475,2030096,330-010-085,2030096_CTX_LK_inductive_05.xlsx,High coil resistance,Suspected incoming material issue. (Coil strands damage),0.0,,,,,2,VRCUmeasurement [];eeprom_integrity [],eeprom_integrity [],,,,,,,,,,,,,,,,,,,,1,1,,,,,,,,,,,,,,,,,,,,,,,,,,,,,Coil,Coil
CC-25078475,2030096,330-010-085,2030096_CTX_LK_inductive_05.xlsx,High coil resistance,Suspected incoming material issue. (Coil strands damage),0.0,,,,,2,VRCUmeasurement [];eeprom_integrity [],eeprom_integrity [],,,,,,,,,,,,,,,,,,,,1,1,,,,,,,,,,,,,,,,,,,,,,,,,,,,,Coil,Coil
CC-25078475,2030096,330-010-085,2030096_CTX_LK_inductive_05.xlsx,High coil resistance,Suspected incoming material issue. (Coil strands damage),0.0,,,,,1,eeprom_integrity [],eeprom_integrity [],,,,,,,,,,,,,,,,,,,,,,,,,,,,,,,,,,,,,,,,,,,,,,,,,,Coil,Coil
CC-25078475,2030096,330-010-085,2030096_CTX_LK_inductive_05.xlsx,High coil resistance,Suspected incoming material issue. (Coil strands damage),0.0,,,,,1,eeprom_integrity [],eeprom_integrity [],,,,,,,,,,,,,,,,,,,,,,,,,,,,,,,,,,,,,,,,,,,,,,,,,,Coil,Coil
CC-25078475,2030096,330-010-085,2030096_CTX_LK_inductive_05.xlsx,High coil resistance,Suspected incoming material issue. (Coil strands damage),0.0,,,,,2,VRCUmeasurement [];eeprom_integrity [],eeprom_integrity [],,,,,,,,,,,,,,,,,,,,1,1,,,,,,,,,,,,,,,,,,,,,,,,,,,,,Coil,Coil
CC-25078475,2030096,330-010-085,2030096_CTX_LK_inductive_05.xlsx,High coil resistance,Suspected incoming material issue. (Coil strands damage),0.0,,,,,2,VASSmeasurement [];eeprom_integrity [],eeprom_integrity [],,,,,,,,,,,,,,,,,,,,1,1,,,,,,,,,,,,,,,,,,,,,,,,,,,,,Coil,Coil
CC-25078475,2030096,330-010-085,2030096_CTX_LK_inductive_05.xlsx,High coil resistance,Suspected incoming material issue. (Coil strands damage),0.0,,,,,2,VASSmeasurement [];eeprom_integrity [],eeprom_integrity [],,,,,,,,,,,,,,,,,,,,1,1,,,,,,,,,,,,,,,,,,,,,,,,,,,,,Coil,Coil
CC-25012441,1485260,330-020-073,1485260_CTX_LK_inductive_05.xlsx,Flex damage from solder pad,Done by a training operator,0.0,,,,,1,eeprom_integrity [],eeprom_integrity [],,,,,,,,,,,,,,,,,,,,1,1,1,1,1,1,1,0,,,,,,,,,,,,,,,,,,,,,,,Flex / PCB / Solder / Wiring,Flex / PCB / Solder / Wiring
CC-25012441,1485260,330-020-073,1485260_CTX_LK_inductive_05.xlsx,Flex damage from solder pad,Done by a training operator,0.0,,,,,2,VASSmeasurement [];eeprom_integrity [],eeprom_integrity [],,,,,,,,,,,,,,,,,,,,1,1,,,,,,,,,,,,,,,,,,,,,,,,,,,,,Flex / PCB / Solder / Wiring,Flex / PCB / Solder / Wiring
CC-25012440,1485260,330-020-073,1485260_CTX_LK_inductive_05.xlsx,Spreaded strands of coil wire,Poor qualify adhesive tape of coil causing coil wire to slip below the edge of the bobbin,0.0,,,,,1,eeprom_integrity [],eeprom_integrity [],,,,,,,,,,,,,,,,,,,,1,1,1,1,1,1,1,0,,,,,,,,,,,,,,,,,,,,,,,Coil,Coil
CC-25012440,1485260,330-020-073,1485260_CTX_LK_inductive_05.xlsx,Spreaded strands of coil wire,Poor qualify adhesive tape of coil causing coil wire to slip below the edge of the bobbin,0.0,,,,,2,VASSmeasurement [];eeprom_integrity [],eeprom_integrity [],,,,,,,,,,,,,,,,,,,,1,1,,,,,,,,,,,,,,,,,,,,,,,,,,,,,Coil,Coil
CC-25012440,1485260,330-020-073,1485260_CTX_LK_inductive_05.xlsx,Spreaded strands of coil wire,Poor qualify adhesive tape of coil causing coil wire to slip below the edge of the bobbin,0.0,,,,,1,eeprom_integrity [],eeprom_integrity [],,,,,,,,,,,,,,,,,,,,,,,,,,,,,,,,,,,,,,,,,,,,,,,,,,Coil,Coil
CC-25014636,1577208,330-020-373,1577208_CTX_LK_inductive_07.xlsx,Gap between front cap and ferrite,Loctite 480 adhesion issue,8.318,262536,17012929,5592942,1,4,UDist3Unom [V];UDist4Unom [V];IDist3Unom [mA];IDist4Unom [mA],UDist3Unom [V];UDist4Unom [V];IDist3Unom [mA];IDist4Unom [mA],,,10.201,,,,,,,,,0,,,,39.407,40.065,,500,1,1,,,,,,,,0.064,10.132,6.399,9.12,9.818,39.72,4.027,19.931,15.082,18.321,19.416,,,,,,,,,,,Dimensional / Alignment,Dimensional / Alignment
CC-25014636,1577208,330-020-373,1577208_CTX_LK_inductive_07.xlsx,Gap between front cap and ferrite,Loctite 480 adhesion issue,2.331,262515,17012841,5592942,1,1,UDist3Unom [V],UDist3Unom [V],,,10.27,,,,,,,,,0,,,,39.257,39.809,,500,1,1,,,,,,,,0.084,10.479,5.709,8.568,9.781,39.711,4.1,20.644,13.043,17.594,19.529,,,,,,,,,,,Dimensional / Alignment,Dimensional / Alignment
CC-25014636,1577208,330-020-373,1577208_CTX_LK_inductive_07.xlsx,Gap between front cap and ferrite,Loctite 480 adhesion issue,2.293,262569,17013143,5592942,1,1,UDist3Unom [V],UDist3Unom [V],,,10.228,,,,,,,,,0,,,,39.285,40.689,,500,1,1,,,,,,,,0.093,10.479,5.702,8.58,9.797,39.753,4.105,20.535,12.979,17.528,19.46,,,,,,,,,,,Dimensional / Alignment,Dimensional / Alignment
CC-25014636,1577208,330-020-373,1577208_CTX_LK_inductive_07.xlsx,Gap between front cap and ferrite,Loctite 480 adhesion issue,2.125,262500,17012746,5592942,1,1,UDist3Unom [V],UDist3Unom [V],,,10.206,,,,,,,,,0,,,,39.49,40.725,,500,1,1,,,,,,,,0.064,10.5,5.671,8.587,9.812,39.646,4.028,20.709,12.995,17.646,19.599,,,,,,,,,,,Dimensional / Alignment,Dimensional / Alignment
CC-25014636,1577208,330-020-373,1577208_CTX_LK_inductive_07.xlsx,Gap between front cap and ferrite,Loctite 480 adhesion issue,1.995,262573,17013163,5592942,1,1,UDist3Unom [V],UDist3Unom [V],,,10.322,,,,,,,,,0,,,,39.755,40.698,,500,1,1,,,,,,,,0.07,10.428,5.647,8.536,9.753,40.22,4.068,20.458,12.899,17.465,19.387,,,,,,,,,,,Dimensional / Alignment,Dimensional / Alignment
CC-25014636,1577208,330-020-373,1577208_CTX_LK_inductive_07.xlsx,Gap between front cap and ferrite,Loctite 480 adhesion issue,1.973,262522,17012889,5592942,1,1,UDist3Unom [V],UDist3Unom [V],,,10.309,,,,,,,,,0,,,,39.207,39.948,,500,1,1,,,,,,,,0.065,10.518,5.643,8.583,9.815,40.13,4.07,20.678,12.945,17.598,19.547,,,,,,,,,,,Dimensional / Alignment,Dimensional / Alignment
CC-25012234,1486463,330-020-380,1486463_CTX_LK_inductive_06.xlsx,Distance measurement fails,Distance variations in analog sensor types clear root cause is undefined from RnD,303.341,183594,14482277,5574799,1,8,UDist2Unom [V];UDist3Unom [V];UDist4Unom [V];UDist5Unom [V];IDist2Unom [mA];IDist3Unom [mA];IDist4Unom [mA];IDist5Unom [mA],UDist2Unom [V];UDist3Unom [V];UDist4Unom [V];UDist5Unom [V];IDist2Unom [mA];IDist3Unom [mA];IDist4Unom [mA];IDist5Unom [mA],,,9.35,,,,,,,,,0.002,,,,40.306,40.778,,500,1,1,,,,,,,,0.056,0.057,0.056,0.056,0.056,40.552,0.839,0.839,0.839,0.84,0.84,,,,,,,,,,,Dimensional / Alignment,Dimensional / Alignment
CC-25012234,1486463,330-020-380,1486463_CTX_LK_inductive_06.xlsx,Distance measurement fails,Distance variations in analog sensor types clear root cause is undefined from RnD,7.389,183592,14482274,5574799,1,3,UDist3Unom [V];UDist4Unom [V];IDist3Unom [mA],UDist3Unom [V];UDist4Unom [V];IDist3Unom [mA],,,8.393,,,,,,,,,0.002,,,,40.182,40.908,,500,1,1,,,,,,,,0.186,5.511,2.179,4.071,4.987,40.453,0.97,5.303,2.585,4.126,4.873,,,,,,,,,,,Dimensional / Alignment,Dimensional / Alignment
CC-25012234,1486463,330-020-380,1486463_CTX_LK_inductive_06.xlsx,Distance measurement fails,Distance variations in analog sensor types clear root cause is undefined from RnD,6.965,183575,14482252,5574799,1,3,UDist3Unom [V];UDist4Unom [V];IDist3Unom [mA],UDist3Unom [V];UDist4Unom [V];IDist3Unom [mA],,,8.196,,,,,,,,,0.002,,,,39.841,40.972,,500,1,1,,,,,,,,0.283,5.49,2.256,4.086,4.978,40.311,1.034,5.263,2.63,4.118,4.846,,,,,,,,,,,Dimensional / Alignment,Dimensional / Alignment
CC-25012234,1486463,330-020-380,1486463_CTX_LK_inductive_06.xlsx,Distance measurement fails,Distance variations in analog sensor types clear root cause is undefined from RnD,5.93,183500,14482085,5574799,1,3,UDist3Unom [V];UDist4Unom [V];IDist3Unom [mA],UDist3Unom [V];UDist4Unom [V];IDist3Unom [mA],,,8.35,,,,,,,,,0.001,,,,40.291,40.706,,500,1,1,,,,,,,,0.107,5.494,2.282,4.126,4.995,40.808,0.887,5.25,2.642,4.137,4.845,,,,,,,,,,,Dimensional / Alignment,Dimensional / Alignment
CC-25012234,1486463,330-020-380,1486463_CTX_LK_inductive_06.xlsx,Distance measurement fails,Distance variations in analog sensor types clear root cause is undefined from RnD,5.892,183519,14482146,5574799,1,3,UDist3Unom [V];UDist4Unom [V];IDist3Unom [mA],UDist3Unom [V];UDist4Unom [V];IDist3Unom [mA],,,8.332,,,,,,,,,0.002,,,,39.726,40.771,,500,1,1,,,,,,,,0.122,5.51,2.285,4.134,5.01,40.105,0.925,5.313,2.68,4.19,4.904,,,,,,,,,,,Dimensional / Alignment,Dimensional / Alignment
CC-25012234,1486463,330-020-380,1486463_CTX_LK_inductive_06.xlsx,Distance measurement fails,Distance variations in analog sensor types clear root cause is undefined from RnD,5.739,183579,14482258,5574799,1,3,UDist3Unom [V];UDist4Unom [V];IDist3Unom [mA],UDist3Unom [V];UDist4Unom [V];IDist3Unom [mA],,,8.485,,,,,,,,,0.002,,,,40.378,40.662,,500,1,1,,,,,,,,0.182,5.447,2.297,4.158,4.989,40.553,0.96,5.225,2.668,4.177,4.854,,,,,,,,,,,Dimensional / Alignment,Dimensional / Alignment
CC-25012234,1486463,330-020-380,1486463_CTX_LK_inductive_06.xlsx,Distance measurement fails,Distance variations in analog sensor types clear root cause is undefined from RnD,5.714,183574,14482249,5574799,1,3,UDist3Unom [V];UDist4Unom [V];IDist3Unom [mA],UDist3Unom [V];UDist4Unom [V];IDist3Unom [mA],,,8.511,,,,,,,,,0.002,,,,39.779,40.682,,500,1,1,,,,,,,,0.1,5.504,2.299,4.137,5.002,40.506,0.888,5.277,2.666,4.163,4.867,,,,,,,,,,,Dimensional / Alignment,Dimensional / Alignment
CC-25012234,1486463,330-020-380,1486463_CTX_LK_inductive_06.xlsx,Distance measurement fails,Distance variations in analog sensor types clear root cause is undefined from RnD,5.637,183515,14482136,5574799,1,3,UDist3Unom [V];UDist4Unom [V];IDist3Unom [mA],UDist3Unom [V];UDist4Unom [V];IDist3Unom [mA],,,8.426,,,,,,,,,0.001,,,,40.016,40.306,,500,1,1,,,,,,,,0.174,5.467,2.305,4.149,5.003,40.282,0.948,5.239,2.672,4.169,4.865,,,,,,,,,,,Dimensional / Alignment,Dimensional / Alignment
CC-25012234,1486463,330-020-380,1486463_CTX_LK_inductive_06.xlsx,Distance measurement fails,Distance variations in analog sensor types clear root cause is undefined from RnD,5.51,183486,14482042,5574799,1,3,UDist3Unom [V];UDist4Unom [V];IDist3Unom [mA],UDist3Unom [V];UDist4Unom [V];IDist3Unom [mA],,,8.484,,,,,,,,,0.002,,,,40.318,40.99,,500,1,1,,,,,,,,0.16,5.477,2.315,4.153,4.995,40.295,0.945,5.286,2.699,4.2,4.89,,,,,,,,,,,Dimensional / Alignment,Dimensional / Alignment
CC-25012234,1486463,330-020-380,1486463_CTX_LK_inductive_06.xlsx,Distance measurement fails,Distance variations in analog sensor types clear root cause is undefined from RnD,5.439,183504,14482102,5574799,1,2,UDist3Unom [V];UDist4Unom [V],UDist3Unom [V];UDist4Unom [V],,,8.417,,,,,,,,,0.002,,,,40.09,40.38,,500,1,1,,,,,,,,0.252,5.475,2.365,4.14,4.981,40.041,1.007,5.26,2.723,4.17,4.857,,,,,,,,,,,Dimensional / Alignment,Dimensional / Alignment
CC-25012234,1486463,330-020-380,1486463_CTX_LK_inductive_06.xlsx,Distance measurement fails,Distance variations in analog sensor types clear root cause is undefined from RnD,5.422,183596,14482280,5574799,1,3,UDist3Unom [V];UDist4Unom [V];IDist3Unom [mA],UDist3Unom [V];UDist4Unom [V];IDist3Unom [mA],,,8.41,,,,,,,,,0.002,,,,40.126,40.772,,500,1,1,,,,,,,,0.087,5.473,2.322,4.153,4.994,40.134,0.872,5.237,2.677,4.164,4.848,,,,,,,,,,,Dimensional / Alignment,Dimensional / Alignment
CC-25012234,1486463,330-020-380,1486463_CTX_LK_inductive_06.xlsx,Distance measurement fails,Distance variations in analog sensor types clear root cause is undefined from RnD,5.382,183504,14482102,5574799,1,2,UDist3Unom [V];UDist4Unom [V],UDist3Unom [V];UDist4Unom [V],,,8.441,,,,,,,,,0.002,,,,40.126,40.413,,500,1,1,,,,,,,,0.251,5.475,2.369,4.142,4.982,40.059,1.007,5.26,2.725,4.171,4.858,,,,,,,,,,,Dimensional / Alignment,Dimensional / Alignment
CC-25012234,1486463,330-020-380,1486463_CTX_LK_inductive_06.xlsx,Distance measurement fails,Distance variations in analog sensor types clear root cause is undefined from RnD,5.382,183526,14482179,5574799,1,2,UDist3Unom [V];UDist4Unom [V],UDist3Unom [V];UDist4Unom [V],,,8.41,,,,,,,,,0.002,,,,39.75,40.588,,500,1,1,,,,,,,,0.261,5.464,2.37,4.142,4.98,40.045,1.026,5.269,2.742,4.19,4.874,,,,,,,,,,,Dimensional / Alignment,Dimensional / Alignment
CC-25012234,1486463,330-020-380,1486463_CTX_LK_inductive_06.xlsx,Distance measurement fails,Distance variations in analog sensor types clear root cause is undefined from RnD,5.371,183587,14482267,5574799,1,3,UDist3Unom [V];UDist4Unom [V];IDist3Unom [mA],UDist3Unom [V];UDist4Unom [V];IDist3Unom [mA],,,8.389,,,,,,,,,0.001,,,,40.587,41.068,,500,1,1,,,,,,,,0.193,5.443,2.326,4.154,4.988,40.752,0.974,5.23,2.699,4.183,4.861,,,,,,,,,,,Dimensional / Alignment,Dimensional / Alignment
CC-25012234,1486463,330-020-380,1486463_CTX_LK_inductive_06.xlsx,Distance measurement fails,Distance variations in analog sensor types clear root cause is undefined from RnD,5.32,183578,14482256,5574799,1,3,UDist3Unom [V];UDist4Unom [V];IDist3Unom [mA],UDist3Unom [V];UDist4Unom [V];IDist3Unom [mA],,,8.542,,,,,,,,,0.002,,,,40.151,40.576,,500,1,1,,,,,,,,0.213,5.445,2.33,4.163,4.992,40.278,0.977,5.235,2.695,4.189,4.867,,,,,,,,,,,Dimensional / Alignment,Dimensional / Alignment
CC-25012234,1486463,330-020-380,1486463_CTX_LK_inductive_06.xlsx,Distance measurement fails,Distance variations in analog sensor types clear root cause is undefined from RnD,5.269,183598,14482282,5574799,1,3,UDist3Unom [V];UDist4Unom [V];IDist3Unom [mA],UDist3Unom [V];UDist4Unom [V];IDist3Unom [mA],,,8.432,,,,,,,,,0.002,,,,39.705,40.208,,500,1,1,,,,,,,,0.165,5.502,2.334,4.159,5.011,40.191,0.933,5.257,2.685,4.166,4.861,,,,,,,,,,,Dimensional / Alignment,Dimensional / Alignment
CC-25012234,1486463,330-020-380,1486463_CTX_LK_inductive_06.xlsx,Distance measurement fails,Distance variations in analog sensor types clear root cause is undefined from RnD,5.218,183514,14482134,5574799,1,2,UDist3Unom [V];UDist4Unom [V],UDist3Unom [V];UDist4Unom [V],,,8.324,,,,,,,,,0.002,,,,39.975,40.59,,500,1,1,,,,,,,,0.222,5.467,2.338,4.155,4.999,40.287,0.994,5.263,2.711,4.191,4.88,,,,,,,,,,,Dimensional / Alignment,Dimensional / Alignment
CC-25012234,1486463,330-020-380,1486463_CTX_LK_inductive_06.xlsx,Distance measurement fails,Distance variations in analog sensor types clear root cause is undefined from RnD,5.142,183590,14482272,5574799,1,2,UDist3Unom [V];UDist4Unom [V],UDist3Unom [V];UDist4Unom [V],,,8.42,,,,,,,,,0.002,,,,39.922,40.705,,500,1,1,,,,,,,,0.157,5.426,2.344,4.169,4.986,40.296,0.942,5.208,2.707,4.185,4.848,,,,,,,,,,,Dimensional / Alignment,Dimensional / Alignment
CC-25012234,1486463,330-020-380,1486463_CTX_LK_inductive_06.xlsx,Distance measurement fails,Distance variations in analog sensor types clear root cause is undefined from RnD,5.129,183552,14482214,5574799,1,2,UDist3Unom [V];UDist4Unom [V],UDist3Unom [V];UDist4Unom [V],,,8.349,,,,,,,,,0.002,,,,39.955,40.971,,500,1,1,,,,,,,,0.196,5.468,2.345,4.157,5,40.522,0.978,5.266,2.721,4.199,4.885,,,,,,,,,,,Dimensional / Alignment,Dimensional / Alignment
CC-25012234,1486463,330-020-380,1486463_CTX_LK_inductive_06.xlsx,Distance measurement fails,Distance variations in analog sensor types clear root cause is undefined from RnD,5.099,183561,14482232,5574799,1,2,UDist3Unom [V];UDist4Unom [V],UDist3Unom [V];UDist4Unom [V],,,8.339,,,,,,,,,0.002,,,,40.366,40.716,,500,1,1,,,,,,,,0.216,5.457,2.348,4.152,4.987,40.288,0.975,5.237,2.703,4.173,4.853,,,,,,,,,,,Dimensional / Alignment,Dimensional / Alignment
CC-25012234,1486463,330-020-380,1486463_CTX_LK_inductive_06.xlsx,Distance measurement fails,Distance variations in analog sensor types clear root cause is undefined from RnD,5.091,183494,14482062,5574799,1,2,UDist3Unom [V];UDist4Unom [V],UDist3Unom [V];UDist4Unom [V],,,8.381,,,,,,,,,0.002,,,,39.982,40.541,,500,1,1,,,,,,,,0.107,5.461,2.348,4.153,4.98,40.153,0.893,5.227,2.7,4.165,4.837,,,,,,,,,,,Dimensional / Alignment,Dimensional / Alignment
CC-25012234,1486463,330-020-380,1486463_CTX_LK_inductive_06.xlsx,Distance measurement fails,Distance variations in analog sensor types clear root cause is undefined from RnD,5.079,183530,14482189,5574799,1,2,UDist3Unom [V];UDist4Unom [V],UDist3Unom [V];UDist4Unom [V],,,8.482,,,,,,,,,0.002,,,,40.069,40.996,,500,1,1,,,,,,,,0.132,5.455,2.349,4.163,4.989,40.672,0.929,5.268,2.729,4.21,4.887,,,,,,,,,,,Dimensional / Alignment,Dimensional / Alignment
CC-25012234,1486463,330-020-380,1486463_CTX_LK_inductive_06.xlsx,Distance measurement fails,Distance variations in analog sensor types clear root cause is undefined from RnD,4.986,183540,14482200,5574799,1,2,UDist3Unom [V];UDist4Unom [V],UDist3Unom [V];UDist4Unom [V],,,8.491,,,,,,,,,0.002,,,,40.373,40.687,,500,1,1,,,,,,,,0.193,5.461,2.372,4.156,4.981,40.288,0.985,5.277,2.755,4.21,4.883,,,,,,,,,,,Dimensional / Alignment,Dimensional / Alignment
CC-25012234,1486463,330-020-380,1486463_CTX_LK_inductive_06.xlsx,Distance measurement fails,Distance variations in analog sensor types clear root cause is undefined from RnD,4.939,183555,14482224,5574799,1,2,UDist3Unom [V];UDist4Unom [V],UDist3Unom [V];UDist4Unom [V],,,8.372,,,,,,,,,0.001,,,,39.615,40.744,,500,1,1,,,,,,,,0.16,5.482,2.36,4.169,5.006,40.22,0.949,5.283,2.735,4.209,4.892,,,,,,,,,,,Dimensional / Alignment,Dimensional / Alignment
CC-25012233,1486463,330-020-380,1486463_CTX_LK_inductive_06.xlsx,Cable removed from PCBA,Possible cause - Followed improper wire order to solder causing excess stress on wire,303.341,183594,14482277,5574799,1,8,UDist2Unom [V];UDist3Unom [V];UDist4Unom [V];UDist5Unom [V];IDist2Unom [mA];IDist3Unom [mA];IDist4Unom [mA];IDist5Unom [mA],UDist2Unom [V];UDist3Unom [V];UDist4Unom [V];UDist5Unom [V];IDist2Unom [mA];IDist3Unom [mA];IDist4Unom [mA];IDist5Unom [mA],,,9.35,,,,,,,,,0.002,,,,40.306,40.778,,500,1,1,,,,,,,,0.056,0.057,0.056,0.056,0.056,40.552,0.839,0.839,0.839,0.84,0.84,,,,,,,,,,,Flex / PCB / Solder / Wiring,Flex / PCB / Solder / Wiring
CC-260813063,1676578,330-020-373,1676578_CTX_LK_inductive_05.xlsx,Gap between ferrite and front cap,FA suspected root cause - Sensors not placed on the magnetic holder for the required time and not checked cap is well glued by pulling it slightly. or front cap not plasma treated,55.727,373609,19992640,5588463,1,6,UDist1Unom [V];UDist3Unom [V];UDist4Unom [V];IDist1Unom [mA];IDist3Unom [mA];IDist4Unom [mA],UDist1Unom [V];UDist3Unom [V];UDist4Unom [V];IDist1Unom [mA];IDist3Unom [mA];IDist4Unom [mA],,,11.331,,,,,,,,,0.001,,,,41.085,41.289,,500,1,1,,,,,,,,0.662,9.748,6.616,9.757,9.765,40.727,10.0,19.386,19.362,19.401,19.415,,,,,,,,,,,Dimensional / Alignment,Dimensional / Alignment
CC-260813063,1676578,330-020-373,1676578_CTX_LK_inductive_05.xlsx,Gap between ferrite and front cap,FA suspected root cause - Sensors not placed on the magnetic holder for the required time and not checked cap is well glued by pulling it slightly. or front cap not plasma treated,3.656,373602,19992622,5588463,1,2,UDist3Unom [V];IDist3Unom [mA],UDist3Unom [V];IDist3Unom [mA],,,11.284,,,,,,,,,0.001,,,,40.767,41.66,,500,1,1,,,,,,,,0.065,10.45,5.953,8.696,9.81,41.034,4.04,20.554,13.413,17.766,19.528,,,,,,,,,,,Dimensional / Alignment,Dimensional / Alignment
CC-260813063,1676578,330-020-373,1676578_CTX_LK_inductive_05.xlsx,Gap between ferrite and front cap,FA suspected root cause - Sensors not placed on the magnetic holder for the required time and not checked cap is well glued by pulling it slightly. or front cap not plasma treated,2.429,373591,19992585,5588463,1,2,UDist3Unom [V];IDist3Unom [mA],UDist3Unom [V];IDist3Unom [mA],,,11.435,,,,,,,,,0.001,,,,41.113,41.475,,500,1,1,,,,,,,,0.075,10.474,5.727,8.565,9.762,40.879,4.105,20.522,13.027,17.499,19.394,,,,,,,,,,,Dimensional / Alignment,Dimensional / Alignment
CC-25012355,1487313,330-020-017,1487313_CTX_LK_inductive_01.xlsx,ASIC loose,"Under investigation by PE, QM & Supplier",0.0,,,,,1,eeprom_integrity [],eeprom_integrity [],,,,,,,,,,,,,,,,,,,,,,,,,,,,,,,,,,,,,,,,,,,,,,,,,,ASIC / EEPROM,ASIC / EEPROM
CC-25012355,1487313,330-020-017,1487313_CTX_LK_inductive_01.xlsx,ASIC loose,"Under investigation by PE, QM & Supplier",0.0,,,,,1,eeprom_integrity [],eeprom_integrity [],,,,,,,,,,,,,,,,,,,,,,,,,,,,,,,,,,,,,,,,,,,,,,,,,,ASIC / EEPROM,ASIC / EEPROM
CC-25012355,1487313,330-020-017,1487313_CTX_LK_inductive_01.xlsx,ASIC loose,"Under investigation by PE, QM & Supplier",0.0,,,,,1,eeprom_integrity [],eeprom_integrity [],,,,,,,,,,,,,,,,,,,,,,,,,,,,,,,,,,,,,,,,,,,,,,,,,,ASIC / EEPROM,ASIC / EEPROM
CC-25012355,1487313,330-020-017,1487313_CTX_LK_inductive_01.xlsx,ASIC loose,"Under investigation by PE, QM & Supplier",0.0,,,,,1,eeprom_integrity [],eeprom_integrity [],,,,,,,,,,,,,,,,,,,,,,,,,,,,,,,,,,,,,,,,,,,,,,,,,,ASIC / EEPROM,ASIC / EEPROM
CC-25012355,1487313,330-020-017,1487313_CTX_LK_inductive_01.xlsx,ASIC loose,"Under investigation by PE, QM & Supplier",0.0,,,,,1,eeprom_integrity [],eeprom_integrity [],,,,,,,,,,,,,,,,,,,,,,,,,,,,,,,,,,,,,,,,,,,,,,,,,,ASIC / EEPROM,ASIC / EEPROM
CC-25012355,1487313,330-020-017,1487313_CTX_LK_inductive_01.xlsx,ASIC loose,"Under investigation by PE, QM & Supplier",0.0,,,,,1,eeprom_integrity [],eeprom_integrity [],,,,,,,,,,,,,,,,,,,,,,,,,,,,,,,,,,,,,,,,,,,,,,,,,,ASIC / EEPROM,ASIC / EEPROM
CC-25012355,1487313,330-020-017,1487313_CTX_LK_inductive_01.xlsx,ASIC loose,"Under investigation by PE, QM & Supplier",0.0,,,,,1,eeprom_integrity [],eeprom_integrity [],,,,,,,,,,,,,,,,,,,,,,,,,,,,,,,,,,,,,,,,,,,,,,,,,,ASIC / EEPROM,ASIC / EEPROM
CC-25012355,1487313,330-020-017,1487313_CTX_LK_inductive_01.xlsx,ASIC loose,"Under investigation by PE, QM & Supplier",0.0,,,,,2,VRCUmeasurement [];eeprom_integrity [],eeprom_integrity [],,,,,,,,,,,,,,,,,,,,1,1,,,,,,,,,,,,,,,,,,,,,,,,,,,,,ASIC / EEPROM,ASIC / EEPROM
CC-25012560,1496744,330-020-395,1496744_CTX_LK_inductive_07.xlsx,Flex PCB bridge from solder pads,Difficulty to visually detect the solder bridging and no accurate verification method to verify solder bridges,15.585,190438,14716020,5608801,1,6,UDist1Unom [V];UDist3Unom [V];UDist4Unom [V];IDist1Unom [mA];IDist3Unom [mA];IDist4Unom [mA],UDist1Unom [V];UDist3Unom [V];UDist4Unom [V];IDist1Unom [mA];IDist3Unom [mA];IDist4Unom [mA],,,11.813,,,,,,,,,0,,,,41.259,40.521,,500,1,1,,,,,,,,0.661,10.432,6.416,9.26,10.048,40.73,8.555,20.495,15.133,18.644,19.884,,,,,,,,,,,Flex / PCB / Solder / Wiring,Flex / PCB / Solder / Wiring
CC-25012560,1496744,330-020-395,1496744_CTX_LK_inductive_07.xlsx,Flex PCB bridge from solder pads,Difficulty to visually detect the solder bridging and no accurate verification method to verify solder bridges,6.181,190503,14716177,5608801,1,6,ILedOn [mA];IDist1Unom [mA];IDist2Unom [mA];IDist3Unom [mA];IDist4Unom [mA];IDist5Unom [mA],ILedOn [mA];IDist1Unom [mA];IDist2Unom [mA];IDist3Unom [mA];IDist4Unom [mA];IDist5Unom [mA],,,13.63,,,,,,,,,0,,,,41.064,41.526,,500,1,1,,,,,,,,0.236,10.676,5.381,8.71,10.005,40.753,5.021,29.41,17.064,24.835,27.853,,,,,,,,,,,Flex / PCB / Solder / Wiring,Flex / PCB / Solder / Wiring
CC-25012560,1496744,330-020-395,1496744_CTX_LK_inductive_07.xlsx,Flex PCB bridge from solder pads,Difficulty to visually detect the solder bridging and no accurate verification method to verify solder bridges,0.0,,,,,1,eeprom_integrity [],eeprom_integrity [],,,,,,,,,,,,,,,,,,,,,,,,,,,,,,,,,,,,,,,,,,,,,,,,,,Flex / PCB / Solder / Wiring,Flex / PCB / Solder / Wiring
CC-25012560,1496744,330-020-395,1496744_CTX_LK_inductive_07.xlsx,Flex PCB bridge from solder pads,Difficulty to visually detect the solder bridging and no accurate verification method to verify solder bridges,0.0,,,,,1,eeprom_integrity [],eeprom_integrity [],,,,,,,,,,,,,,,,,,,,,,,,,,,,,,,,,,,,,,,,,,,,,,,,,,Flex / PCB / Solder / Wiring,Flex / PCB / Solder / Wiring
CC-25012413,2005306,330-010-075,2005306_CTX_LK_inductive_01.xlsx,Flex damage,Not checked if flex PCBA is stuck with housing due to potting and heat if needed,0.0,,,,,2,IcPreconfig [0/1];eeprom_integrity [],eeprom_integrity [],,,,,,,,,,,,,,,,,,,,0.0,1,,,,,,,,,,,,,,,,,,,,,,,,,,,,,Flex / PCB / Solder / Wiring,Flex / PCB / Solder / Wiring
CC-25012413,2005306,330-010-075,2005306_CTX_LK_inductive_01.xlsx,Flex damage,Not checked if flex PCBA is stuck with housing due to potting and heat if needed,0.0,,,,,1,eeprom_integrity [],eeprom_integrity [],,,,,,,,,,,,,,,,,,,,,,,,,,,,,,,,,,,,,,,,,,,,,,,,,,Flex / PCB / Solder / Wiring,Flex / PCB / Solder / Wiring
CC-25047848,1592339,330-020-380,1592339_CTX_LK_inductive_01.xlsx,Glue over the PCBA Components,Lack of attention during Assembly process.Not followed DMO instructions carefully in glueing step.,24.685,277624,17540308,5585334,1,6,UDist3Unom [V];IDist1Unom [mA];IDist2Unom [mA];IDist3Unom [mA];IDist4Unom [mA];IDist5Unom [mA],UDist3Unom [V];IDist1Unom [mA];IDist2Unom [mA];IDist3Unom [mA];IDist4Unom [mA];IDist5Unom [mA],,,9.72,,,,,,,,,0.04,,,,40.56,41.23,,500,1,1,,,,,,,,0.01,5.09,3.13,4.48,4.89,40.67,3.91,10.21,8.73,10.36,6.59,,,,,,,,,,,Gluing / Potting Process,Other / Minor Defects
CC-25047848,1592339,330-020-380,1592339_CTX_LK_inductive_01.xlsx,Glue over the PCBA Components,Lack of attention during Assembly process.Not followed DMO instructions carefully in glueing step.,24.603,277623,17540295,5585334,1,6,UDist3Unom [V];IDist1Unom [mA];IDist2Unom [mA];IDist3Unom [mA];IDist4Unom [mA];IDist5Unom [mA],UDist3Unom [V];IDist1Unom [mA];IDist2Unom [mA];IDist3Unom [mA];IDist4Unom [mA];IDist5Unom [mA],,,9.66,,,,,,,,,0.04,,,,40.79,42.27,,500,1,1,,,,,,,,0.01,5.1,3.12,4.48,4.89,40.75,3.9,10.25,8.71,10.34,6.61,,,,,,,,,,,Gluing / Potting Process,Other / Minor Defects
CC-260210821,2036955,330-010-017,2036955_CTX_LK_inductive_08.xlsx,Eeprom 7015 - Coil damage,FA Suspected root cause- Coil damages has occurred during coil tinning or coil soldering in assembly process,0.0,,,,,2,VRCUmeasurement [];eeprom_integrity [],eeprom_integrity [],,,,,,,,,,,,,,,,,,,,1,1,,,,,,,,,,,,,,,,,,,,,,,,,,,,,Coil,Coil
CC-260210821,2036955,330-010-017,2036955_CTX_LK_inductive_08.xlsx,Eeprom 7015 - Coil damage,FA Suspected root cause- Coil damages has occurred during coil tinning or coil soldering in assembly process,0.0,,,,,2,VRCUmeasurement [];eeprom_integrity [],eeprom_integrity [],,,,,,,,,,,,,,,,,,,,1,1,,,,,,,,,,,,,,,,,,,,,,,,,,,,,Coil,Coil
CC-25013988,1541952,330-020-396,1541952_CTX_LK_inductive_06.xlsx,Gap between ferrite and front cap,Suspected adjustment issue of the tool 301 484,20.251,236094,16074419,5592942,1,5,IDist1Unom [mA];IDist2Unom [mA];IDist3Unom [mA];IDist4Unom [mA];IDist5Unom [mA],IDist1Unom [mA];IDist2Unom [mA];IDist3Unom [mA];IDist4Unom [mA];IDist5Unom [mA],,,10.27,,,,,,,,,0.003,,,,38.939,39.171,,500,1,1,,,,,,,,0.217,10.878,4.837,8.446,10.033,39.042,10.0,100.0,100.0,100.0,100.0,,,,,,,,,,,Dimensional / Alignment,Dimensional / Alignment
CC-25013988,1541952,330-020-396,1541952_CTX_LK_inductive_06.xlsx,Gap between ferrite and front cap,Suspected adjustment issue of the tool 301 484,20.251,236129,16074470,5592942,1,5,IDist1Unom [mA];IDist2Unom [mA];IDist3Unom [mA];IDist4Unom [mA];IDist5Unom [mA],IDist1Unom [mA];IDist2Unom [mA];IDist3Unom [mA];IDist4Unom [mA];IDist5Unom [mA],,,10.259,,,,,,,,,0.004,,,,39.526,39.438,,500,1,1,,,,,,,,0.239,10.788,5.072,8.565,10.028,39.68,10.0,100.0,100.0,100.0,100.0,,,,,,,,,,,Dimensional / Alignment,Dimensional / Alignment
CC-25013988,1541952,330-020-396,1541952_CTX_LK_inductive_06.xlsx,Gap between ferrite and front cap,Suspected adjustment issue of the tool 301 484,2.011,235954,16074165,5592942,1,2,UDist3Unom [V];IDist3Unom [mA],UDist3Unom [V];IDist3Unom [mA],,,10.328,,,,,,,,,0.002,,,,39.163,39.819,,500,1,1,,,,,,,,0.228,10.931,4.686,8.369,10.032,39.814,4.326,21.342,11.41,17.256,19.909,,,,,,,,,,,Dimensional / Alignment,Dimensional / Alignment
CC-25013988,1541952,330-020-396,1541952_CTX_LK_inductive_06.xlsx,Gap between ferrite and front cap,Suspected adjustment issue of the tool 301 484,1.514,235977,16074243,5592942,1,1,UDist3Unom [V],UDist3Unom [V],,,10.389,,,,,,,,,0.002,,,,39.44,39.912,,500,1,1,,,,,,,,0.218,10.988,4.777,8.399,10.053,39.049,4.312,21.39,11.537,17.27,19.9,,,,,,,,,,,Dimensional / Alignment,Dimensional / Alignment
CC-25013988,1541952,330-020-396,1541952_CTX_LK_inductive_06.xlsx,Gap between ferrite and front cap,Suspected adjustment issue of the tool 301 484,1.497,236019,16074313,5592942,1,1,UDist3Unom [V],UDist3Unom [V],,,10.332,,,,,,,,,0.003,,,,39.081,40.026,,500,1,1,,,,,,,,0.184,10.902,4.78,8.433,10.054,39.633,4.223,21.375,11.573,17.42,20.006,,,,,,,,,,,Dimensional / Alignment,Dimensional / Alignment
CC-25013988,1541952,330-020-396,1541952_CTX_LK_inductive_06.xlsx,Gap between ferrite and front cap,Suspected adjustment issue of the tool 301 484,1.497,236063,16074375,5592942,1,1,UDist3Unom [V],UDist3Unom [V],,,10.356,,,,,,,,,0.003,,,,39.078,39.755,,500,1,1,,,,,,,,0.199,10.913,4.78,8.433,10.054,40.284,4.295,21.37,11.59,17.404,19.987,,,,,,,,,,,Dimensional / Alignment,Dimensional / Alignment
CC-25013989,1541952,330-020-396,1541952_CTX_LK_inductive_06.xlsx,Gap between ferrite and front cap,Suspected loctite 480 adhesion issue between ferrite and front cap,20.251,236094,16074419,5592942,1,5,IDist1Unom [mA];IDist2Unom [mA];IDist3Unom [mA];IDist4Unom [mA];IDist5Unom [mA],IDist1Unom [mA];IDist2Unom [mA];IDist3Unom [mA];IDist4Unom [mA];IDist5Unom [mA],,,10.27,,,,,,,,,0.003,,,,38.939,39.171,,500,1,1,,,,,,,,0.217,10.878,4.837,8.446,10.033,39.042,10.0,100.0,100.0,100.0,100.0,,,,,,,,,,,Dimensional / Alignment,Dimensional / Alignment
CC-25013989,1541952,330-020-396,1541952_CTX_LK_inductive_06.xlsx,Gap between ferrite and front cap,Suspected loctite 480 adhesion issue between ferrite and front cap,20.251,236129,16074470,5592942,1,5,IDist1Unom [mA];IDist2Unom [mA];IDist3Unom [mA];IDist4Unom [mA];IDist5Unom [mA],IDist1Unom [mA];IDist2Unom [mA];IDist3Unom [mA];IDist4Unom [mA];IDist5Unom [mA],,,10.259,,,,,,,,,0.004,,,,39.526,39.438,,500,1,1,,,,,,,,0.239,10.788,5.072,8.565,10.028,39.68,10.0,100.0,100.0,100.0,100.0,,,,,,,,,,,Dimensional / Alignment,Dimensional / Alignment
CC-25013989,1541952,330-020-396,1541952_CTX_LK_inductive_06.xlsx,Gap between ferrite and front cap,Suspected loctite 480 adhesion issue between ferrite and front cap,2.011,235954,16074165,5592942,1,2,UDist3Unom [V];IDist3Unom [mA],UDist3Unom [V];IDist3Unom [mA],,,10.328,,,,,,,,,0.002,,,,39.163,39.819,,500,1,1,,,,,,,,0.228,10.931,4.686,8.369,10.032,39.814,4.326,21.342,11.41,17.256,19.909,,,,,,,,,,,Dimensional / Alignment,Dimensional / Alignment
CC-25013989,1541952,330-020-396,1541952_CTX_LK_inductive_06.xlsx,Gap between ferrite and front cap,Suspected loctite 480 adhesion issue between ferrite and front cap,1.514,235977,16074243,5592942,1,1,UDist3Unom [V],UDist3Unom [V],,,10.389,,,,,,,,,0.002,,,,39.44,39.912,,500,1,1,,,,,,,,0.218,10.988,4.777,8.399,10.053,39.049,4.312,21.39,11.537,17.27,19.9,,,,,,,,,,,Dimensional / Alignment,Dimensional / Alignment
CC-25013989,1541952,330-020-396,1541952_CTX_LK_inductive_06.xlsx,Gap between ferrite and front cap,Suspected loctite 480 adhesion issue between ferrite and front cap,1.497,236019,16074313,5592942,1,1,UDist3Unom [V],UDist3Unom [V],,,10.332,,,,,,,,,0.003,,,,39.081,40.026,,500,1,1,,,,,,,,0.184,10.902,4.78,8.433,10.054,39.633,4.223,21.375,11.573,17.42,20.006,,,,,,,,,,,Dimensional / Alignment,Dimensional / Alignment
CC-25013989,1541952,330-020-396,1541952_CTX_LK_inductive_06.xlsx,Gap between ferrite and front cap,Suspected loctite 480 adhesion issue between ferrite and front cap,1.497,236063,16074375,5592942,1,1,UDist3Unom [V],UDist3Unom [V],,,10.356,,,,,,,,,0.003,,,,39.078,39.755,,500,1,1,,,,,,,,0.199,10.913,4.78,8.433,10.054,40.284,4.295,21.37,11.59,17.404,19.987,,,,,,,,,,,Dimensional / Alignment,Dimensional / Alignment
CC-25013990,1541952,330-020-396,1541952_CTX_LK_inductive_06.xlsx,Gap between ferrite and front cap,Suspected curing problem of the glue 480,20.251,236094,16074419,5592942,1,5,IDist1Unom [mA];IDist2Unom [mA];IDist3Unom [mA];IDist4Unom [mA];IDist5Unom [mA],IDist1Unom [mA];IDist2Unom [mA];IDist3Unom [mA];IDist4Unom [mA];IDist5Unom [mA],,,10.27,,,,,,,,,0.003,,,,38.939,39.171,,500,1,1,,,,,,,,0.217,10.878,4.837,8.446,10.033,39.042,10.0,100.0,100.0,100.0,100.0,,,,,,,,,,,Dimensional / Alignment,Dimensional / Alignment
CC-25013990,1541952,330-020-396,1541952_CTX_LK_inductive_06.xlsx,Gap between ferrite and front cap,Suspected curing problem of the glue 480,20.251,236129,16074470,5592942,1,5,IDist1Unom [mA];IDist2Unom [mA];IDist3Unom [mA];IDist4Unom [mA];IDist5Unom [mA],IDist1Unom [mA];IDist2Unom [mA];IDist3Unom [mA];IDist4Unom [mA];IDist5Unom [mA],,,10.259,,,,,,,,,0.004,,,,39.526,39.438,,500,1,1,,,,,,,,0.239,10.788,5.072,8.565,10.028,39.68,10.0,100.0,100.0,100.0,100.0,,,,,,,,,,,Dimensional / Alignment,Dimensional / Alignment
CC-25013990,1541952,330-020-396,1541952_CTX_LK_inductive_06.xlsx,Gap between ferrite and front cap,Suspected curing problem of the glue 480,2.011,235954,16074165,5592942,1,2,UDist3Unom [V];IDist3Unom [mA],UDist3Unom [V];IDist3Unom [mA],,,10.328,,,,,,,,,0.002,,,,39.163,39.819,,500,1,1,,,,,,,,0.228,10.931,4.686,8.369,10.032,39.814,4.326,21.342,11.41,17.256,19.909,,,,,,,,,,,Dimensional / Alignment,Dimensional / Alignment
CC-25013990,1541952,330-020-396,1541952_CTX_LK_inductive_06.xlsx,Gap between ferrite and front cap,Suspected curing problem of the glue 480,1.514,235977,16074243,5592942,1,1,UDist3Unom [V],UDist3Unom [V],,,10.389,,,,,,,,,0.002,,,,39.44,39.912,,500,1,1,,,,,,,,0.218,10.988,4.777,8.399,10.053,39.049,4.312,21.39,11.537,17.27,19.9,,,,,,,,,,,Dimensional / Alignment,Dimensional / Alignment
CC-25013990,1541952,330-020-396,1541952_CTX_LK_inductive_06.xlsx,Gap between ferrite and front cap,Suspected curing problem of the glue 480,1.497,236019,16074313,5592942,1,1,UDist3Unom [V],UDist3Unom [V],,,10.332,,,,,,,,,0.003,,,,39.081,40.026,,500,1,1,,,,,,,,0.184,10.902,4.78,8.433,10.054,39.633,4.223,21.375,11.573,17.42,20.006,,,,,,,,,,,Dimensional / Alignment,Dimensional / Alignment
CC-25013990,1541952,330-020-396,1541952_CTX_LK_inductive_06.xlsx,Gap between ferrite and front cap,Suspected curing problem of the glue 480,1.497,236063,16074375,5592942,1,1,UDist3Unom [V],UDist3Unom [V],,,10.356,,,,,,,,,0.003,,,,39.078,39.755,,500,1,1,,,,,,,,0.199,10.913,4.78,8.433,10.054,40.284,4.295,21.37,11.59,17.404,19.987,,,,,,,,,,,Dimensional / Alignment,Dimensional / Alignment
CC-25014029,1535677,330-020-357,1535677_CTX_LK_inductive_05.xlsx,Gap between ferrite and front cap,Lack of adhesion between cap and ferrite by loctite 480.(Glue is visible in Cap),3.795,234614,16051732,5592230,1,2,UDist3Unom [V];UDist4Unom [V],UDist3Unom [V];UDist4Unom [V],,,6.771,,,,,,,,,0.002,,,,39.12,39.412,,500,1,1,,,,,,,,0.289,10.498,6.35,8.984,10.001,,,,,,,,,,,,,,,,,Dimensional / Alignment,Dimensional / Alignment
CC-25014029,1535677,330-020-357,1535677_CTX_LK_inductive_05.xlsx,Gap between ferrite and front cap,Lack of adhesion between cap and ferrite by loctite 480.(Glue is visible in Cap),3.287,234584,16051579,5592230,1,2,UDist3Unom [V];UDist4Unom [V],UDist3Unom [V];UDist4Unom [V],,,6.822,,,,,,,,,0.001,,,,39.065,39.52,,500,1,1,,,,,,,,0.239,10.515,6.205,8.916,9.989,,,,,,,,,,,,,,,,,Dimensional / Alignment,Dimensional / Alignment
CC-25014029,1535677,330-020-357,1535677_CTX_LK_inductive_05.xlsx,Gap between ferrite and front cap,Lack of adhesion between cap and ferrite by loctite 480.(Glue is visible in Cap),1.673,234642,16051832,5592230,1,2,UDist3Unom [V];UDist4Unom [V],UDist3Unom [V];UDist4Unom [V],,,6.895,,,,,,,,,0.001,,,,39.066,39.223,,500,1,1,,,,,,,,0.248,10.66,5.744,8.715,10.001,,,,,,,,,,,,,,,,,Dimensional / Alignment,Dimensional / Alignment
CC-25014029,1535677,330-020-357,1535677_CTX_LK_inductive_05.xlsx,Gap between ferrite and front cap,Lack of adhesion between cap and ferrite by loctite 480.(Glue is visible in Cap),1.589,234586,16051602,5592230,1,2,UDist3Unom [V];UDist4Unom [V],UDist3Unom [V];UDist4Unom [V],,,6.932,,,,,,,,,0.001,,,,39.581,39.58,,500,1,1,,,,,,,,0.247,10.675,5.72,8.707,9.987,,,,,,,,,,,,,,,,,Dimensional / Alignment,Dimensional / Alignment
CC-25012558,1494873,330-020-335,1494873_CTX_LK_inductive_01.xlsx,Solder on insulation tape,"Lack of attention to soldering step, solder deposited on insulation tape before housing inserting, used training operator 868",0.0,1016726,14709504,5574799,1,1,TestIsolation [0/1],TestIsolation [0/1],2.91,7.09,8.15,7.44,300,1.88,0,7.75,26.4,0,0,0,0.66,0,39.17,39.57,39.3,1,500.0,1,1,1,1,1,1,1,1,1,,,,,,,,,,,,,,,,,,,,,,Insulation / Isolation,Other / Minor Defects
CC-25012829,1506301,330-020-335,1506301_CTX_LK_inductive_05.xlsx,ASIC loose,Suspected material issue with lack of strength of soldering strength between solder balls in the IC and PCAB pads,0.0,,,,,1,eeprom_integrity [],eeprom_integrity [],,,,,,,,,,,,,,,,,,,,,,,,,,,,,,,,,,,,,,,,,,,,,,,,,,ASIC / EEPROM,ASIC / EEPROM
CC-25012829,1506301,330-020-335,1506301_CTX_LK_inductive_05.xlsx,ASIC loose,Suspected material issue with lack of strength of soldering strength between solder balls in the IC and PCAB pads,0.0,,,,,2,VASSmeasurement [];eeprom_integrity [],eeprom_integrity [],,,,,,,,,,,,,,,,,,,,1,1,,,,,,,,,,,,,,,,,,,,,,,,,,,,,ASIC / EEPROM,ASIC / EEPROM
CC-25012829,1506301,330-020-335,1506301_CTX_LK_inductive_05.xlsx,ASIC loose,Suspected material issue with lack of strength of soldering strength between solder balls in the IC and PCAB pads,0.0,,,,,1,eeprom_integrity [],eeprom_integrity [],,,,,,,,,,,,,,,,,,,,,,,,,,,,,,,,,,,,,,,,,,,,,,,,,,ASIC / EEPROM,ASIC / EEPROM
CC-25012829,1506301,330-020-335,1506301_CTX_LK_inductive_05.xlsx,ASIC loose,Suspected material issue with lack of strength of soldering strength between solder balls in the IC and PCAB pads,0.0,,,,,1,eeprom_integrity [],eeprom_integrity [],,,,,,,,,,,,,,,,,,,,,,,,,,,,,,,,,,,,,,,,,,,,,,,,,,ASIC / EEPROM,ASIC / EEPROM
CC-25012829,1506301,330-020-335,1506301_CTX_LK_inductive_05.xlsx,ASIC loose,Suspected material issue with lack of strength of soldering strength between solder balls in the IC and PCAB pads,0.0,,,,,1,eeprom_integrity [],eeprom_integrity [],,,,,,,,,,,,,,,,,,,,,,,,,,,,,,,,,,,,,,,,,,,,,,,,,,ASIC / EEPROM,ASIC / EEPROM
CC-25012741,1503152,330-020-077,1503152_CTX_LK_inductive_06.xlsx,Insulation tape damage,Due to shear stress between housing and tape,0.0,1043868,14928291,5575586,1,1,TestIsolation [0/1],TestIsolation [0/1],3.774,3.763,8.267,7.624,264.6,0.963,0,7.75,26.515,0,0,0.005,0.661,0.004,40.058,40.596,39.688,1,500.0,1,1,1,1,1,1,1,1,1,,,,,,,,,,,,,,,,,,,,,,Insulation / Isolation,Other / Minor Defects
CC-260110379,1636142,330-020-396,1636142_CTX_LK_inductive_08.xlsx,Ferrite not centered within the Front cap & Shield,Worn-out tool part holder 301 484 and misalignment of ferrite due to that,3.759,324484,18833961,5615471,1,4,UDist3Unom [V];UDist4Unom [V];IDist3Unom [mA];IDist4Unom [mA],UDist3Unom [V];UDist4Unom [V];IDist3Unom [mA];IDist4Unom [mA],,,11.894,,,,,,,,,0,,,,39.873,40.237,,500,1,1,,,,,,,,0.207,10.864,4.366,8.034,10.071,39.923,4.271,21.139,10.839,16.637,19.848,,,,,,,,,,,Dimensional / Alignment,Dimensional / Alignment
CC-260110379,1636142,330-020-396,1636142_CTX_LK_inductive_08.xlsx,Ferrite not centered within the Front cap & Shield,Worn-out tool part holder 301 484 and misalignment of ferrite due to that,3.382,324571,18834178,5615471,1,2,UDist3Unom [V];IDist3Unom [mA],UDist3Unom [V];IDist3Unom [mA],,,11.901,,,,,,,,,-0.001,,,,39.813,40.507,,500,1,1,,,,,,,,0.129,11.188,4.435,8.22,10.077,40.068,4.142,21.712,10.974,16.98,19.937,,,,,,,,,,,Dimensional / Alignment,Dimensional / Alignment
CC-260110379,1636142,330-020-396,1636142_CTX_LK_inductive_08.xlsx,Ferrite not centered within the Front cap & Shield,Worn-out tool part holder 301 484 and misalignment of ferrite due to that,2.519,324464,18833920,5615471,1,2,UDist3Unom [V];IDist3Unom [mA],UDist3Unom [V];IDist3Unom [mA],,,11.902,,,,,,,,,0,,,,40.241,40.724,,500,1,1,,,,,,,,0.155,11.131,4.593,8.284,10.06,39.783,4.175,21.579,11.212,17.06,19.886,,,,,,,,,,,Dimensional / Alignment,Dimensional / Alignment
CC-260110379,1636142,330-020-396,1636142_CTX_LK_inductive_08.xlsx,Ferrite not centered within the Front cap & Shield,Worn-out tool part holder 301 484 and misalignment of ferrite due to that,2.366,324559,18834140,5615471,1,2,UDist3Unom [V];IDist3Unom [mA],UDist3Unom [V];IDist3Unom [mA],,,11.894,,,,,,,,,0,,,,39.998,40.313,,500,1,1,,,,,,,,0.182,11.156,4.621,8.315,10.091,40.14,4.188,21.483,11.182,17.007,19.812,,,,,,,,,,,Dimensional / Alignment,Dimensional / Alignment
CC-260110379,1636142,330-020-396,1636142_CTX_LK_inductive_08.xlsx,Ferrite not centered within the Front cap & Shield,Worn-out tool part holder 301 484 and misalignment of ferrite due to that,2.049,324524,18834045,5615471,1,2,UDist3Unom [V];IDist3Unom [mA],UDist3Unom [V];IDist3Unom [mA],,,11.796,,,,,,,,,0,,,,40.166,40.76,,500,1,1,,,,,,,,0.182,11.12,4.679,8.348,10.086,40.158,4.235,21.56,11.357,17.176,19.928,,,,,,,,,,,Dimensional / Alignment,Dimensional / Alignment
CC-260110379,1636142,330-020-396,1636142_CTX_LK_inductive_08.xlsx,Ferrite not centered within the Front cap & Shield,Worn-out tool part holder 301 484 and misalignment of ferrite due to that,1.978,324459,18833913,5615471,1,2,UDist3Unom [V];IDist3Unom [mA],UDist3Unom [V];IDist3Unom [mA],,,11.78,,,,,,,,,-0.001,,,,39.711,40.301,,500,1,1,,,,,,,,0.124,11.077,4.692,8.351,10.056,39.84,4.152,21.517,11.394,17.193,19.909,,,,,,,,,,,Dimensional / Alignment,Dimensional / Alignment
CC-260110379,1636142,330-020-396,1636142_CTX_LK_inductive_08.xlsx,Ferrite not centered within the Front cap & Shield,Worn-out tool part holder 301 484 and misalignment of ferrite due to that,1.694,324593,18834263,5615471,1,2,UDist3Unom [V];IDist3Unom [mA],UDist3Unom [V];IDist3Unom [mA],,,11.763,,,,,,,,,-0.001,,,,39.683,40.842,,500,1,1,,,,,,,,0.272,11.127,4.744,8.38,10.103,39.522,4.35,21.556,11.434,17.192,19.935,,,,,,,,,,,Dimensional / Alignment,Dimensional / Alignment
CC-260110379,1636142,330-020-396,1636142_CTX_LK_inductive_08.xlsx,Ferrite not centered within the Front cap & Shield,Worn-out tool part holder 301 484 and misalignment of ferrite due to that,1.596,324561,18834146,5615471,1,2,UDist3Unom [V];IDist3Unom [mA],UDist3Unom [V];IDist3Unom [mA],,,11.811,,,,,,,,,0,,,,39.902,40.658,,500,1,1,,,,,,,,0.198,11.08,4.762,8.387,10.08,40.242,4.261,21.517,11.494,17.236,19.926,,,,,,,,,,,Dimensional / Alignment,Dimensional / Alignment
CC-260110379,1636142,330-020-396,1636142_CTX_LK_inductive_08.xlsx,Ferrite not centered within the Front cap & Shield,Worn-out tool part holder 301 484 and misalignment of ferrite due to that,1.563,324575,18834193,5615471,1,2,UDist3Unom [V];IDist3Unom [mA],UDist3Unom [V];IDist3Unom [mA],,,11.736,,,,,,,,,0,,,,39.791,40.606,,500,1,1,,,,,,,,0.242,11.022,4.768,8.379,10.04,39.652,4.318,21.417,11.498,17.223,19.869,,,,,,,,,,,Dimensional / Alignment,Dimensional / Alignment
CC-260110379,1636142,330-020-396,1636142_CTX_LK_inductive_08.xlsx,Ferrite not centered within the Front cap & Shield,Worn-out tool part holder 301 484 and misalignment of ferrite due to that,0.159,324584,18834227,5615471,1,1,IDist3Unom [mA],IDist3Unom [mA],,,11.859,,,,,,,,,0,,,,40.231,40.922,,500,1,1,,,,,,,,0.237,11.048,4.815,8.386,10.048,39.214,4.268,21.302,11.48,17.115,19.74,,,,,,,,,,,Dimensional / Alignment,Dimensional / Alignment
CC-260210659,1636142,330-020-396,1636142_CTX_LK_inductive_08.xlsx,Ferrite not centered within the Front cap & Shield,Worn-out tool part holder 301 484 and misalignment of ferrite due to that,3.759,324484,18833961,5615471,1,4,UDist3Unom [V];UDist4Unom [V];IDist3Unom [mA];IDist4Unom [mA],UDist3Unom [V];UDist4Unom [V];IDist3Unom [mA];IDist4Unom [mA],,,11.894,,,,,,,,,0,,,,39.873,40.237,,500,1,1,,,,,,,,0.207,10.864,4.366,8.034,10.071,39.923,4.271,21.139,10.839,16.637,19.848,,,,,,,,,,,Dimensional / Alignment,Dimensional / Alignment
CC-260210659,1636142,330-020-396,1636142_CTX_LK_inductive_08.xlsx,Ferrite not centered within the Front cap & Shield,Worn-out tool part holder 301 484 and misalignment of ferrite due to that,3.382,324571,18834178,5615471,1,2,UDist3Unom [V];IDist3Unom [mA],UDist3Unom [V];IDist3Unom [mA],,,11.901,,,,,,,,,-0.001,,,,39.813,40.507,,500,1,1,,,,,,,,0.129,11.188,4.435,8.22,10.077,40.068,4.142,21.712,10.974,16.98,19.937,,,,,,,,,,,Dimensional / Alignment,Dimensional / Alignment
CC-260210659,1636142,330-020-396,1636142_CTX_LK_inductive_08.xlsx,Ferrite not centered within the Front cap & Shield,Worn-out tool part holder 301 484 and misalignment of ferrite due to that,2.519,324464,18833920,5615471,1,2,UDist3Unom [V];IDist3Unom [mA],UDist3Unom [V];IDist3Unom [mA],,,11.902,,,,,,,,,0,,,,40.241,40.724,,500,1,1,,,,,,,,0.155,11.131,4.593,8.284,10.06,39.783,4.175,21.579,11.212,17.06,19.886,,,,,,,,,,,Dimensional / Alignment,Dimensional / Alignment
CC-260210659,1636142,330-020-396,1636142_CTX_LK_inductive_08.xlsx,Ferrite not centered within the Front cap & Shield,Worn-out tool part holder 301 484 and misalignment of ferrite due to that,2.366,324559,18834140,5615471,1,2,UDist3Unom [V];IDist3Unom [mA],UDist3Unom [V];IDist3Unom [mA],,,11.894,,,,,,,,,0,,,,39.998,40.313,,500,1,1,,,,,,,,0.182,11.156,4.621,8.315,10.091,40.14,4.188,21.483,11.182,17.007,19.812,,,,,,,,,,,Dimensional / Alignment,Dimensional / Alignment
CC-260210659,1636142,330-020-396,1636142_CTX_LK_inductive_08.xlsx,Ferrite not centered within the Front cap & Shield,Worn-out tool part holder 301 484 and misalignment of ferrite due to that,2.049,324524,18834045,5615471,1,2,UDist3Unom [V];IDist3Unom [mA],UDist3Unom [V];IDist3Unom [mA],,,11.796,,,,,,,,,0,,,,40.166,40.76,,500,1,1,,,,,,,,0.182,11.12,4.679,8.348,10.086,40.158,4.235,21.56,11.357,17.176,19.928,,,,,,,,,,,Dimensional / Alignment,Dimensional / Alignment
CC-260210659,1636142,330-020-396,1636142_CTX_LK_inductive_08.xlsx,Ferrite not centered within the Front cap & Shield,Worn-out tool part holder 301 484 and misalignment of ferrite due to that,1.978,324459,18833913,5615471,1,2,UDist3Unom [V];IDist3Unom [mA],UDist3Unom [V];IDist3Unom [mA],,,11.78,,,,,,,,,-0.001,,,,39.711,40.301,,500,1,1,,,,,,,,0.124,11.077,4.692,8.351,10.056,39.84,4.152,21.517,11.394,17.193,19.909,,,,,,,,,,,Dimensional / Alignment,Dimensional / Alignment
CC-260210659,1636142,330-020-396,1636142_CTX_LK_inductive_08.xlsx,Ferrite not centered within the Front cap & Shield,Worn-out tool part holder 301 484 and misalignment of ferrite due to that,1.694,324593,18834263,5615471,1,2,UDist3Unom [V];IDist3Unom [mA],UDist3Unom [V];IDist3Unom [mA],,,11.763,,,,,,,,,-0.001,,,,39.683,40.842,,500,1,1,,,,,,,,0.272,11.127,4.744,8.38,10.103,39.522,4.35,21.556,11.434,17.192,19.935,,,,,,,,,,,Dimensional / Alignment,Dimensional / Alignment
CC-260210659,1636142,330-020-396,1636142_CTX_LK_inductive_08.xlsx,Ferrite not centered within the Front cap & Shield,Worn-out tool part holder 301 484 and misalignment of ferrite due to that,1.596,324561,18834146,5615471,1,2,UDist3Unom [V];IDist3Unom [mA],UDist3Unom [V];IDist3Unom [mA],,,11.811,,,,,,,,,0,,,,39.902,40.658,,500,1,1,,,,,,,,0.198,11.08,4.762,8.387,10.08,40.242,4.261,21.517,11.494,17.236,19.926,,,,,,,,,,,Dimensional / Alignment,Dimensional / Alignment
CC-260210659,1636142,330-020-396,1636142_CTX_LK_inductive_08.xlsx,Ferrite not centered within the Front cap & Shield,Worn-out tool part holder 301 484 and misalignment of ferrite due to that,1.563,324575,18834193,5615471,1,2,UDist3Unom [V];IDist3Unom [mA],UDist3Unom [V];IDist3Unom [mA],,,11.736,,,,,,,,,0,,,,39.791,40.606,,500,1,1,,,,,,,,0.242,11.022,4.768,8.379,10.04,39.652,4.318,21.417,11.498,17.223,19.869,,,,,,,,,,,Dimensional / Alignment,Dimensional / Alignment
CC-260210659,1636142,330-020-396,1636142_CTX_LK_inductive_08.xlsx,Ferrite not centered within the Front cap & Shield,Worn-out tool part holder 301 484 and misalignment of ferrite due to that,0.159,324584,18834227,5615471,1,1,IDist3Unom [mA],IDist3Unom [mA],,,11.859,,,,,,,,,0,,,,40.231,40.922,,500,1,1,,,,,,,,0.237,11.048,4.815,8.386,10.048,39.214,4.268,21.302,11.48,17.115,19.74,,,,,,,,,,,Dimensional / Alignment,Dimensional / Alignment
CC-24121712,1566436,330-020-357,1566436_CTX_LK_inductive_05.xlsx,Gap between ferrite and front cap,Lack of adhesion between cap and ferrite by loctite 480.,54.962,259162,16850365,5593486,1,4,UDist2Unom [V];UDist3Unom [V];UDist4Unom [V];UDist5Unom [V],UDist2Unom [V];UDist3Unom [V];UDist4Unom [V];UDist5Unom [V],,,6.821,,,,,,,,,0.001,,,,41.039,41.728,,500,1,1,,,,,,,,0.233,7.152,4.176,6.008,6.795,,,,,,,,,,,,,,,,,Dimensional / Alignment,Dimensional / Alignment
CC-24121712,1566436,330-020-357,1566436_CTX_LK_inductive_05.xlsx,Gap between ferrite and front cap,Lack of adhesion between cap and ferrite by loctite 480.,25.308,259200,16850503,5593486,1,3,UDist1Unom [V];UDist3Unom [V];UDist4Unom [V],UDist1Unom [V];UDist3Unom [V];UDist4Unom [V],,,6.769,,,,,,,,,0.001,,,,40.1,40.804,,500,1,1,,,,,,,,5.979,9.986,6.616,9.972,9.993,,,,,,,,,,,,,,,,,Dimensional / Alignment,Dimensional / Alignment
CC-24121712,1566436,330-020-357,1566436_CTX_LK_inductive_05.xlsx,Gap between ferrite and front cap,Lack of adhesion between cap and ferrite by loctite 480.,12.941,259240,16850612,5593486,1,3,UDist1Unom [V];UDist3Unom [V];UDist4Unom [V],UDist1Unom [V];UDist3Unom [V];UDist4Unom [V],,,6.901,,,,,,,,,0.001,,,,40.32,40.654,,500,1,1,,,,,,,,3.181,10.026,6.616,9.957,10.015,,,,,,,,,,,,,,,,,Dimensional / Alignment,Dimensional / Alignment
CC-24121712,1566436,330-020-357,1566436_CTX_LK_inductive_05.xlsx,Gap between ferrite and front cap,Lack of adhesion between cap and ferrite by loctite 480.,4.467,259154,16850335,5593486,1,2,UDist3Unom [V];UDist4Unom [V],UDist3Unom [V];UDist4Unom [V],,,6.756,,,,,,,,,0.001,,,,40.865,41.602,,500,1,1,,,,,,,,0.386,10.391,6.542,9.135,9.984,,,,,,,,,,,,,,,,,Dimensional / Alignment,Dimensional / Alignment
CC-24121712,1566436,330-020-357,1566436_CTX_LK_inductive_05.xlsx,Gap between ferrite and front cap,Lack of adhesion between cap and ferrite by loctite 480.,3.147,259163,16850371,5593486,1,2,UDist3Unom [V];UDist4Unom [V],UDist3Unom [V];UDist4Unom [V],,,6.889,,,,,,,,,0.001,,,,41.057,40.032,,500,1,1,,,,,,,,0.322,10.549,6.165,8.931,10.03,,,,,,,,,,,,,,,,,Dimensional / Alignment,Dimensional / Alignment
CC-25013727,1527772,330-020-077,1527772_CTX_LK_inductive_06.xlsx,Flex damage,Flex damaged near connector side during Connector torque testing-Lack of UV bonding of S8 connector-process deviation,0.0,,,,,2,VRCUmeasurement [];eeprom_integrity [],eeprom_integrity [],,,,,,,,,,,,,,,,,,,,1,1,,,,,,,,,,,,,,,,,,,,,,,,,,,,,Flex / PCB / Solder / Wiring,Flex / PCB / Solder / Wiring
CC-260411355,1647168,330-020-359,1647168_CTX_LK_inductive_07.xlsx,Gap between front cap and ferrite,"Possible Loctite 480 issue, caused poor bonding between ferrite and front cap OR magnetic tool strength issue.",5.951,342124,19196922,5615472,1,3,UDist1Unom [V];UDist3Unom [V];UDist4Unom [V],UDist1Unom [V];UDist3Unom [V];UDist4Unom [V],,,6.904,,,,,,,,,0,,,,40.452,40.49,,500,1,1,,,,,,,,0.77,10.117,6.384,9.8,10.061,,,,,,,,,,,,,,,,,Dimensional / Alignment,Dimensional / Alignment
CC-260411355,1647168,330-020-359,1647168_CTX_LK_inductive_07.xlsx,Gap between front cap and ferrite,"Possible Loctite 480 issue, caused poor bonding between ferrite and front cap OR magnetic tool strength issue.",5.91,341951,19196285,5615472,1,3,UDist1Unom [V];UDist3Unom [V];UDist4Unom [V],UDist1Unom [V];UDist3Unom [V];UDist4Unom [V],,,6.966,,,,,,,,,0,,,,40.097,40.356,,500,1,1,,,,,,,,1.055,10.064,6.519,9.791,10.01,,,,,,,,,,,,,,,,,Dimensional / Alignment,Dimensional / Alignment
CC-260411355,1647168,330-020-359,1647168_CTX_LK_inductive_07.xlsx,Gap between front cap and ferrite,"Possible Loctite 480 issue, caused poor bonding between ferrite and front cap OR magnetic tool strength issue.",5.206,341955,19196338,5615472,1,3,UDist1Unom [V];UDist3Unom [V];UDist4Unom [V],UDist1Unom [V];UDist3Unom [V];UDist4Unom [V],,,6.943,,,,,,,,,0,,,,40.365,39.861,,500,1,1,,,,,,,,0.723,10.173,6.202,9.638,10.027,,,,,,,,,,,,,,,,,Dimensional / Alignment,Dimensional / Alignment
CC-260411355,1647168,330-020-359,1647168_CTX_LK_inductive_07.xlsx,Gap between front cap and ferrite,"Possible Loctite 480 issue, caused poor bonding between ferrite and front cap OR magnetic tool strength issue.",2.804,342025,19196711,5615472,1,2,UDist3Unom [V];UDist4Unom [V],UDist3Unom [V];UDist4Unom [V],,,6.942,,,,,,,,,0,,,,40.417,40.481,,500,1,1,,,,,,,,0.232,10.53,6.079,8.883,10.006,,,,,,,,,,,,,,,,,Dimensional / Alignment,Dimensional / Alignment
CC-260411355,1647168,330-020-359,1647168_CTX_LK_inductive_07.xlsx,Gap between front cap and ferrite,"Possible Loctite 480 issue, caused poor bonding between ferrite and front cap OR magnetic tool strength issue.",2.201,342062,19196800,5615472,1,2,UDist3Unom [V];UDist4Unom [V],UDist3Unom [V];UDist4Unom [V],,,6.938,,,,,,,,,0.001,,,,40.313,41.029,,500,1,1,,,,,,,,0.237,10.56,5.915,8.767,9.957,,,,,,,,,,,,,,,,,Dimensional / Alignment,Dimensional / Alignment
CC-260411355,1647168,330-020-359,1647168_CTX_LK_inductive_07.xlsx,Gap between front cap and ferrite,"Possible Loctite 480 issue, caused poor bonding between ferrite and front cap OR magnetic tool strength issue.",2.186,342037,19196745,5615472,1,2,UDist3Unom [V];UDist4Unom [V],UDist3Unom [V];UDist4Unom [V],,,6.857,,,,,,,,,0,,,,40.202,40.369,,500,1,1,,,,,,,,0.284,10.63,5.911,8.817,10.038,,,,,,,,,,,,,,,,,Dimensional / Alignment,Dimensional / Alignment
CC-260411355,1647168,330-020-359,1647168_CTX_LK_inductive_07.xlsx,Gap between front cap and ferrite,"Possible Loctite 480 issue, caused poor bonding between ferrite and front cap OR magnetic tool strength issue.",1.771,341945,19196225,5615472,1,2,UDist3Unom [V];UDist4Unom [V],UDist3Unom [V];UDist4Unom [V],,,6.91,,,,,,,,,0,,,,39.878,40.757,,500,1,1,,,,,,,,0.259,10.66,5.798,8.776,10.051,,,,,,,,,,,,,,,,,Dimensional / Alignment,Dimensional / Alignment
CC-260411355,1647168,330-020-359,1647168_CTX_LK_inductive_07.xlsx,Gap between front cap and ferrite,"Possible Loctite 480 issue, caused poor bonding between ferrite and front cap OR magnetic tool strength issue.",1.532,341966,19196453,5615472,1,2,UDist3Unom [V];UDist4Unom [V],UDist3Unom [V];UDist4Unom [V],,,6.799,,,,,,,,,0,,,,39.786,40.486,,500,1,1,,,,,,,,0.157,10.688,5.733,8.761,10.06,,,,,,,,,,,,,,,,,Dimensional / Alignment,Dimensional / Alignment
CC-260411355,1647168,330-020-359,1647168_CTX_LK_inductive_07.xlsx,Gap between front cap and ferrite,"Possible Loctite 480 issue, caused poor bonding between ferrite and front cap OR magnetic tool strength issue.",1.057,342012,19196666,5615472,1,1,UDist4Unom [V],UDist4Unom [V],,,6.847,,,,,,,,,0,,,,40.129,40.961,,500,1,1,,,,,,,,0.187,10.68,5.667,8.736,10.076,,,,,,,,,,,,,,,,,Dimensional / Alignment,Dimensional / Alignment
CC-25057989,1584655,330-020-017,1584655_CTX_LK_inductive_07.xlsx,Coil damage,Coil damage occurs during head assembly rework done due to head alignment issue.,0.0,,,,,3,IcInternalTemperature [];VRCUmeasurement [];eeprom_integrity [],eeprom_integrity [],,,,,,,,,,,,,,,,,,,,1,1,,,,,,,,,,,,,,,,,,,,,,,,,,,,,Coil,Coil
CC-25057989,1584655,330-020-017,1584655_CTX_LK_inductive_07.xlsx,Coil damage,Coil damage occurs during head assembly rework done due to head alignment issue.,0.0,,,,,2,VRCUmeasurement [];eeprom_integrity [],eeprom_integrity [],,,,,,,,,,,,,,,,,,,,1,1,,,,,,,,,,,,,,,,,,,,,,,,,,,,,Coil,Coil
CC-25057989,1584655,330-020-017,1584655_CTX_LK_inductive_07.xlsx,Coil damage,Coil damage occurs during head assembly rework done due to head alignment issue.,0.0,,,,,2,VRCUmeasurement [];eeprom_integrity [],eeprom_integrity [],,,,,,,,,,,,,,,,,,,,1,1,,,,,,,,,,,,,,,,,,,,,,,,,,,,,Coil,Coil
CC-25057989,1584655,330-020-017,1584655_CTX_LK_inductive_07.xlsx,Coil damage,Coil damage occurs during head assembly rework done due to head alignment issue.,0.0,,,,,1,eeprom_integrity [],eeprom_integrity [],,,,,,,,,,,,,,,,,,,,,,,,,,,,,,,,,,,,,,,,,,,,,,,,,,Coil,Coil
CC-25013984,1542445,330-020-359,1542445_CTX_LK_inductive_06.xlsx,Solder contact with housing,"Excess solder, process deviation during soldering",0.0,235492,16061787,5592230,1,1,TestIsolation [0/1],TestIsolation [0/1],,,6.776,,,,,,,,,0.004,,,,39.523,39.975,,500.0,1,1,,,,,,,,0.21,10.741,5.455,8.56,9.971,,,,,,,,,,,,,,,,,Insulation / Isolation,Other / Minor Defects
CC-25013984,1542445,330-020-359,1542445_CTX_LK_inductive_06.xlsx,Solder contact with housing,"Excess solder, process deviation during soldering",0.0,235501,16061828,5592230,1,1,TestIsolation [0/1],TestIsolation [0/1],,,6.682,,,,,,,,,0.004,,,,39.283,39.554,,500.0,1,1,,,,,,,,0.206,10.414,5.331,8.521,10.016,,,,,,,,,,,,,,,,,Insulation / Isolation,Other / Minor Defects
CC-25013984,1542445,330-020-359,1542445_CTX_LK_inductive_06.xlsx,Solder contact with housing,"Excess solder, process deviation during soldering",0.0,235506,16061851,5592230,1,1,TestIsolation [0/1],TestIsolation [0/1],,,6.868,,,,,,,,,0.003,,,,39.719,40.394,,500.0,1,1,,,,,,,,0.245,10.892,5.131,8.436,10.045,,,,,,,,,,,,,,,,,Insulation / Isolation,Other / Minor Defects
CC-25013984,1542445,330-020-359,1542445_CTX_LK_inductive_06.xlsx,Solder contact with housing,"Excess solder, process deviation during soldering",0.0,235518,16061903,5592230,1,1,TestIsolation [0/1],TestIsolation [0/1],,,6.711,,,,,,,,,0.005,,,,38.919,39.649,,500.0,1,1,,,,,,,,0.248,10.785,5.443,8.572,10.001,,,,,,,,,,,,,,,,,Insulation / Isolation,Other / Minor Defects
CC-25013984,1542445,330-020-359,1542445_CTX_LK_inductive_06.xlsx,Solder contact with housing,"Excess solder, process deviation during soldering",0.0,235529,16061946,5592230,1,3,TestIsolation [0/1];UDist3Unom [V];UDist4Unom [V],TestIsolation [0/1],,,6.898,,,,,,,,,0.005,,,,39.043,39.582,,500.0,1,1,,,,,,,,0.358,10.454,6.432,9.241,10.062,,,,,,,,,,,,,,,,,Insulation / Isolation,Other / Minor Defects
CC-25013985,1542445,330-020-359,1542445_CTX_LK_inductive_06.xlsx,Gap between ferrite and front cap,Lack of adhesion between cap and ferrite by loctite 480.(Glue is visible in Cap),5.445,235552,16062026,5592230,1,2,UDist3Unom [V];UDist4Unom [V],UDist3Unom [V];UDist4Unom [V],,,6.797,,,,,,,,,0.001,,,,38.767,39.263,,500,1,1,,,,,,,,0.572,10.142,6.112,9.69,10.037,,,,,,,,,,,,,,,,,Dimensional / Alignment,Dimensional / Alignment
CC-25013985,1542445,330-020-359,1542445_CTX_LK_inductive_06.xlsx,Gap between ferrite and front cap,Lack of adhesion between cap and ferrite by loctite 480.(Glue is visible in Cap),4.102,235529,16061946,5592230,1,3,TestIsolation [0/1];UDist3Unom [V];UDist4Unom [V],UDist3Unom [V];UDist4Unom [V],,,6.898,,,,,,,,,0.005,,,,39.043,39.582,,500.0,1,1,,,,,,,,0.358,10.454,6.432,9.241,10.062,,,,,,,,,,,,,,,,,Dimensional / Alignment,Dimensional / Alignment
CC-25013985,1542445,330-020-359,1542445_CTX_LK_inductive_06.xlsx,Gap between ferrite and front cap,Lack of adhesion between cap and ferrite by loctite 480.(Glue is visible in Cap),3.966,235540,16061988,5592230,1,2,UDist3Unom [V];UDist4Unom [V],UDist3Unom [V];UDist4Unom [V],,,6.734,,,,,,,,,0.002,,,,38.733,40.478,,500,1,1,,,,,,,,0.296,10.326,6.395,9.263,10.006,,,,,,,,,,,,,,,,,Dimensional / Alignment,Dimensional / Alignment
CC-25013985,1542445,330-020-359,1542445_CTX_LK_inductive_06.xlsx,Gap between ferrite and front cap,Lack of adhesion between cap and ferrite by loctite 480.(Glue is visible in Cap),2.039,235569,16062084,5592230,1,2,UDist3Unom [V];UDist4Unom [V],UDist3Unom [V];UDist4Unom [V],,,6.796,,,,,,,,,0.002,,,,39.507,40.165,,500,1,1,,,,,,,,0.312,10.63,5.871,8.779,10.013,,,,,,,,,,,,,,,,,Dimensional / Alignment,Dimensional / Alignment
CC-25013985,1542445,330-020-359,1542445_CTX_LK_inductive_06.xlsx,Gap between ferrite and front cap,Lack of adhesion between cap and ferrite by loctite 480.(Glue is visible in Cap),1.977,235558,16062040,5592230,1,2,UDist3Unom [V];UDist4Unom [V],UDist3Unom [V];UDist4Unom [V],,,6.758,,,,,,,,,0.002,,,,39.352,39.605,,500,1,1,,,,,,,,0.245,10.64,5.854,8.767,10.011,,,,,,,,,,,,,,,,,Dimensional / Alignment,Dimensional / Alignment
CC-25013985,1542445,330-020-359,1542445_CTX_LK_inductive_06.xlsx,Gap between ferrite and front cap,Lack of adhesion between cap and ferrite by loctite 480.(Glue is visible in Cap),1.576,235559,16062045,5592230,1,2,UDist3Unom [V];UDist4Unom [V],UDist3Unom [V];UDist4Unom [V],,,6.792,,,,,,,,,0.002,,,,39.435,39.44,,500,1,1,,,,,,,,0.288,10.663,5.745,8.71,9.998,,,,,,,,,,,,,,,,,Dimensional / Alignment,Dimensional / Alignment
CC-260712500,1666075,330-020-367,1666075_CTX_LK_inductive_08.xlsx,Eeprom 7026 - High gap between two shield ends,Copper Shield not aligned to the ferrite edge. Shield position requirement need to be enhanced.,0.0,,,,,1,eeprom_integrity [],eeprom_integrity [],,,,,,,,,,,,,,,,,,,,1,1,,,,,,,,,,,,,,,,,,,,,,,,,,,,,Dimensional / Alignment,Dimensional / Alignment
CC-260712500,1666075,330-020-367,1666075_CTX_LK_inductive_08.xlsx,Eeprom 7026 - High gap between two shield ends,Copper Shield not aligned to the ferrite edge. Shield position requirement need to be enhanced.,0.0,,,,,1,eeprom_integrity [],eeprom_integrity [],,,,,,,,,,,,,,,,,,,,1,1,,,,,,,,,,,,,,,,,,,,,,,,,,,,,Dimensional / Alignment,Dimensional / Alignment
CC-260712500,1666075,330-020-367,1666075_CTX_LK_inductive_08.xlsx,Eeprom 7026 - High gap between two shield ends,Copper Shield not aligned to the ferrite edge. Shield position requirement need to be enhanced.,0.0,,,,,1,eeprom_integrity [],eeprom_integrity [],,,,,,,,,,,,,,,,,,,,1,1,,,,,,,,,,,,,,,,,,,,,,,,,,,,,Dimensional / Alignment,Dimensional / Alignment
CC-260712500,1666075,330-020-367,1666075_CTX_LK_inductive_08.xlsx,Eeprom 7026 - High gap between two shield ends,Copper Shield not aligned to the ferrite edge. Shield position requirement need to be enhanced.,0.0,,,,,1,eeprom_integrity [],eeprom_integrity [],,,,,,,,,,,,,,,,,,,,1,1,,,,,,,,,,,,,,,,,,,,,,,,,,,,,Dimensional / Alignment,Dimensional / Alignment
CC-260712500,1666075,330-020-367,1666075_CTX_LK_inductive_08.xlsx,Eeprom 7026 - High gap between two shield ends,Copper Shield not aligned to the ferrite edge. Shield position requirement need to be enhanced.,0.0,,,,,1,eeprom_integrity [],eeprom_integrity [],,,,,,,,,,,,,,,,,,,,1,1,,,,,,,,,,,,,,,,,,,,,,,,,,,,,Dimensional / Alignment,Dimensional / Alignment
CC-260712500,1666075,330-020-367,1666075_CTX_LK_inductive_08.xlsx,Eeprom 7026 - High gap between two shield ends,Copper Shield not aligned to the ferrite edge. Shield position requirement need to be enhanced.,0.0,,,,,1,eeprom_integrity [],eeprom_integrity [],,,,,,,,,,,,,,,,,,,,1,1,,,,,,,,,,,,,,,,,,,,,,,,,,,,,Dimensional / Alignment,Dimensional / Alignment
CC-260712500,1666075,330-020-367,1666075_CTX_LK_inductive_08.xlsx,Eeprom 7026 - High gap between two shield ends,Copper Shield not aligned to the ferrite edge. Shield position requirement need to be enhanced.,0.0,,,,,1,eeprom_integrity [],eeprom_integrity [],,,,,,,,,,,,,,,,,,,,1,1,,,,,,,,,,,,,,,,,,,,,,,,,,,,,Dimensional / Alignment,Dimensional / Alignment
CC-260712500,1666075,330-020-367,1666075_CTX_LK_inductive_08.xlsx,Eeprom 7026 - High gap between two shield ends,Copper Shield not aligned to the ferrite edge. Shield position requirement need to be enhanced.,0.0,,,,,1,eeprom_integrity [],eeprom_integrity [],,,,,,,,,,,,,,,,,,,,1,1,,,,,,,,,,,,,,,,,,,,,,,,,,,,,Dimensional / Alignment,Dimensional / Alignment
CC-260712500,1666075,330-020-367,1666075_CTX_LK_inductive_08.xlsx,Eeprom 7026 - High gap between two shield ends,Copper Shield not aligned to the ferrite edge. Shield position requirement need to be enhanced.,0.0,,,,,1,eeprom_integrity [],eeprom_integrity [],,,,,,,,,,,,,,,,,,,,1,1,,,,,,,,,,,,,,,,,,,,,,,,,,,,,Dimensional / Alignment,Dimensional / Alignment
CC-25014545,1562436,330-020-373,1562436_CTX_LK_inductive_05.xlsx,Gap between ferrite and front cap,Adhesion issue of loctite 480,1000.385,253659,16647677,5592942,1,6,UzOverOut2 [V];IDist1Unom [mA];IDist2Unom [mA];IDist3Unom [mA];IDist4Unom [mA];IDist5Unom [mA],IDist1Unom [mA];IDist2Unom [mA];IDist3Unom [mA];IDist4Unom [mA];IDist5Unom [mA],,,10.272,,,,,,,,,0.002,,,,39.044,39.425,,500,1,1,,,,,,,,0.061,10.676,5.205,8.393,9.812,4.615,10.0,100.0,100.0,100.0,100.0,,,,,,,,,,,Dimensional / Alignment,Dimensional / Alignment
CC-25014545,1562436,330-020-373,1562436_CTX_LK_inductive_05.xlsx,Gap between ferrite and front cap,Adhesion issue of loctite 480,55.727,253620,16647518,5592942,1,6,UDist1Unom [V];UDist3Unom [V];UDist4Unom [V];IDist1Unom [mA];IDist3Unom [mA];IDist4Unom [mA],UDist1Unom [V];UDist3Unom [V];UDist4Unom [V];IDist1Unom [mA];IDist3Unom [mA];IDist4Unom [mA],,,10.299,,,,,,,,,0.001,,,,39.188,39.682,,500,1,1,,,,,,,,0.662,9.719,6.616,9.753,9.764,39.519,10.0,19.404,19.425,19.452,19.474,,,,,,,,,,,Dimensional / Alignment,Dimensional / Alignment
CC-25014545,1562436,330-020-373,1562436_CTX_LK_inductive_05.xlsx,Gap between ferrite and front cap,Adhesion issue of loctite 480,47.792,253706,16647825,5592942,1,6,UDist1Unom [V];UDist3Unom [V];UDist4Unom [V];IDist1Unom [mA];IDist3Unom [mA];IDist4Unom [mA],UDist1Unom [V];UDist3Unom [V];UDist4Unom [V];IDist1Unom [mA];IDist3Unom [mA];IDist4Unom [mA],,,10.28,,,,,,,,,0.002,,,,39.689,39.704,,500,1,1,,,,,,,,0.662,9.762,6.548,9.652,9.759,39.926,9.157,19.602,18.774,19.399,19.588,,,,,,,,,,,Dimensional / Alignment,Dimensional / Alignment
CC-25014545,1562436,330-020-373,1562436_CTX_LK_inductive_05.xlsx,Gap between ferrite and front cap,Adhesion issue of loctite 480,46.757,253627,16647542,5592942,1,6,UDist1Unom [V];UDist3Unom [V];UDist4Unom [V];IDist1Unom [mA];IDist3Unom [mA];IDist4Unom [mA],UDist1Unom [V];UDist3Unom [V];UDist4Unom [V];IDist1Unom [mA];IDist3Unom [mA];IDist4Unom [mA],,,10.305,,,,,,,,,0.002,,,,39.048,40.298,,500,1,1,,,,,,,,0.662,9.763,6.537,9.662,9.762,39.705,9.047,19.434,18.705,19.278,19.433,,,,,,,,,,,Dimensional / Alignment,Dimensional / Alignment
CC-25014545,1562436,330-020-373,1562436_CTX_LK_inductive_05.xlsx,Gap between ferrite and front cap,Adhesion issue of loctite 480,18.769,253714,16647847,5592942,1,6,UDist1Unom [V];UDist3Unom [V];UDist4Unom [V];IDist1Unom [mA];IDist3Unom [mA];IDist4Unom [mA],UDist1Unom [V];UDist3Unom [V];UDist4Unom [V];IDist1Unom [mA];IDist3Unom [mA];IDist4Unom [mA],,,10.245,,,,,,,,,0.001,,,,39.444,39.062,,500,1,1,,,,,,,,0.636,9.898,6.237,9.563,9.825,39.15,5.49,19.763,17.75,19.225,19.639,,,,,,,,,,,Dimensional / Alignment,Dimensional / Alignment
CC-25014545,1562436,330-020-373,1562436_CTX_LK_inductive_05.xlsx,Gap between ferrite and front cap,Adhesion issue of loctite 480,4.215,253651,16647645,5592942,1,3,UDist3Unom [V];UDist4Unom [V];IDist3Unom [mA],UDist3Unom [V];UDist4Unom [V];IDist3Unom [mA],,,10.277,,,,,,,,,0.001,,,,39.373,39.193,,500,1,1,,,,,,,,0.062,10.317,6.056,8.753,9.769,39.204,4.049,20.374,13.622,17.887,19.506,,,,,,,,,,,Dimensional / Alignment,Dimensional / Alignment
CC-25014545,1562436,330-020-373,1562436_CTX_LK_inductive_05.xlsx,Gap between ferrite and front cap,Adhesion issue of loctite 480,3.911,253695,16647793,5592942,1,2,UDist3Unom [V];IDist3Unom [mA],UDist3Unom [V];IDist3Unom [mA],,,10.356,,,,,,,,,0.001,,,,39.996,40.833,,500,1,1,,,,,,,,0.062,10.391,6.0,8.674,9.768,38.901,4.039,20.46,13.495,17.731,19.474,,,,,,,,,,,Dimensional / Alignment,Dimensional / Alignment
CC-25014545,1562436,330-020-373,1562436_CTX_LK_inductive_05.xlsx,Gap between ferrite and front cap,Adhesion issue of loctite 480,3.802,253643,16647608,5592942,1,2,UDist3Unom [V];IDist3Unom [mA],UDist3Unom [V];IDist3Unom [mA],,,10.243,,,,,,,,,0.002,,,,39.089,39.564,,500,1,1,,,,,,,,0.062,10.357,5.98,8.686,9.771,39.485,4.056,20.419,13.47,17.76,19.47,,,,,,,,,,,Dimensional / Alignment,Dimensional / Alignment
CC-25014545,1562436,330-020-373,1562436_CTX_LK_inductive_05.xlsx,Gap between ferrite and front cap,Adhesion issue of loctite 480,3.341,253693,16647786,5592942,1,2,UDist3Unom [V];IDist3Unom [mA],UDist3Unom [V];IDist3Unom [mA],,,10.376,,,,,,,,,0.001,,,,39.826,40.02,,500,1,1,,,,,,,,0.062,10.406,5.895,8.687,9.798,40.291,4.031,20.519,13.338,17.77,19.54,,,,,,,,,,,Dimensional / Alignment,Dimensional / Alignment
CC-25014545,1562436,330-020-373,1562436_CTX_LK_inductive_05.xlsx,Gap between ferrite and front cap,Adhesion issue of loctite 480,2.293,253648,16647633,5592942,1,1,UDist3Unom [V],UDist3Unom [V],,,10.392,,,,,,,,,0.002,,,,38.603,40.266,,500,1,1,,,,,,,,0.062,10.473,5.702,8.582,9.776,39.177,4.046,20.64,13.051,17.629,19.531,,,,,,,,,,,Dimensional / Alignment,Dimensional / Alignment
CC-25014544,1562436,330-020-373,1562436_CTX_LK_inductive_05.xlsx,Gap between ferrite and front cap,Adhesion issue of loctite 480,1000.385,253659,16647677,5592942,1,6,UzOverOut2 [V];IDist1Unom [mA];IDist2Unom [mA];IDist3Unom [mA];IDist4Unom [mA];IDist5Unom [mA],IDist1Unom [mA];IDist2Unom [mA];IDist3Unom [mA];IDist4Unom [mA];IDist5Unom [mA],,,10.272,,,,,,,,,0.002,,,,39.044,39.425,,500,1,1,,,,,,,,0.061,10.676,5.205,8.393,9.812,4.615,10.0,100.0,100.0,100.0,100.0,,,,,,,,,,,Dimensional / Alignment,Dimensional / Alignment
CC-25014544,1562436,330-020-373,1562436_CTX_LK_inductive_05.xlsx,Gap between ferrite and front cap,Adhesion issue of loctite 480,55.727,253620,16647518,5592942,1,6,UDist1Unom [V];UDist3Unom [V];UDist4Unom [V];IDist1Unom [mA];IDist3Unom [mA];IDist4Unom [mA],UDist1Unom [V];UDist3Unom [V];UDist4Unom [V];IDist1Unom [mA];IDist3Unom [mA];IDist4Unom [mA],,,10.299,,,,,,,,,0.001,,,,39.188,39.682,,500,1,1,,,,,,,,0.662,9.719,6.616,9.753,9.764,39.519,10.0,19.404,19.425,19.452,19.474,,,,,,,,,,,Dimensional / Alignment,Dimensional / Alignment
CC-25014544,1562436,330-020-373,1562436_CTX_LK_inductive_05.xlsx,Gap between ferrite and front cap,Adhesion issue of loctite 480,47.792,253706,16647825,5592942,1,6,UDist1Unom [V];UDist3Unom [V];UDist4Unom [V];IDist1Unom [mA];IDist3Unom [mA];IDist4Unom [mA],UDist1Unom [V];UDist3Unom [V];UDist4Unom [V];IDist1Unom [mA];IDist3Unom [mA];IDist4Unom [mA],,,10.28,,,,,,,,,0.002,,,,39.689,39.704,,500,1,1,,,,,,,,0.662,9.762,6.548,9.652,9.759,39.926,9.157,19.602,18.774,19.399,19.588,,,,,,,,,,,Dimensional / Alignment,Dimensional / Alignment
CC-25014544,1562436,330-020-373,1562436_CTX_LK_inductive_05.xlsx,Gap between ferrite and front cap,Adhesion issue of loctite 480,46.757,253627,16647542,5592942,1,6,UDist1Unom [V];UDist3Unom [V];UDist4Unom [V];IDist1Unom [mA];IDist3Unom [mA];IDist4Unom [mA],UDist1Unom [V];UDist3Unom [V];UDist4Unom [V];IDist1Unom [mA];IDist3Unom [mA];IDist4Unom [mA],,,10.305,,,,,,,,,0.002,,,,39.048,40.298,,500,1,1,,,,,,,,0.662,9.763,6.537,9.662,9.762,39.705,9.047,19.434,18.705,19.278,19.433,,,,,,,,,,,Dimensional / Alignment,Dimensional / Alignment
CC-25014544,1562436,330-020-373,1562436_CTX_LK_inductive_05.xlsx,Gap between ferrite and front cap,Adhesion issue of loctite 480,18.769,253714,16647847,5592942,1,6,UDist1Unom [V];UDist3Unom [V];UDist4Unom [V];IDist1Unom [mA];IDist3Unom [mA];IDist4Unom [mA],UDist1Unom [V];UDist3Unom [V];UDist4Unom [V];IDist1Unom [mA];IDist3Unom [mA];IDist4Unom [mA],,,10.245,,,,,,,,,0.001,,,,39.444,39.062,,500,1,1,,,,,,,,0.636,9.898,6.237,9.563,9.825,39.15,5.49,19.763,17.75,19.225,19.639,,,,,,,,,,,Dimensional / Alignment,Dimensional / Alignment
CC-25014544,1562436,330-020-373,1562436_CTX_LK_inductive_05.xlsx,Gap between ferrite and front cap,Adhesion issue of loctite 480,4.215,253651,16647645,5592942,1,3,UDist3Unom [V];UDist4Unom [V];IDist3Unom [mA],UDist3Unom [V];UDist4Unom [V];IDist3Unom [mA],,,10.277,,,,,,,,,0.001,,,,39.373,39.193,,500,1,1,,,,,,,,0.062,10.317,6.056,8.753,9.769,39.204,4.049,20.374,13.622,17.887,19.506,,,,,,,,,,,Dimensional / Alignment,Dimensional / Alignment
CC-25014544,1562436,330-020-373,1562436_CTX_LK_inductive_05.xlsx,Gap between ferrite and front cap,Adhesion issue of loctite 480,3.911,253695,16647793,5592942,1,2,UDist3Unom [V];IDist3Unom [mA],UDist3Unom [V];IDist3Unom [mA],,,10.356,,,,,,,,,0.001,,,,39.996,40.833,,500,1,1,,,,,,,,0.062,10.391,6.0,8.674,9.768,38.901,4.039,20.46,13.495,17.731,19.474,,,,,,,,,,,Dimensional / Alignment,Dimensional / Alignment
CC-25014544,1562436,330-020-373,1562436_CTX_LK_inductive_05.xlsx,Gap between ferrite and front cap,Adhesion issue of loctite 480,3.802,253643,16647608,5592942,1,2,UDist3Unom [V];IDist3Unom [mA],UDist3Unom [V];IDist3Unom [mA],,,10.243,,,,,,,,,0.002,,,,39.089,39.564,,500,1,1,,,,,,,,0.062,10.357,5.98,8.686,9.771,39.485,4.056,20.419,13.47,17.76,19.47,,,,,,,,,,,Dimensional / Alignment,Dimensional / Alignment
CC-25014544,1562436,330-020-373,1562436_CTX_LK_inductive_05.xlsx,Gap between ferrite and front cap,Adhesion issue of loctite 480,3.341,253693,16647786,5592942,1,2,UDist3Unom [V];IDist3Unom [mA],UDist3Unom [V];IDist3Unom [mA],,,10.376,,,,,,,,,0.001,,,,39.826,40.02,,500,1,1,,,,,,,,0.062,10.406,5.895,8.687,9.798,40.291,4.031,20.519,13.338,17.77,19.54,,,,,,,,,,,Dimensional / Alignment,Dimensional / Alignment
CC-25014544,1562436,330-020-373,1562436_CTX_LK_inductive_05.xlsx,Gap between ferrite and front cap,Adhesion issue of loctite 480,2.293,253648,16647633,5592942,1,1,UDist3Unom [V],UDist3Unom [V],,,10.392,,,,,,,,,0.002,,,,38.603,40.266,,500,1,1,,,,,,,,0.062,10.473,5.702,8.582,9.776,39.177,4.046,20.64,13.051,17.629,19.531,,,,,,,,,,,Dimensional / Alignment,Dimensional / Alignment
CC-25014543,1562436,330-020-373,1562436_CTX_LK_inductive_05.xlsx,Gap between ferrite and front cap,Possible cap treatment issue,1000.385,253659,16647677,5592942,1,6,UzOverOut2 [V];IDist1Unom [mA];IDist2Unom [mA];IDist3Unom [mA];IDist4Unom [mA];IDist5Unom [mA],IDist1Unom [mA];IDist2Unom [mA];IDist3Unom [mA];IDist4Unom [mA];IDist5Unom [mA],,,10.272,,,,,,,,,0.002,,,,39.044,39.425,,500,1,1,,,,,,,,0.061,10.676,5.205,8.393,9.812,4.615,10.0,100.0,100.0,100.0,100.0,,,,,,,,,,,Dimensional / Alignment,Dimensional / Alignment
CC-25014543,1562436,330-020-373,1562436_CTX_LK_inductive_05.xlsx,Gap between ferrite and front cap,Possible cap treatment issue,55.727,253620,16647518,5592942,1,6,UDist1Unom [V];UDist3Unom [V];UDist4Unom [V];IDist1Unom [mA];IDist3Unom [mA];IDist4Unom [mA],UDist1Unom [V];UDist3Unom [V];UDist4Unom [V];IDist1Unom [mA];IDist3Unom [mA];IDist4Unom [mA],,,10.299,,,,,,,,,0.001,,,,39.188,39.682,,500,1,1,,,,,,,,0.662,9.719,6.616,9.753,9.764,39.519,10.0,19.404,19.425,19.452,19.474,,,,,,,,,,,Dimensional / Alignment,Dimensional / Alignment
CC-25014543,1562436,330-020-373,1562436_CTX_LK_inductive_05.xlsx,Gap between ferrite and front cap,Possible cap treatment issue,47.792,253706,16647825,5592942,1,6,UDist1Unom [V];UDist3Unom [V];UDist4Unom [V];IDist1Unom [mA];IDist3Unom [mA];IDist4Unom [mA],UDist1Unom [V];UDist3Unom [V];UDist4Unom [V];IDist1Unom [mA];IDist3Unom [mA];IDist4Unom [mA],,,10.28,,,,,,,,,0.002,,,,39.689,39.704,,500,1,1,,,,,,,,0.662,9.762,6.548,9.652,9.759,39.926,9.157,19.602,18.774,19.399,19.588,,,,,,,,,,,Dimensional / Alignment,Dimensional / Alignment
CC-25014543,1562436,330-020-373,1562436_CTX_LK_inductive_05.xlsx,Gap between ferrite and front cap,Possible cap treatment issue,46.757,253627,16647542,5592942,1,6,UDist1Unom [V];UDist3Unom [V];UDist4Unom [V];IDist1Unom [mA];IDist3Unom [mA];IDist4Unom [mA],UDist1Unom [V];UDist3Unom [V];UDist4Unom [V];IDist1Unom [mA];IDist3Unom [mA];IDist4Unom [mA],,,10.305,,,,,,,,,0.002,,,,39.048,40.298,,500,1,1,,,,,,,,0.662,9.763,6.537,9.662,9.762,39.705,9.047,19.434,18.705,19.278,19.433,,,,,,,,,,,Dimensional / Alignment,Dimensional / Alignment
CC-25014543,1562436,330-020-373,1562436_CTX_LK_inductive_05.xlsx,Gap between ferrite and front cap,Possible cap treatment issue,18.769,253714,16647847,5592942,1,6,UDist1Unom [V];UDist3Unom [V];UDist4Unom [V];IDist1Unom [mA];IDist3Unom [mA];IDist4Unom [mA],UDist1Unom [V];UDist3Unom [V];UDist4Unom [V];IDist1Unom [mA];IDist3Unom [mA];IDist4Unom [mA],,,10.245,,,,,,,,,0.001,,,,39.444,39.062,,500,1,1,,,,,,,,0.636,9.898,6.237,9.563,9.825,39.15,5.49,19.763,17.75,19.225,19.639,,,,,,,,,,,Dimensional / Alignment,Dimensional / Alignment
CC-25014543,1562436,330-020-373,1562436_CTX_LK_inductive_05.xlsx,Gap between ferrite and front cap,Possible cap treatment issue,4.215,253651,16647645,5592942,1,3,UDist3Unom [V];UDist4Unom [V];IDist3Unom [mA],UDist3Unom [V];UDist4Unom [V];IDist3Unom [mA],,,10.277,,,,,,,,,0.001,,,,39.373,39.193,,500,1,1,,,,,,,,0.062,10.317,6.056,8.753,9.769,39.204,4.049,20.374,13.622,17.887,19.506,,,,,,,,,,,Dimensional / Alignment,Dimensional / Alignment
CC-25014543,1562436,330-020-373,1562436_CTX_LK_inductive_05.xlsx,Gap between ferrite and front cap,Possible cap treatment issue,3.911,253695,16647793,5592942,1,2,UDist3Unom [V];IDist3Unom [mA],UDist3Unom [V];IDist3Unom [mA],,,10.356,,,,,,,,,0.001,,,,39.996,40.833,,500,1,1,,,,,,,,0.062,10.391,6.0,8.674,9.768,38.901,4.039,20.46,13.495,17.731,19.474,,,,,,,,,,,Dimensional / Alignment,Dimensional / Alignment
CC-25014543,1562436,330-020-373,1562436_CTX_LK_inductive_05.xlsx,Gap between ferrite and front cap,Possible cap treatment issue,3.802,253643,16647608,5592942,1,2,UDist3Unom [V];IDist3Unom [mA],UDist3Unom [V];IDist3Unom [mA],,,10.243,,,,,,,,,0.002,,,,39.089,39.564,,500,1,1,,,,,,,,0.062,10.357,5.98,8.686,9.771,39.485,4.056,20.419,13.47,17.76,19.47,,,,,,,,,,,Dimensional / Alignment,Dimensional / Alignment
CC-25014543,1562436,330-020-373,1562436_CTX_LK_inductive_05.xlsx,Gap between ferrite and front cap,Possible cap treatment issue,3.341,253693,16647786,5592942,1,2,UDist3Unom [V];IDist3Unom [mA],UDist3Unom [V];IDist3Unom [mA],,,10.376,,,,,,,,,0.001,,,,39.826,40.02,,500,1,1,,,,,,,,0.062,10.406,5.895,8.687,9.798,40.291,4.031,20.519,13.338,17.77,19.54,,,,,,,,,,,Dimensional / Alignment,Dimensional / Alignment
CC-25014543,1562436,330-020-373,1562436_CTX_LK_inductive_05.xlsx,Gap between ferrite and front cap,Possible cap treatment issue,2.293,253648,16647633,5592942,1,1,UDist3Unom [V],UDist3Unom [V],,,10.392,,,,,,,,,0.002,,,,38.603,40.266,,500,1,1,,,,,,,,0.062,10.473,5.702,8.582,9.776,39.177,4.046,20.64,13.051,17.629,19.531,,,,,,,,,,,Dimensional / Alignment,Dimensional / Alignment
CC-25012428,1484082,330-020-072,1484082_CTX_LK_inductive_07.xlsx,Coil partially damage (resistance value is high),Inserted a wrong coil wire positioned coil to ferrite,0.0,,,,,1,eeprom_integrity [],eeprom_integrity [],,,,,,,,,,,,,,,,,,,,,,,,,,,,,,,,,,,,,,,,,,,,,,,,,,Coil,Coil
CC-25012428,1484082,330-020-072,1484082_CTX_LK_inductive_07.xlsx,Coil partially damage (resistance value is high),Inserted a wrong coil wire positioned coil to ferrite,0.0,,,,,1,eeprom_integrity [],eeprom_integrity [],,,,,,,,,,,,,,,,,,,,,,,,,,,,,,,,,,,,,,,,,,,,,,,,,,Coil,Coil
CC-25012428,1484082,330-020-072,1484082_CTX_LK_inductive_07.xlsx,Coil partially damage (resistance value is high),Inserted a wrong coil wire positioned coil to ferrite,0.0,,,,,1,eeprom_integrity [],eeprom_integrity [],,,,,,,,,,,,,,,,,,,,,,,,,,,,,,,,,,,,,,,,,,,,,,,,,,Coil,Coil
CC-25012428,1484082,330-020-072,1484082_CTX_LK_inductive_07.xlsx,Coil partially damage (resistance value is high),Inserted a wrong coil wire positioned coil to ferrite,0.0,,,,,1,eeprom_integrity [],eeprom_integrity [],,,,,,,,,,,,,,,,,,,,,,,,,,,,,,,,,,,,,,,,,,,,,,,,,,Coil,Coil
CC-25014686,1577207,330-020-359,1577207_CTX_LK_inductive_07.xlsx,Gap between ferrite and front cap,Low glue amount applied on ferrite,63.783,264842,17077360,5593486,1,6,ILedOn [mA];UzOverUb [V];UDist2Unom [V];UDist3Unom [V];UDist4Unom [V];UDist5Unom [V],UDist2Unom [V];UDist3Unom [V];UDist4Unom [V];UDist5Unom [V],,,24.469,,,,,,,,,0,,,,28.569,41.259,,500,1,1,,,,,,,,0.094,0.094,0.094,0.094,0.095,,,,,,,,,,,,,,,,,Dimensional / Alignment,Dimensional / Alignment
CC-25014686,1577207,330-020-359,1577207_CTX_LK_inductive_07.xlsx,Gap between ferrite and front cap,Low glue amount applied on ferrite,16.852,264827,17077254,5593486,1,3,UDist1Unom [V];UDist3Unom [V];UDist4Unom [V],UDist1Unom [V];UDist3Unom [V];UDist4Unom [V],,,6.836,,,,,,,,,0,,,,40.513,40.595,,500,1,1,,,,,,,,6.614,10.006,6.614,10.02,10.022,,,,,,,,,,,,,,,,,Dimensional / Alignment,Dimensional / Alignment
CC-25014686,1577207,330-020-359,1577207_CTX_LK_inductive_07.xlsx,Gap between ferrite and front cap,Low glue amount applied on ferrite,15.917,264760,17077097,5593486,1,3,UDist1Unom [V];UDist3Unom [V];UDist4Unom [V],UDist1Unom [V];UDist3Unom [V];UDist4Unom [V],,,6.865,,,,,,,,,0,,,,40.524,40.896,,500,1,1,,,,,,,,6.262,9.974,6.614,9.966,9.987,,,,,,,,,,,,,,,,,Dimensional / Alignment,Dimensional / Alignment
CC-25014686,1577207,330-020-359,1577207_CTX_LK_inductive_07.xlsx,Gap between ferrite and front cap,Low glue amount applied on ferrite,13.571,264755,17077085,5593486,1,3,UDist3Unom [V];UDist4Unom [V];UDist5Unom [V],UDist3Unom [V];UDist4Unom [V];UDist5Unom [V],,,6.763,,,,,,,,,0,,,,40.557,41.026,,500,1,1,,,,,,,,0.258,10.682,5.784,7.232,7.903,,,,,,,,,,,,,,,,,Dimensional / Alignment,Dimensional / Alignment
CC-25014686,1577207,330-020-359,1577207_CTX_LK_inductive_07.xlsx,Gap between ferrite and front cap,Low glue amount applied on ferrite,5.211,264768,17077117,5593486,1,3,UDist1Unom [V];UDist3Unom [V];UDist4Unom [V],UDist1Unom [V];UDist3Unom [V];UDist4Unom [V],,,6.879,,,,,,,,,0,,,,40.387,41.11,,500,1,1,,,,,,,,0.914,10.067,6.201,9.639,9.974,,,,,,,,,,,,,,,,,Dimensional / Alignment,Dimensional / Alignment
CC-260110377,1636143,330-020-396,1636143_CTX_LK_inductive_05.xlsx,Ferrite not centered within the Front cap & Shield,Worn-out tool part holder 301 484 and misalignment of ferrite due to that,20.251,324404,18833736,5615471,1,6,UzOverOut2 [V];IDist1Unom [mA];IDist2Unom [mA];IDist3Unom [mA];IDist4Unom [mA];IDist5Unom [mA],IDist1Unom [mA];IDist2Unom [mA];IDist3Unom [mA];IDist4Unom [mA];IDist5Unom [mA],,,11.755,,,,,,,,,0.002,,,,39.789,40.308,,500,1,1,,,,,,,,0.237,10.987,4.926,8.476,10.075,12.843,10.0,100.0,100.0,100.0,100.0,,,,,,,,,,,Dimensional / Alignment,Dimensional / Alignment
CC-260110377,1636143,330-020-396,1636143_CTX_LK_inductive_05.xlsx,Ferrite not centered within the Front cap & Shield,Worn-out tool part holder 301 484 and misalignment of ferrite due to that,20.251,324409,18833770,5615471,1,6,UDist3Unom [V];IDist1Unom [mA];IDist2Unom [mA];IDist3Unom [mA];IDist4Unom [mA];IDist5Unom [mA],UDist3Unom [V];IDist1Unom [mA];IDist2Unom [mA];IDist3Unom [mA];IDist4Unom [mA];IDist5Unom [mA],,,11.888,,,,,,,,,0.002,,,,39.781,40.077,,500,1,1,,,,,,,,0.159,11.014,4.78,8.393,10.071,39.759,10.0,100.0,100.0,100.0,100.0,,,,,,,,,,,Dimensional / Alignment,Dimensional / Alignment
CC-260110377,1636143,330-020-396,1636143_CTX_LK_inductive_05.xlsx,Ferrite not centered within the Front cap & Shield,Worn-out tool part holder 301 484 and misalignment of ferrite due to that,20.251,324421,18833818,5615471,1,7,UzOverOut2 [V];UDist3Unom [V];IDist1Unom [mA];IDist2Unom [mA];IDist3Unom [mA];IDist4Unom [mA];IDist5Unom [mA],UDist3Unom [V];IDist1Unom [mA];IDist2Unom [mA];IDist3Unom [mA];IDist4Unom [mA];IDist5Unom [mA],,,11.901,,,,,,,,,0.002,,,,39.665,40.21,,500,1,1,,,,,,,,0.251,11.102,4.761,8.364,10.082,30.899,10.0,100.0,100.0,100.0,100.0,,,,,,,,,,,Dimensional / Alignment,Dimensional / Alignment
CC-260110377,1636143,330-020-396,1636143_CTX_LK_inductive_05.xlsx,Ferrite not centered within the Front cap & Shield,Worn-out tool part holder 301 484 and misalignment of ferrite due to that,2.158,324389,18833673,5615471,1,2,UDist3Unom [V];IDist3Unom [mA],UDist3Unom [V];IDist3Unom [mA],,,11.94,,,,,,,,,0.001,,,,40.113,41.088,,500,1,1,,,,,,,,0.214,11.028,4.659,8.307,10.039,39.678,4.328,21.506,11.386,17.182,19.925,,,,,,,,,,,Dimensional / Alignment,Dimensional / Alignment
CC-260110377,1636143,330-020-396,1636143_CTX_LK_inductive_05.xlsx,Ferrite not centered within the Front cap & Shield,Worn-out tool part holder 301 484 and misalignment of ferrite due to that,2.12,324486,18833968,5615471,1,2,UDist3Unom [V];IDist3Unom [mA],UDist3Unom [V];IDist3Unom [mA],,,11.96,,,,,,,,,0.001,,,,40.086,40.075,,500,1,1,,,,,,,,0.237,11.155,4.666,8.318,10.091,40.131,4.324,21.596,11.323,17.102,19.911,,,,,,,,,,,Dimensional / Alignment,Dimensional / Alignment
CC-260110377,1636143,330-020-396,1636143_CTX_LK_inductive_05.xlsx,Ferrite not centered within the Front cap & Shield,Worn-out tool part holder 301 484 and misalignment of ferrite due to that,2.104,324395,18833700,5615471,1,2,UDist3Unom [V];IDist3Unom [mA],UDist3Unom [V];IDist3Unom [mA],,,11.684,,,,,,,,,0.001,,,,40.1,40.935,,500,1,1,,,,,,,,0.141,11.095,4.669,8.336,10.074,39.556,4.138,21.439,11.284,17.081,19.827,,,,,,,,,,,Dimensional / Alignment,Dimensional / Alignment
CC-260110377,1636143,330-020-396,1636143_CTX_LK_inductive_05.xlsx,Ferrite not centered within the Front cap & Shield,Worn-out tool part holder 301 484 and misalignment of ferrite due to that,2.054,324424,18833827,5615471,1,2,UDist3Unom [V];IDist3Unom [mA],UDist3Unom [V];IDist3Unom [mA],,,11.848,,,,,,,,,0.001,,,,39.88,40.58,,500,1,1,,,,,,,,0.119,11.121,4.678,8.342,10.086,39.751,4.136,21.587,11.356,17.167,19.944,,,,,,,,,,,Dimensional / Alignment,Dimensional / Alignment
CC-260110377,1636143,330-020-396,1636143_CTX_LK_inductive_05.xlsx,Ferrite not centered within the Front cap & Shield,Worn-out tool part holder 301 484 and misalignment of ferrite due to that,1.754,324500,18834009,5615471,1,1,UDist3Unom [V],UDist3Unom [V],,,11.847,,,,,,,,,0.001,,,,39.909,39.849,,500,1,1,,,,,,,,0.268,11.056,4.733,8.371,10.083,39.963,4.414,21.64,11.54,17.358,20.084,,,,,,,,,,,Dimensional / Alignment,Dimensional / Alignment
CC-260110377,1636143,330-020-396,1636143_CTX_LK_inductive_05.xlsx,Ferrite not centered within the Front cap & Shield,Worn-out tool part holder 301 484 and misalignment of ferrite due to that,1.672,324483,18833959,5615471,1,2,UDist3Unom [V];IDist3Unom [mA],UDist3Unom [V];IDist3Unom [mA],,,11.795,,,,,,,,,0.001,,,,39.626,40.047,,500,1,1,,,,,,,,0.262,11.093,4.748,8.371,10.082,40.082,4.345,21.439,11.422,17.144,19.851,,,,,,,,,,,Dimensional / Alignment,Dimensional / Alignment
CC-260110377,1636143,330-020-396,1636143_CTX_LK_inductive_05.xlsx,Ferrite not centered within the Front cap & Shield,Worn-out tool part holder 301 484 and misalignment of ferrite due to that,0.162,324493,18833989,5615471,1,1,IDist3Unom [mA],IDist3Unom [mA],,,11.884,,,,,,,,,0.001,,,,40.077,40.865,,500,1,1,,,,,,,,0.297,11.063,4.812,8.413,10.092,39.957,4.374,21.31,11.467,17.132,19.779,,,,,,,,,,,Dimensional / Alignment,Dimensional / Alignment
CC-260712592,1665508,330-020-374,1665508_CTX_LK_inductive_07.xlsx,Gap between ferrite and front cap,FA Suspected root cause- Magnetic tool issue or operator does not put sensor desired time on magnetic tool,2.186,357513,19723548,5588463,1,2,UDist3Unom [V];UDist4Unom [V],UDist3Unom [V];UDist4Unom [V],,,11.394,,,,,,,,,0,,,,40.377,40.504,,500,1,1,,,,,,,,1.048,2.057,4.041,6.828,9.997,40.099,5.652,7.255,10.404,14.824,19.859,,,,,,,,,,,Dimensional / Alignment,Dimensional / Alignment
CC-260712592,1665508,330-020-374,1665508_CTX_LK_inductive_05.xlsx,Gap between ferrite and front cap,FA Suspected root cause- Magnetic tool issue or operator does not put sensor desired time on magnetic tool,1.924,357513,19723548,5588463,1,1,UDist4Unom [V],UDist4Unom [V],,,11.443,,,,,,,,,0.001,,,,40.497,40.646,,500,1,1,,,,,,,,1.154,2.143,4.102,6.853,9.983,40.24,5.824,7.391,10.502,14.868,19.836,,,,,,,,,,,Dimensional / Alignment,Dimensional / Alignment
CC-260712592,1665508,330-020-374,1665508_CTX_LK_inductive_07.xlsx,Gap between ferrite and front cap,FA Suspected root cause- Magnetic tool issue or operator does not put sensor desired time on magnetic tool,1.642,357516,19723551,5588463,1,2,UDist3Unom [V];UDist4Unom [V],UDist3Unom [V];UDist4Unom [V],,,11.397,,,,,,,,,0,,,,40.294,40.772,,500,1,1,,,,,,,,1.101,2.095,4.08,6.88,10.048,39.953,5.702,7.276,10.42,14.853,19.867,,,,,,,,,,,Dimensional / Alignment,Dimensional / Alignment
CC-25013043,2009410,330-010-017,2009410_CTX_LK_inductive_07.xlsx,ASIC loose,Suspected lack of solder bond between ASIC balls and solder pads of PCBA,0.0,,,,,1,eeprom_integrity [],eeprom_integrity [],,,,,,,,,,,,,,,,,,,,,,,,,,,,,,,,,,,,,,,,,,,,,,,,,,ASIC / EEPROM,ASIC / EEPROM
CC-25013043,2009410,330-010-017,2009410_CTX_LK_inductive_07.xlsx,ASIC loose,Suspected lack of solder bond between ASIC balls and solder pads of PCBA,0.0,,,,,1,eeprom_integrity [],eeprom_integrity [],,,,,,,,,,,,,,,,,,,,,,,,,,,,,,,,,,,,,,,,,,,,,,,,,,ASIC / EEPROM,ASIC / EEPROM
CC-25013043,2009410,330-010-017,2009410_CTX_LK_inductive_07.xlsx,ASIC loose,Suspected lack of solder bond between ASIC balls and solder pads of PCBA,0.0,,,,,1,eeprom_integrity [],eeprom_integrity [],,,,,,,,,,,,,,,,,,,,,,,,,,,,,,,,,,,,,,,,,,,,,,,,,,ASIC / EEPROM,ASIC / EEPROM
CC-260310952,1646678,330-020-396,1646678_CTX_LK_inductive_07.xlsx,Eeprom 7026 - ferrite not centered,Worn-out tool part holder 301 484 and misalignment of ferrite due to that,0.0,,,,,1,eeprom_integrity [],eeprom_integrity [],,,,,,,,,,,,,,,,,,,,1,1,,,,,,,,,,,,,,,,,,,,,,,,,,,,,Dimensional / Alignment,Dimensional / Alignment
CC-260310952,1646678,330-020-396,1646678_CTX_LK_inductive_07.xlsx,Eeprom 7026 - ferrite not centered,Worn-out tool part holder 301 484 and misalignment of ferrite due to that,0.0,,,,,1,eeprom_integrity [],eeprom_integrity [],,,,,,,,,,,,,,,,,,,,1,1,,,,,,,,,,,,,,,,,,,,,,,,,,,,,Dimensional / Alignment,Dimensional / Alignment
CC-260310952,1646678,330-020-396,1646678_CTX_LK_inductive_07.xlsx,Eeprom 7026 - ferrite not centered,Worn-out tool part holder 301 484 and misalignment of ferrite due to that,0.0,,,,,1,eeprom_integrity [],eeprom_integrity [],,,,,,,,,,,,,,,,,,,,1,1,,,,,,,,,,,,,,,,,,,,,,,,,,,,,Dimensional / Alignment,Dimensional / Alignment
CC-260310952,1646678,330-020-396,1646678_CTX_LK_inductive_07.xlsx,Eeprom 7026 - ferrite not centered,Worn-out tool part holder 301 484 and misalignment of ferrite due to that,0.0,,,,,1,eeprom_integrity [],eeprom_integrity [],,,,,,,,,,,,,,,,,,,,1,1,,,,,,,,,,,,,,,,,,,,,,,,,,,,,Dimensional / Alignment,Dimensional / Alignment
CC-260310952,1646678,330-020-396,1646678_CTX_LK_inductive_07.xlsx,Eeprom 7026 - ferrite not centered,Worn-out tool part holder 301 484 and misalignment of ferrite due to that,0.0,,,,,1,eeprom_integrity [],eeprom_integrity [],,,,,,,,,,,,,,,,,,,,1,1,,,,,,,,,,,,,,,,,,,,,,,,,,,,,Dimensional / Alignment,Dimensional / Alignment
CC-25012236,2004884,330-010-085,2004884_CTX_LK_inductive_06.xlsx,Flex damage,"Using unskilled operator in the process, 821",0.0,,,,,1,eeprom_integrity [],eeprom_integrity [],,,,,,,,,,,,,,,,,,,,,,,,,,,,,,,,,,,,,,,,,,,,,,,,,,Flex / PCB / Solder / Wiring,Flex / PCB / Solder / Wiring
CC-25012236,2004884,330-010-085,2004884_CTX_LK_inductive_06.xlsx,Flex damage,"Using unskilled operator in the process, 821",0.0,,,,,1,eeprom_integrity [],eeprom_integrity [],,,,,,,,,,,,,,,,,,,,,,,,,,,,,,,,,,,,,,,,,,,,,,,,,,Flex / PCB / Solder / Wiring,Flex / PCB / Solder / Wiring
CC-25012236,2004884,330-010-085,2004884_CTX_LK_inductive_06.xlsx,Flex damage,"Using unskilled operator in the process, 821",0.0,,,,,1,eeprom_integrity [],eeprom_integrity [],,,,,,,,,,,,,,,,,,,,,,,,,,,,,,,,,,,,,,,,,,,,,,,,,,Flex / PCB / Solder / Wiring,Flex / PCB / Solder / Wiring
CC-25012236,2004884,330-010-085,2004884_CTX_LK_inductive_06.xlsx,Flex damage,"Using unskilled operator in the process, 821",0.0,,,,,1,eeprom_integrity [],eeprom_integrity [],,,,,,,,,,,,,,,,,,,,,,,,,,,,,,,,,,,,,,,,,,,,,,,,,,Flex / PCB / Solder / Wiring,Flex / PCB / Solder / Wiring
CC-25012235,2004884,330-010-085,2004884_CTX_LK_inductive_06.xlsx,Flex damage,"Using unskilled operator in the process, 821",0.0,,,,,1,eeprom_integrity [],eeprom_integrity [],,,,,,,,,,,,,,,,,,,,,,,,,,,,,,,,,,,,,,,,,,,,,,,,,,Flex / PCB / Solder / Wiring,Flex / PCB / Solder / Wiring
CC-25012235,2004884,330-010-085,2004884_CTX_LK_inductive_06.xlsx,Flex damage,"Using unskilled operator in the process, 821",0.0,,,,,1,eeprom_integrity [],eeprom_integrity [],,,,,,,,,,,,,,,,,,,,,,,,,,,,,,,,,,,,,,,,,,,,,,,,,,Flex / PCB / Solder / Wiring,Flex / PCB / Solder / Wiring
CC-25012235,2004884,330-010-085,2004884_CTX_LK_inductive_06.xlsx,Flex damage,"Using unskilled operator in the process, 821",0.0,,,,,1,eeprom_integrity [],eeprom_integrity [],,,,,,,,,,,,,,,,,,,,,,,,,,,,,,,,,,,,,,,,,,,,,,,,,,Flex / PCB / Solder / Wiring,Flex / PCB / Solder / Wiring
CC-25012238,2004884,330-010-085,2004884_CTX_LK_inductive_06.xlsx,Flex damage,"Using unskilled operator in the process, 821",0.0,,,,,1,eeprom_integrity [],eeprom_integrity [],,,,,,,,,,,,,,,,,,,,,,,,,,,,,,,,,,,,,,,,,,,,,,,,,,Flex / PCB / Solder / Wiring,Flex / PCB / Solder / Wiring
CC-25012238,2004884,330-010-085,2004884_CTX_LK_inductive_06.xlsx,Flex damage,"Using unskilled operator in the process, 821",0.0,,,,,1,eeprom_integrity [],eeprom_integrity [],,,,,,,,,,,,,,,,,,,,,,,,,,,,,,,,,,,,,,,,,,,,,,,,,,Flex / PCB / Solder / Wiring,Flex / PCB / Solder / Wiring
CC-25012238,2004884,330-010-085,2004884_CTX_LK_inductive_06.xlsx,Flex damage,"Using unskilled operator in the process, 821",0.0,,,,,1,eeprom_integrity [],eeprom_integrity [],,,,,,,,,,,,,,,,,,,,,,,,,,,,,,,,,,,,,,,,,,,,,,,,,,Flex / PCB / Solder / Wiring,Flex / PCB / Solder / Wiring
CC-25012238,2004884,330-010-085,2004884_CTX_LK_inductive_06.xlsx,Flex damage,"Using unskilled operator in the process, 821",0.0,,,,,1,eeprom_integrity [],eeprom_integrity [],,,,,,,,,,,,,,,,,,,,,,,,,,,,,,,,,,,,,,,,,,,,,,,,,,Flex / PCB / Solder / Wiring,Flex / PCB / Solder / Wiring
CC-25012238,2004884,330-010-085,2004884_CTX_LK_inductive_06.xlsx,Flex damage,"Using unskilled operator in the process, 821",0.0,,,,,1,eeprom_integrity [],eeprom_integrity [],,,,,,,,,,,,,,,,,,,,,,,,,,,,,,,,,,,,,,,,,,,,,,,,,,Flex / PCB / Solder / Wiring,Flex / PCB / Solder / Wiring
CC-25012238,2004884,330-010-085,2004884_CTX_LK_inductive_06.xlsx,Flex damage,"Using unskilled operator in the process, 821",0.0,,,,,1,eeprom_integrity [],eeprom_integrity [],,,,,,,,,,,,,,,,,,,,,,,,,,,,,,,,,,,,,,,,,,,,,,,,,,Flex / PCB / Solder / Wiring,Flex / PCB / Solder / Wiring
CC-25012238,2004884,330-010-085,2004884_CTX_LK_inductive_06.xlsx,Flex damage,"Using unskilled operator in the process, 821",0.0,,,,,1,eeprom_integrity [],eeprom_integrity [],,,,,,,,,,,,,,,,,,,,,,,,,,,,,,,,,,,,,,,,,,,,,,,,,,Flex / PCB / Solder / Wiring,Flex / PCB / Solder / Wiring
CC-25012238,2004884,330-010-085,2004884_CTX_LK_inductive_06.xlsx,Flex damage,"Using unskilled operator in the process, 821",0.0,,,,,1,eeprom_integrity [],eeprom_integrity [],,,,,,,,,,,,,,,,,,,,,,,,,,,,,,,,,,,,,,,,,,,,,,,,,,Flex / PCB / Solder / Wiring,Flex / PCB / Solder / Wiring
CC-25012238,2004884,330-010-085,2004884_CTX_LK_inductive_06.xlsx,Flex damage,"Using unskilled operator in the process, 821",0.0,,,,,2,IcPreconfig [0/1];eeprom_integrity [],eeprom_integrity [],,,,,,,,,,,,,,,,,,,,0.0,1,,,,,,,,,,,,,,,,,,,,,,,,,,,,,Flex / PCB / Solder / Wiring,Flex / PCB / Solder / Wiring
CC-25012238,2004884,330-010-085,2004884_CTX_LK_inductive_06.xlsx,Flex damage,"Using unskilled operator in the process, 821",0.0,,,,,1,eeprom_integrity [],eeprom_integrity [],,,,,,,,,,,,,,,,,,,,,,,,,,,,,,,,,,,,,,,,,,,,,,,,,,Flex / PCB / Solder / Wiring,Flex / PCB / Solder / Wiring
CC-25012237,2004884,330-010-085,2004884_CTX_LK_inductive_06.xlsx,Flex damage,Lack of concentration to the process,0.0,,,,,1,eeprom_integrity [],eeprom_integrity [],,,,,,,,,,,,,,,,,,,,,,,,,,,,,,,,,,,,,,,,,,,,,,,,,,Flex / PCB / Solder / Wiring,Flex / PCB / Solder / Wiring
CC-25012237,2004884,330-010-085,2004884_CTX_LK_inductive_06.xlsx,Flex damage,Lack of concentration to the process,0.0,,,,,1,eeprom_integrity [],eeprom_integrity [],,,,,,,,,,,,,,,,,,,,,,,,,,,,,,,,,,,,,,,,,,,,,,,,,,Flex / PCB / Solder / Wiring,Flex / PCB / Solder / Wiring
CC-25012237,2004884,330-010-085,2004884_CTX_LK_inductive_06.xlsx,Flex damage,Lack of concentration to the process,0.0,,,,,1,eeprom_integrity [],eeprom_integrity [],,,,,,,,,,,,,,,,,,,,,,,,,,,,,,,,,,,,,,,,,,,,,,,,,,Flex / PCB / Solder / Wiring,Flex / PCB / Solder / Wiring
CC-25012237,2004884,330-010-085,2004884_CTX_LK_inductive_06.xlsx,Flex damage,Lack of concentration to the process,0.0,,,,,1,eeprom_integrity [],eeprom_integrity [],,,,,,,,,,,,,,,,,,,,,,,,,,,,,,,,,,,,,,,,,,,,,,,,,,Flex / PCB / Solder / Wiring,Flex / PCB / Solder / Wiring
CC-25012237,2004884,330-010-085,2004884_CTX_LK_inductive_06.xlsx,Flex damage,Lack of concentration to the process,0.0,,,,,1,eeprom_integrity [],eeprom_integrity [],,,,,,,,,,,,,,,,,,,,,,,,,,,,,,,,,,,,,,,,,,,,,,,,,,Flex / PCB / Solder / Wiring,Flex / PCB / Solder / Wiring
CC-25012237,2004884,330-010-085,2004884_CTX_LK_inductive_06.xlsx,Flex damage,Lack of concentration to the process,0.0,,,,,1,eeprom_integrity [],eeprom_integrity [],,,,,,,,,,,,,,,,,,,,,,,,,,,,,,,,,,,,,,,,,,,,,,,,,,Flex / PCB / Solder / Wiring,Flex / PCB / Solder / Wiring
CC-25012237,2004884,330-010-085,2004884_CTX_LK_inductive_06.xlsx,Flex damage,Lack of concentration to the process,0.0,,,,,1,eeprom_integrity [],eeprom_integrity [],,,,,,,,,,,,,,,,,,,,,,,,,,,,,,,,,,,,,,,,,,,,,,,,,,Flex / PCB / Solder / Wiring,Flex / PCB / Solder / Wiring
CC-25012237,2004884,330-010-085,2004884_CTX_LK_inductive_06.xlsx,Flex damage,Lack of concentration to the process,0.0,,,,,1,eeprom_integrity [],eeprom_integrity [],,,,,,,,,,,,,,,,,,,,,,,,,,,,,,,,,,,,,,,,,,,,,,,,,,Flex / PCB / Solder / Wiring,Flex / PCB / Solder / Wiring
CC-25012237,2004884,330-010-085,2004884_CTX_LK_inductive_06.xlsx,Flex damage,Lack of concentration to the process,0.0,,,,,2,IcPreconfig [0/1];eeprom_integrity [],eeprom_integrity [],,,,,,,,,,,,,,,,,,,,0.0,1,,,,,,,,,,,,,,,,,,,,,,,,,,,,,Flex / PCB / Solder / Wiring,Flex / PCB / Solder / Wiring
CC-25012237,2004884,330-010-085,2004884_CTX_LK_inductive_06.xlsx,Flex damage,Lack of concentration to the process,0.0,,,,,1,eeprom_integrity [],eeprom_integrity [],,,,,,,,,,,,,,,,,,,,,,,,,,,,,,,,,,,,,,,,,,,,,,,,,,Flex / PCB / Solder / Wiring,Flex / PCB / Solder / Wiring
CC-25012951,2008779,330-010-010,2008779_CTX_LK_inductive_01.xlsx,ASIC loose,Suspected lack of solder bond between ASIC balls and solder pads of PCBA,0.0,,,,,1,eeprom_integrity [],eeprom_integrity [],,,,,,,,,,,,,,,,,,,,,,,,,,,,,,,,,,,,,,,,,,,,,,,,,,ASIC / EEPROM,ASIC / EEPROM
CC-25012951,2008779,330-010-010,2008779_CTX_LK_inductive_01.xlsx,ASIC loose,Suspected lack of solder bond between ASIC balls and solder pads of PCBA,0.0,,,,,1,eeprom_integrity [],eeprom_integrity [],,,,,,,,,,,,,,,,,,,,,,,,,,,,,,,,,,,,,,,,,,,,,,,,,,ASIC / EEPROM,ASIC / EEPROM
CC-25012951,2008779,330-010-010,2008779_CTX_LK_inductive_01.xlsx,ASIC loose,Suspected lack of solder bond between ASIC balls and solder pads of PCBA,0.0,,,,,2,VRCUmeasurement [];eeprom_integrity [],eeprom_integrity [],,,,,,,,,,,,,,,,,,,,1,1,,,,,,,,,,,,,,,,,,,,,,,,,,,,,ASIC / EEPROM,ASIC / EEPROM
CC-25012952,2008779,330-010-010,2008779_CTX_LK_inductive_01.xlsx,ASIC bridge,"Solder bridge under the ASIC, supplier issue",0.0,,,,,1,eeprom_integrity [],eeprom_integrity [],,,,,,,,,,,,,,,,,,,,,,,,,,,,,,,,,,,,,,,,,,,,,,,,,,ASIC / EEPROM,ASIC / EEPROM
CC-25012952,2008779,330-010-010,2008779_CTX_LK_inductive_01.xlsx,ASIC bridge,"Solder bridge under the ASIC, supplier issue",0.0,,,,,1,eeprom_integrity [],eeprom_integrity [],,,,,,,,,,,,,,,,,,,,,,,,,,,,,,,,,,,,,,,,,,,,,,,,,,ASIC / EEPROM,ASIC / EEPROM
CC-25012952,2008779,330-010-010,2008779_CTX_LK_inductive_01.xlsx,ASIC bridge,"Solder bridge under the ASIC, supplier issue",0.0,,,,,2,VRCUmeasurement [];eeprom_integrity [],eeprom_integrity [],,,,,,,,,,,,,,,,,,,,1,1,,,,,,,,,,,,,,,,,,,,,,,,,,,,,ASIC / EEPROM,ASIC / EEPROM
CC-25013940,1536628,330-020-367,1536628_CTX_LK_inductive_05.xlsx,Gap between ferrite and front cap,Applied excess glue on ferrite,10.387,230009,16011569,5592230,1,4,UDist3Unom [V];UDist4Unom [V];IDist3Unom [mA];IDist4Unom [mA],UDist3Unom [V];UDist4Unom [V];IDist3Unom [mA];IDist4Unom [mA],,,10.354,,,,,,,,,0.001,,,,38.758,39.122,,500,1,1,,,,,,,,0.319,9.982,6.067,9.343,9.797,39.683,4.414,19.755,16.533,18.74,19.45,,,,,,,,,,,Dimensional / Alignment,Dimensional / Alignment
CC-25013940,1536628,330-020-367,1536628_CTX_LK_inductive_05.xlsx,Gap between ferrite and front cap,Applied excess glue on ferrite,7.97,230049,16011755,5592230,1,4,UDist3Unom [V];UDist4Unom [V];IDist3Unom [mA];IDist4Unom [mA],UDist3Unom [V];UDist4Unom [V];IDist3Unom [mA];IDist4Unom [mA],,,10.301,,,,,,,,,0.002,,,,39.471,40.29,,500,1,1,,,,,,,,0.132,10.252,6.572,8.933,9.799,38.882,4.172,20.292,14.441,18.182,19.567,,,,,,,,,,,Dimensional / Alignment,Dimensional / Alignment
CC-25013940,1536628,330-020-367,1536628_CTX_LK_inductive_05.xlsx,Gap between ferrite and front cap,Applied excess glue on ferrite,6.481,230066,16011835,5592230,1,3,UDist3Unom [V];UDist4Unom [V];IDist3Unom [mA],UDist3Unom [V];UDist4Unom [V];IDist3Unom [mA],,,10.161,,,,,,,,,0.001,,,,39.287,40.272,,500,1,1,,,,,,,,0.061,10.288,6.315,8.855,9.788,39.623,4.05,20.301,14.014,18.03,19.512,,,,,,,,,,,Dimensional / Alignment,Dimensional / Alignment
CC-25013940,1536628,330-020-367,1536628_CTX_LK_inductive_05.xlsx,Gap between ferrite and front cap,Applied excess glue on ferrite,4.564,230069,16011853,5592230,1,3,UDist3Unom [V];UDist4Unom [V];IDist3Unom [mA],UDist3Unom [V];UDist4Unom [V];IDist3Unom [mA],,,10.26,,,,,,,,,0.002,,,,39.262,40.649,,500,1,1,,,,,,,,0.062,10.416,5.984,8.731,9.81,39.288,3.952,20.418,13.38,17.746,19.453,,,,,,,,,,,Dimensional / Alignment,Dimensional / Alignment
CC-25013940,1536628,330-020-367,1536628_CTX_LK_inductive_05.xlsx,Gap between ferrite and front cap,Applied excess glue on ferrite,3.985,230000,16011514,5592230,1,2,UDist3Unom [V];IDist3Unom [mA],UDist3Unom [V];IDist3Unom [mA],,,10.323,,,,,,,,,0.002,,,,40.176,40.685,,500,1,1,,,,,,,,0.062,10.46,5.884,8.657,9.794,40.173,4.065,20.642,13.354,17.769,19.587,,,,,,,,,,,Dimensional / Alignment,Dimensional / Alignment
CC-25013940,1536628,330-020-367,1536628_CTX_LK_inductive_05.xlsx,Gap between ferrite and front cap,Applied excess glue on ferrite,3.893,230065,16011829,5592230,1,1,UDist3Unom [V],UDist3Unom [V],,,10.242,,,,,,,,,0.002,,,,39.174,39.064,,500,1,1,,,,,,,,0.062,10.448,5.868,8.64,9.786,39.298,4.011,20.531,13.263,17.66,19.476,,,,,,,,,,,Dimensional / Alignment,Dimensional / Alignment
CC-25013196,1523717,330-020-380,1523717_CTX_LK_inductive_07.xlsx,Gap between ferrite and front cap,Loctite 480 adhesion issue,22.807,212862,15363798,5592941,1,4,UDist1Unom [V];UDist3Unom [V];UDist4Unom [V];IDist3Unom [mA],UDist1Unom [V];UDist3Unom [V];UDist4Unom [V];IDist3Unom [mA],,,8.627,,,,,,,,,0,,,,40.262,40.422,,500,1,1,,,,,,,,0.649,5.53,2.156,4.116,5.02,40.047,1.323,5.282,2.537,4.129,4.864,,,,,,,,,,,Dimensional / Alignment,Dimensional / Alignment
CC-25013196,1523717,330-020-380,1523717_CTX_LK_inductive_06.xlsx,Gap between ferrite and front cap,Loctite 480 adhesion issue,20.711,212862,15363798,5592941,1,5,UDist1Unom [V];UDist3Unom [V];UDist4Unom [V];IDist3Unom [mA];IDist4Unom [mA],UDist1Unom [V];UDist3Unom [V];UDist4Unom [V];IDist3Unom [mA];IDist4Unom [mA],,,8.619,,,,,,,,,0.002,,,,40.194,40.386,,500,1,1,,,,,,,,0.595,5.567,2.013,4.054,5.021,40,1.275,5.312,2.421,4.082,4.87,,,,,,,,,,,Dimensional / Alignment,Dimensional / Alignment
CC-25013196,1523717,330-020-380,1523717_CTX_LK_inductive_07.xlsx,Gap between ferrite and front cap,Loctite 480 adhesion issue,6.659,212893,15363881,5592941,1,2,UDist3Unom [V];IDist3Unom [mA],UDist3Unom [V];IDist3Unom [mA],,,8.546,,,,,,,,,0,,,,40.151,40.772,,500,1,1,,,,,,,,0.194,5.225,3.273,4.573,5.009,40.556,0.95,5.01,3.429,4.483,4.836,,,,,,,,,,,Dimensional / Alignment,Dimensional / Alignment
CC-25013196,1523717,330-020-380,1523717_CTX_LK_inductive_06.xlsx,Gap between ferrite and front cap,Loctite 480 adhesion issue,6.227,212893,15363881,5592941,1,2,UDist3Unom [V];IDist3Unom [mA],UDist3Unom [V];IDist3Unom [mA],,,8.531,,,,,,,,,0.002,,,,40.084,40.733,,500,1,1,,,,,,,,0.242,5.203,3.239,4.551,4.989,40.516,0.988,4.994,3.404,4.465,4.821,,,,,,,,,,,Dimensional / Alignment,Dimensional / Alignment
CC-25013196,1523717,330-020-380,1523717_CTX_LK_inductive_06.xlsx,Gap between ferrite and front cap,Loctite 480 adhesion issue,5.863,212888,15363870,5592941,1,3,UDist3Unom [V];UDist4Unom [V];IDist3Unom [mA],UDist3Unom [V];UDist4Unom [V];IDist3Unom [mA],,,8.46,,,,,,,,,0.002,,,,40.151,40.963,,500,1,1,,,,,,,,0.205,5.45,2.302,4.125,4.972,40.462,0.959,5.186,2.643,4.116,4.803,,,,,,,,,,,Dimensional / Alignment,Dimensional / Alignment
CC-25057882,2027014,330-010-017,2027014_CTX_LK_inductive_02.xlsx,Coil damage,Suspected Coil damaged form top side during cap rework process in housing due cap popup issue.,0.0,,,,,2,VRCUmeasurement [];eeprom_integrity [],eeprom_integrity [],,,,,,,,,,,,,,,,,,,,1,1,,,,,,,,,,,,,,,,,,,,,,,,,,,,,Coil,Coil
CC-25057882,2027014,330-010-017,2027014_CTX_LK_inductive_02.xlsx,Coil damage,Suspected Coil damaged form top side during cap rework process in housing due cap popup issue.,0.0,,,,,2,VRCUmeasurement [];eeprom_integrity [],eeprom_integrity [],,,,,,,,,,,,,,,,,,,,1,1,,,,,,,,,,,,,,,,,,,,,,,,,,,,,Coil,Coil
CC-25057882,2027014,330-010-017,2027014_CTX_LK_inductive_02.xlsx,Coil damage,Suspected Coil damaged form top side during cap rework process in housing due cap popup issue.,0.0,,,,,2,VRCUmeasurement [];eeprom_integrity [],eeprom_integrity [],,,,,,,,,,,,,,,,,,,,1,1,,,,,,,,,,,,,,,,,,,,,,,,,,,,,Coil,Coil
CC-25057882,2027014,330-010-017,2027014_CTX_LK_inductive_02.xlsx,Coil damage,Suspected Coil damaged form top side during cap rework process in housing due cap popup issue.,0.0,,,,,2,VRCUmeasurement [];eeprom_integrity [],eeprom_integrity [],,,,,,,,,,,,,,,,,,,,1,1,,,,,,,,,,,,,,,,,,,,,,,,,,,,,Coil,Coil
CC-25109462,1612941,330-020-356,1612941_CTX_LK_inductive_06.xlsx,Shield low level and not correctly solder shield.,Not correctly shield solder and position according to the GB.,10.83,298570,18174560,5615473,1,3,UDist3Unom [V];UDist4Unom [V];UDist5Unom [V],UDist3Unom [V];UDist4Unom [V];UDist5Unom [V],,,6.582,,,,,,,,,0.006,,,,39.791,40.525,,500,1,1,,,,,,,,0.057,5.412,2.271,5.416,5.417,,,,,,,,,,,,,,,,,Dimensional / Alignment,Dimensional / Alignment
CC-25109462,1612941,330-020-356,1612941_CTX_LK_inductive_06.xlsx,Shield low level and not correctly solder shield.,Not correctly shield solder and position according to the GB.,2.203,298546,18174484,5615473,1,2,UDist3Unom [V];UDist4Unom [V],UDist3Unom [V];UDist4Unom [V],,,6.465,,,,,,,,,0.006,,,,40.15,40.408,,500,1,1,,,,,,,,0.057,5.455,2.133,3.915,4.902,,,,,,,,,,,,,,,,,Dimensional / Alignment,Dimensional / Alignment
CC-25109462,1612941,330-020-356,1612941_CTX_LK_inductive_06.xlsx,Shield low level and not correctly solder shield.,Not correctly shield solder and position according to the GB.,2.172,298532,18174414,5615473,1,2,UDist3Unom [V];UDist4Unom [V],UDist3Unom [V];UDist4Unom [V],,,6.548,,,,,,,,,0.006,,,,39.61,40.475,,500,1,1,,,,,,,,0.058,5.437,2.139,3.926,4.897,,,,,,,,,,,,,,,,,Dimensional / Alignment,Dimensional / Alignment
CC-25109462,1612941,330-020-356,1612941_CTX_LK_inductive_06.xlsx,Shield low level and not correctly solder shield.,Not correctly shield solder and position according to the GB.,2.162,298564,18174543,5615473,1,2,UDist3Unom [V];UDist4Unom [V],UDist3Unom [V];UDist4Unom [V],,,6.727,,,,,,,,,0.002,,,,39.888,40.848,,500,1,1,,,,,,,,0.058,5.433,2.141,3.924,4.904,,,,,,,,,,,,,,,,,Dimensional / Alignment,Dimensional / Alignment
CC-25109462,1612941,330-020-356,1612941_CTX_LK_inductive_06.xlsx,Shield low level and not correctly solder shield.,Not correctly shield solder and position according to the GB.,2.136,298486,18174149,5615473,1,2,UDist3Unom [V];UDist4Unom [V],UDist3Unom [V];UDist4Unom [V],,,6.555,,,,,,,,,0.002,,,,40.071,40.831,,500,1,1,,,,,,,,0.058,5.5,2.146,3.962,4.972,,,,,,,,,,,,,,,,,Dimensional / Alignment,Dimensional / Alignment
CC-25109462,1612941,330-020-356,1612941_CTX_LK_inductive_06.xlsx,Shield low level and not correctly solder shield.,Not correctly shield solder and position according to the GB.,2.1,298491,18174168,5615473,1,2,UDist3Unom [V];UDist4Unom [V],UDist3Unom [V];UDist4Unom [V],,,6.627,,,,,,,,,0.002,,,,39.968,40.462,,500,1,1,,,,,,,,0.057,5.396,2.153,3.95,4.924,,,,,,,,,,,,,,,,,Dimensional / Alignment,Dimensional / Alignment
CC-25109462,1612941,330-020-356,1612941_CTX_LK_inductive_06.xlsx,Shield low level and not correctly solder shield.,Not correctly shield solder and position according to the GB.,2.069,298544,18174472,5615473,1,2,UDist3Unom [V];UDist4Unom [V],UDist3Unom [V];UDist4Unom [V],,,6.534,,,,,,,,,0.006,,,,40.315,40.316,,500,1,1,,,,,,,,0.058,5.456,2.159,3.946,4.908,,,,,,,,,,,,,,,,,Dimensional / Alignment,Dimensional / Alignment
CC-25109462,1612941,330-020-356,1612941_CTX_LK_inductive_08.xlsx,Shield low level and not correctly solder shield.,Not correctly shield solder and position according to the GB.,2.069,298497,18174188,5615473,1,2,UDist3Unom [V];UDist4Unom [V],UDist3Unom [V];UDist4Unom [V],,,6.534,,,,,,,,,0,,,,40.467,40.94,,500,1,1,,,,,,,,0.055,5.483,2.159,3.936,4.94,,,,,,,,,,,,,,,,,Dimensional / Alignment,Dimensional / Alignment
CC-25109462,1612941,330-020-356,1612941_CTX_LK_inductive_06.xlsx,Shield low level and not correctly solder shield.,Not correctly shield solder and position according to the GB.,2.058,298505,18174217,5615473,1,2,UDist3Unom [V];UDist4Unom [V],UDist3Unom [V];UDist4Unom [V],,,6.571,,,,,,,,,0.002,,,,40.254,40.386,,500,1,1,,,,,,,,0.057,5.462,2.161,3.963,4.95,,,,,,,,,,,,,,,,,Dimensional / Alignment,Dimensional / Alignment
CC-25109462,1612941,330-020-356,1612941_CTX_LK_inductive_06.xlsx,Shield low level and not correctly solder shield.,Not correctly shield solder and position according to the GB.,2.048,298538,18174450,5615473,1,2,UDist3Unom [V];UDist4Unom [V],UDist3Unom [V];UDist4Unom [V],,,6.569,,,,,,,,,0.006,,,,39.93,40.679,,500,1,1,,,,,,,,0.057,5.447,2.163,3.937,4.905,,,,,,,,,,,,,,,,,Dimensional / Alignment,Dimensional / Alignment
CC-25109462,1612941,330-020-356,1612941_CTX_LK_inductive_06.xlsx,Shield low level and not correctly solder shield.,Not correctly shield solder and position according to the GB.,2.027,298517,18174340,5615473,1,2,UDist3Unom [V];UDist4Unom [V],UDist3Unom [V];UDist4Unom [V],,,6.471,,,,,,,,,0.001,,,,39.912,40.606,,500,1,1,,,,,,,,0.058,5.461,2.167,3.959,4.94,,,,,,,,,,,,,,,,,Dimensional / Alignment,Dimensional / Alignment
CC-25109462,1612941,330-020-356,1612941_CTX_LK_inductive_06.xlsx,Shield low level and not correctly solder shield.,Not correctly shield solder and position according to the GB.,1.991,298501,18174201,5615473,1,2,UDist3Unom [V];UDist4Unom [V],UDist3Unom [V];UDist4Unom [V],,,6.464,,,,,,,,,0.002,,,,40.071,40.66,,500,1,1,,,,,,,,0.057,5.445,2.174,3.953,4.911,,,,,,,,,,,,,,,,,Dimensional / Alignment,Dimensional / Alignment
CC-25109462,1612941,330-020-356,1612941_CTX_LK_inductive_06.xlsx,Shield low level and not correctly solder shield.,Not correctly shield solder and position according to the GB.,1.98,298484,18174142,5615473,1,2,UDist3Unom [V];UDist4Unom [V],UDist3Unom [V];UDist4Unom [V],,,6.455,,,,,,,,,0.002,,,,40.49,40.218,,500,1,1,,,,,,,,0.057,5.443,2.176,3.955,4.917,,,,,,,,,,,,,,,,,Dimensional / Alignment,Dimensional / Alignment
CC-25109462,1612941,330-020-356,1612941_CTX_LK_inductive_06.xlsx,Shield low level and not correctly solder shield.,Not correctly shield solder and position according to the GB.,1.965,298551,18174508,5615473,1,2,UDist3Unom [V];UDist4Unom [V],UDist3Unom [V];UDist4Unom [V],,,6.539,,,,,,,,,0.002,,,,39.887,40.623,,500,1,1,,,,,,,,0.058,5.438,2.179,3.965,4.935,,,,,,,,,,,,,,,,,Dimensional / Alignment,Dimensional / Alignment
CC-25109462,1612941,330-020-356,1612941_CTX_LK_inductive_06.xlsx,Shield low level and not correctly solder shield.,Not correctly shield solder and position according to the GB.,1.96,298528,18174396,5615473,1,2,UDist3Unom [V];UDist4Unom [V],UDist3Unom [V];UDist4Unom [V],,,6.464,,,,,,,,,0.001,,,,40.291,40.581,,500,1,1,,,,,,,,0.057,5.476,2.18,3.951,4.91,,,,,,,,,,,,,,,,,Dimensional / Alignment,Dimensional / Alignment
CC-25109462,1612941,330-020-356,1612941_CTX_LK_inductive_06.xlsx,Shield low level and not correctly solder shield.,Not correctly shield solder and position according to the GB.,1.923,298499,18174196,5615473,1,2,UDist3Unom [V];UDist4Unom [V],UDist3Unom [V];UDist4Unom [V],,,6.479,,,,,,,,,0.002,,,,40.09,41.103,,500,1,1,,,,,,,,0.057,5.437,2.187,3.962,4.911,,,,,,,,,,,,,,,,,Dimensional / Alignment,Dimensional / Alignment
CC-25109462,1612941,330-020-356,1612941_CTX_LK_inductive_08.xlsx,Shield low level and not correctly solder shield.,Not correctly shield solder and position according to the GB.,1.923,298542,18174464,5615473,1,2,UDist3Unom [V];UDist4Unom [V],UDist3Unom [V];UDist4Unom [V],,,6.491,,,,,,,,,0,,,,39.848,40.562,,500,1,1,,,,,,,,0.053,5.453,2.187,3.957,4.928,,,,,,,,,,,,,,,,,Dimensional / Alignment,Dimensional / Alignment
CC-25109462,1612941,330-020-356,1612941_CTX_LK_inductive_06.xlsx,Shield low level and not correctly solder shield.,Not correctly shield solder and position according to the GB.,1.918,298539,18174453,5615473,1,2,UDist3Unom [V];UDist4Unom [V],UDist3Unom [V];UDist4Unom [V],,,6.591,,,,,,,,,0.006,,,,39.765,40.675,,500,1,1,,,,,,,,0.057,5.395,2.188,3.967,4.919,,,,,,,,,,,,,,,,,Dimensional / Alignment,Dimensional / Alignment
CC-25109462,1612941,330-020-356,1612941_CTX_LK_inductive_06.xlsx,Shield low level and not correctly solder shield.,Not correctly shield solder and position according to the GB.,1.903,298561,18174534,5615473,1,2,UDist3Unom [V];UDist4Unom [V],UDist3Unom [V];UDist4Unom [V],,,6.585,,,,,,,,,0.002,,,,40.091,40.349,,500,1,1,,,,,,,,0.058,5.424,2.191,3.957,4.91,,,,,,,,,,,,,,,,,Dimensional / Alignment,Dimensional / Alignment
CC-25109462,1612941,330-020-356,1612941_CTX_LK_inductive_08.xlsx,Shield low level and not correctly solder shield.,Not correctly shield solder and position according to the GB.,1.903,298531,18174409,5615473,1,2,UDist3Unom [V];UDist4Unom [V],UDist3Unom [V];UDist4Unom [V],,,6.686,,,,,,,,,0,,,,40.163,40.572,,500,1,1,,,,,,,,0.054,5.425,2.191,3.955,4.924,,,,,,,,,,,,,,,,,Dimensional / Alignment,Dimensional / Alignment
CC-25109462,1612941,330-020-356,1612941_CTX_LK_inductive_06.xlsx,Shield low level and not correctly solder shield.,Not correctly shield solder and position according to the GB.,1.882,298500,18174200,5615473,1,2,UDist3Unom [V];UDist4Unom [V],UDist3Unom [V];UDist4Unom [V],,,6.588,,,,,,,,,0.002,,,,40.229,40.835,,500,1,1,,,,,,,,0.057,5.445,2.195,3.98,4.936,,,,,,,,,,,,,,,,,Dimensional / Alignment,Dimensional / Alignment
CC-25109462,1612941,330-020-356,1612941_CTX_LK_inductive_06.xlsx,Shield low level and not correctly solder shield.,Not correctly shield solder and position according to the GB.,1.866,298497,18174188,5615473,1,2,UDist3Unom [V];UDist4Unom [V],UDist3Unom [V];UDist4Unom [V],,,6.551,,,,,,,,,0.001,,,,40.53,40.986,,500,1,1,,,,,,,,0.058,5.451,2.198,3.978,4.943,,,,,,,,,,,,,,,,,Dimensional / Alignment,Dimensional / Alignment
CC-25109462,1612941,330-020-356,1612941_CTX_LK_inductive_08.xlsx,Shield low level and not correctly solder shield.,Not correctly shield solder and position according to the GB.,1.846,298480,18174122,5615473,1,2,UDist3Unom [V];UDist4Unom [V],UDist3Unom [V];UDist4Unom [V],,,6.519,,,,,,,,,0,,,,40.187,40.108,,500,1,1,,,,,,,,0.054,5.453,2.202,3.973,4.929,,,,,,,,,,,,,,,,,Dimensional / Alignment,Dimensional / Alignment
CC-25109462,1612941,330-020-356,1612941_CTX_LK_inductive_06.xlsx,Shield low level and not correctly solder shield.,Not correctly shield solder and position according to the GB.,1.84,298517,18174340,5615473,1,2,UDist3Unom [V];UDist4Unom [V],UDist3Unom [V];UDist4Unom [V],,,6.464,,,,,,,,,0.002,,,,39.897,40.541,,500,1,1,,,,,,,,0.058,5.467,2.203,3.984,4.948,,,,,,,,,,,,,,,,,Dimensional / Alignment,Dimensional / Alignment
CC-25109462,1612941,330-020-356,1612941_CTX_LK_inductive_06.xlsx,Shield low level and not correctly solder shield.,Not correctly shield solder and position according to the GB.,1.835,298510,18174275,5615473,1,2,UDist3Unom [V];UDist4Unom [V],UDist3Unom [V];UDist4Unom [V],,,6.532,,,,,,,,,0.002,,,,39.908,40.572,,500,1,1,,,,,,,,0.057,5.39,2.204,3.973,4.914,,,,,,,,,,,,,,,,,Dimensional / Alignment,Dimensional / Alignment
CC-25109462,1612941,330-020-356,1612941_CTX_LK_inductive_06.xlsx,Shield low level and not correctly solder shield.,Not correctly shield solder and position according to the GB.,1.835,298525,18174383,5615473,1,2,UDist3Unom [V];UDist4Unom [V],UDist3Unom [V];UDist4Unom [V],,,6.498,,,,,,,,,0.002,,,,40.239,40.856,,500,1,1,,,,,,,,0.057,5.447,2.204,3.992,4.947,,,,,,,,,,,,,,,,,Dimensional / Alignment,Dimensional / Alignment
CC-25109462,1612941,330-020-356,1612941_CTX_LK_inductive_06.xlsx,Shield low level and not correctly solder shield.,Not correctly shield solder and position according to the GB.,1.835,298550,18174505,5615473,1,2,UDist3Unom [V];UDist4Unom [V],UDist3Unom [V];UDist4Unom [V],,,6.647,,,,,,,,,0.002,,,,40.005,40.524,,500,1,1,,,,,,,,0.057,5.449,2.204,3.973,4.928,,,,,,,,,,,,,,,,,Dimensional / Alignment,Dimensional / Alignment
CC-25109462,1612941,330-020-356,1612941_CTX_LK_inductive_06.xlsx,Shield low level and not correctly solder shield.,Not correctly shield solder and position according to the GB.,1.82,298494,18174180,5615473,1,2,UDist3Unom [V];UDist4Unom [V],UDist3Unom [V];UDist4Unom [V],,,6.637,,,,,,,,,0.002,,,,40.371,40.805,,500,1,1,,,,,,,,0.058,5.473,2.207,3.978,4.938,,,,,,,,,,,,,,,,,Dimensional / Alignment,Dimensional / Alignment
CC-25109462,1612941,330-020-356,1612941_CTX_LK_inductive_06.xlsx,Shield low level and not correctly solder shield.,Not correctly shield solder and position according to the GB.,1.82,298553,18174515,5615473,1,2,UDist3Unom [V];UDist4Unom [V],UDist3Unom [V];UDist4Unom [V],,,6.597,,,,,,,,,0.002,,,,40.131,40.872,,500,1,1,,,,,,,,0.057,5.427,2.207,3.977,4.912,,,,,,,,,,,,,,,,,Dimensional / Alignment,Dimensional / Alignment
CC-25109462,1612941,330-020-356,1612941_CTX_LK_inductive_06.xlsx,Shield low level and not correctly solder shield.,Not correctly shield solder and position according to the GB.,1.82,298569,18174557,5615473,1,2,UDist3Unom [V];UDist4Unom [V],UDist3Unom [V];UDist4Unom [V],,,6.498,,,,,,,,,0.006,,,,40.121,40.427,,500,1,1,,,,,,,,0.057,5.431,2.207,3.975,4.917,,,,,,,,,,,,,,,,,Dimensional / Alignment,Dimensional / Alignment
CC-25109462,1612941,330-020-356,1612941_CTX_LK_inductive_06.xlsx,Shield low level and not correctly solder shield.,Not correctly shield solder and position according to the GB.,1.815,298523,18174370,5615473,1,2,UDist3Unom [V];UDist4Unom [V],UDist3Unom [V];UDist4Unom [V],,,6.509,,,,,,,,,0.006,,,,39.95,40.434,,500,1,1,,,,,,,,0.057,5.497,2.208,3.987,4.944,,,,,,,,,,,,,,,,,Dimensional / Alignment,Dimensional / Alignment
CC-25109462,1612941,330-020-356,1612941_CTX_LK_inductive_06.xlsx,Shield low level and not correctly solder shield.,Not correctly shield solder and position according to the GB.,1.799,298511,18174293,5615473,1,2,UDist3Unom [V];UDist4Unom [V],UDist3Unom [V];UDist4Unom [V],,,6.625,,,,,,,,,0.002,,,,39.64,40.568,,500,1,1,,,,,,,,0.057,5.449,2.211,3.986,4.931,,,,,,,,,,,,,,,,,Dimensional / Alignment,Dimensional / Alignment
CC-25109462,1612941,330-020-356,1612941_CTX_LK_inductive_06.xlsx,Shield low level and not correctly solder shield.,Not correctly shield solder and position according to the GB.,1.768,298562,18174539,5615473,1,2,UDist3Unom [V];UDist4Unom [V],UDist3Unom [V];UDist4Unom [V],,,6.507,,,,,,,,,0.002,,,,39.934,40.167,,500,1,1,,,,,,,,0.057,5.443,2.217,4.014,4.968,,,,,,,,,,,,,,,,,Dimensional / Alignment,Dimensional / Alignment
CC-25109462,1612941,330-020-356,1612941_CTX_LK_inductive_08.xlsx,Shield low level and not correctly solder shield.,Not correctly shield solder and position according to the GB.,1.768,298512,18174298,5615473,1,2,UDist3Unom [V];UDist4Unom [V],UDist3Unom [V];UDist4Unom [V],,,6.532,,,,,,,,,0,,,,39.75,40.748,,500,1,1,,,,,,,,0.054,5.414,2.217,3.967,4.925,,,,,,,,,,,,,,,,,Dimensional / Alignment,Dimensional / Alignment
CC-25109462,1612941,330-020-356,1612941_CTX_LK_inductive_06.xlsx,Shield low level and not correctly solder shield.,Not correctly shield solder and position according to the GB.,1.758,298518,18174345,5615473,1,2,UDist3Unom [V];UDist4Unom [V],UDist3Unom [V];UDist4Unom [V],,,6.621,,,,,,,,,0.002,,,,40.117,40.611,,500,1,1,,,,,,,,0.057,5.43,2.219,3.985,4.93,,,,,,,,,,,,,,,,,Dimensional / Alignment,Dimensional / Alignment
CC-25109462,1612941,330-020-356,1612941_CTX_LK_inductive_06.xlsx,Shield low level and not correctly solder shield.,Not correctly shield solder and position according to the GB.,1.752,298560,18174532,5615473,1,2,UDist3Unom [V];UDist4Unom [V],UDist3Unom [V];UDist4Unom [V],,,6.437,,,,,,,,,0.006,,,,40.399,40.807,,500,1,1,,,,,,,,0.058,5.43,2.22,3.999,4.945,,,,,,,,,,,,,,,,,Dimensional / Alignment,Dimensional / Alignment
CC-25109462,1612941,330-020-356,1612941_CTX_LK_inductive_06.xlsx,Shield low level and not correctly solder shield.,Not correctly shield solder and position according to the GB.,1.747,298565,18174545,5615473,1,3,TestIsolation [0/1];UDist3Unom [V];UDist4Unom [V],UDist3Unom [V];UDist4Unom [V],,,6.532,,,,,,,,,0.007,,,,39.623,40.296,,500.0,1,1,,,,,,,,0.057,5.46,2.221,3.991,4.941,,,,,,,,,,,,,,,,,Dimensional / Alignment,Dimensional / Alignment
CC-25109462,1612941,330-020-356,1612941_CTX_LK_inductive_08.xlsx,Shield low level and not correctly solder shield.,Not correctly shield solder and position according to the GB.,1.737,298490,18174165,5615473,1,2,UDist3Unom [V];UDist4Unom [V],UDist3Unom [V];UDist4Unom [V],,,6.57,,,,,,,,,0,,,,39.947,40.272,,500,1,1,,,,,,,,0.054,5.448,2.223,3.971,4.935,,,,,,,,,,,,,,,,,Dimensional / Alignment,Dimensional / Alignment
CC-25109462,1612941,330-020-356,1612941_CTX_LK_inductive_06.xlsx,Shield low level and not correctly solder shield.,Not correctly shield solder and position according to the GB.,1.716,298490,18174165,5615473,1,2,UDist3Unom [V];UDist4Unom [V],UDist3Unom [V];UDist4Unom [V],,,6.572,,,,,,,,,0.001,,,,39.988,40.259,,500,1,1,,,,,,,,0.058,5.405,2.227,3.977,4.912,,,,,,,,,,,,,,,,,Dimensional / Alignment,Dimensional / Alignment
CC-25109462,1612941,330-020-356,1612941_CTX_LK_inductive_06.xlsx,Shield low level and not correctly solder shield.,Not correctly shield solder and position according to the GB.,1.716,298515,18174332,5615473,1,2,UDist3Unom [V];UDist4Unom [V],UDist3Unom [V];UDist4Unom [V],,,6.485,,,,,,,,,0.002,,,,39.616,40.696,,500,1,1,,,,,,,,0.057,5.413,2.227,3.989,4.929,,,,,,,,,,,,,,,,,Dimensional / Alignment,Dimensional / Alignment
CC-25109462,1612941,330-020-356,1612941_CTX_LK_inductive_06.xlsx,Shield low level and not correctly solder shield.,Not correctly shield solder and position according to the GB.,1.711,298518,18174345,5615473,1,2,UDist3Unom [V];UDist4Unom [V],UDist3Unom [V];UDist4Unom [V],,,6.627,,,,,,,,,0.006,,,,40.161,40.667,,500,1,1,,,,,,,,0.057,5.418,2.228,3.984,4.918,,,,,,,,,,,,,,,,,Dimensional / Alignment,Dimensional / Alignment
CC-25109462,1612941,330-020-356,1612941_CTX_LK_inductive_06.xlsx,Shield low level and not correctly solder shield.,Not correctly shield solder and position according to the GB.,1.706,298547,18174491,5615473,1,2,UDist3Unom [V];UDist4Unom [V],UDist3Unom [V];UDist4Unom [V],,,6.558,,,,,,,,,0.002,,,,40.008,40.766,,500,1,1,,,,,,,,0.058,5.404,2.229,4.0,4.938,,,,,,,,,,,,,,,,,Dimensional / Alignment,Dimensional / Alignment
CC-25109462,1612941,330-020-356,1612941_CTX_LK_inductive_06.xlsx,Shield low level and not correctly solder shield.,Not correctly shield solder and position according to the GB.,1.701,298490,18174165,5615473,1,2,UDist3Unom [V];UDist4Unom [V],UDist3Unom [V];UDist4Unom [V],,,6.573,,,,,,,,,0.006,,,,39.968,40.259,,500,1,1,,,,,,,,0.057,5.429,2.23,3.993,4.936,,,,,,,,,,,,,,,,,Dimensional / Alignment,Dimensional / Alignment
CC-25109462,1612941,330-020-356,1612941_CTX_LK_inductive_06.xlsx,Shield low level and not correctly solder shield.,Not correctly shield solder and position according to the GB.,1.685,298559,18174530,5615473,1,2,UDist3Unom [V];UDist4Unom [V],UDist3Unom [V];UDist4Unom [V],,,6.375,,,,,,,,,0.002,,,,39.605,41.021,,500,1,1,,,,,,,,0.057,5.455,2.233,3.978,4.904,,,,,,,,,,,,,,,,,Dimensional / Alignment,Dimensional / Alignment
CC-25109462,1612941,330-020-356,1612941_CTX_LK_inductive_06.xlsx,Shield low level and not correctly solder shield.,Not correctly shield solder and position according to the GB.,1.654,298488,18174157,5615473,1,2,UDist3Unom [V];UDist4Unom [V],UDist3Unom [V];UDist4Unom [V],,,6.566,,,,,,,,,0.002,,,,39.979,40.633,,500,1,1,,,,,,,,0.057,5.457,2.239,3.999,4.927,,,,,,,,,,,,,,,,,Dimensional / Alignment,Dimensional / Alignment
CC-25109462,1612941,330-020-356,1612941_CTX_LK_inductive_06.xlsx,Shield low level and not correctly solder shield.,Not correctly shield solder and position according to the GB.,1.654,298542,18174464,5615473,1,2,UDist3Unom [V];UDist4Unom [V],UDist3Unom [V];UDist4Unom [V],,,6.49,,,,,,,,,0.002,,,,39.804,40.517,,500,1,1,,,,,,,,0.057,5.432,2.239,3.986,4.909,,,,,,,,,,,,,,,,,Dimensional / Alignment,Dimensional / Alignment
CC-25109462,1612941,330-020-356,1612941_CTX_LK_inductive_06.xlsx,Shield low level and not correctly solder shield.,Not correctly shield solder and position according to the GB.,1.644,298552,18174511,5615473,1,2,UDist3Unom [V];UDist4Unom [V],UDist3Unom [V];UDist4Unom [V],,,6.51,,,,,,,,,0.002,,,,39.667,41.033,,500,1,1,,,,,,,,0.057,5.423,2.241,3.987,4.908,,,,,,,,,,,,,,,,,Dimensional / Alignment,Dimensional / Alignment
CC-25109462,1612941,330-020-356,1612941_CTX_LK_inductive_06.xlsx,Shield low level and not correctly solder shield.,Not correctly shield solder and position according to the GB.,1.628,298556,18174522,5615473,1,2,UDist3Unom [V];UDist4Unom [V],UDist3Unom [V];UDist4Unom [V],,,6.541,,,,,,,,,0.002,,,,40.15,40.33,,500,1,1,,,,,,,,0.056,5.413,2.244,3.995,4.911,,,,,,,,,,,,,,,,,Dimensional / Alignment,Dimensional / Alignment
CC-25109462,1612941,330-020-356,1612941_CTX_LK_inductive_06.xlsx,Shield low level and not correctly solder shield.,Not correctly shield solder and position according to the GB.,1.628,298568,18174554,5615473,1,2,UDist3Unom [V];UDist4Unom [V],UDist3Unom [V];UDist4Unom [V],,,6.564,,,,,,,,,0.006,,,,39.937,40.45,,500,1,1,,,,,,,,0.056,5.488,2.244,4.012,4.946,,,,,,,,,,,,,,,,,Dimensional / Alignment,Dimensional / Alignment
CC-25109462,1612941,330-020-356,1612941_CTX_LK_inductive_08.xlsx,Shield low level and not correctly solder shield.,Not correctly shield solder and position according to the GB.,1.623,298513,18174314,5615473,1,2,UDist3Unom [V];UDist4Unom [V],UDist3Unom [V];UDist4Unom [V],,,6.469,,,,,,,,,0,,,,39.461,40.756,,500,1,1,,,,,,,,0.054,5.422,2.245,3.994,4.948,,,,,,,,,,,,,,,,,Dimensional / Alignment,Dimensional / Alignment
CC-25109462,1612941,330-020-356,1612941_CTX_LK_inductive_06.xlsx,Shield low level and not correctly solder shield.,Not correctly shield solder and position according to the GB.,1.618,298481,18174124,5615473,1,2,UDist3Unom [V];UDist4Unom [V],UDist3Unom [V];UDist4Unom [V],,,6.573,,,,,,,,,0.002,,,,40.353,40.706,,500,1,1,,,,,,,,0.057,5.393,2.246,4.015,4.938,,,,,,,,,,,,,,,,,Dimensional / Alignment,Dimensional / Alignment
CC-25109462,1612941,330-020-356,1612941_CTX_LK_inductive_06.xlsx,Shield low level and not correctly solder shield.,Not correctly shield solder and position according to the GB.,1.612,298508,18174266,5615473,1,2,UDist3Unom [V];UDist4Unom [V],UDist3Unom [V];UDist4Unom [V],,,6.623,,,,,,,,,0.002,,,,40.078,40.351,,500,1,1,,,,,,,,0.058,5.413,2.247,4.003,4.924,,,,,,,,,,,,,,,,,Dimensional / Alignment,Dimensional / Alignment
CC-25109462,1612941,330-020-356,1612941_CTX_LK_inductive_06.xlsx,Shield low level and not correctly solder shield.,Not correctly shield solder and position according to the GB.,1.612,298531,18174409,5615473,1,2,UDist3Unom [V];UDist4Unom [V],UDist3Unom [V];UDist4Unom [V],,,6.663,,,,,,,,,0.002,,,,40.116,40.589,,500,1,1,,,,,,,,0.058,5.419,2.247,3.999,4.922,,,,,,,,,,,,,,,,,Dimensional / Alignment,Dimensional / Alignment
CC-25109462,1612941,330-020-356,1612941_CTX_LK_inductive_06.xlsx,Shield low level and not correctly solder shield.,Not correctly shield solder and position according to the GB.,1.602,298519,18174349,5615473,1,2,UDist3Unom [V];UDist4Unom [V],UDist3Unom [V];UDist4Unom [V],,,6.551,,,,,,,,,0.002,,,,40.004,40.208,,500,1,1,,,,,,,,0.057,5.45,2.249,4.0,4.923,,,,,,,,,,,,,,,,,Dimensional / Alignment,Dimensional / Alignment
CC-25109462,1612941,330-020-356,1612941_CTX_LK_inductive_06.xlsx,Shield low level and not correctly solder shield.,Not correctly shield solder and position according to the GB.,1.602,298524,18174374,5615473,1,2,UDist3Unom [V];UDist4Unom [V],UDist3Unom [V];UDist4Unom [V],,,6.513,,,,,,,,,0.002,,,,40.367,40.508,,500,1,1,,,,,,,,0.056,5.369,2.249,3.985,4.888,,,,,,,,,,,,,,,,,Dimensional / Alignment,Dimensional / Alignment
CC-25109462,1612941,330-020-356,1612941_CTX_LK_inductive_06.xlsx,Shield low level and not correctly solder shield.,Not correctly shield solder and position according to the GB.,1.597,298513,18174314,5615473,1,2,UDist3Unom [V];UDist4Unom [V],UDist3Unom [V];UDist4Unom [V],,,6.478,,,,,,,,,0.002,,,,39.526,40.766,,500,1,1,,,,,,,,0.058,5.387,2.25,4.003,4.93,,,,,,,,,,,,,,,,,Dimensional / Alignment,Dimensional / Alignment
CC-25109462,1612941,330-020-356,1612941_CTX_LK_inductive_06.xlsx,Shield low level and not correctly solder shield.,Not correctly shield solder and position according to the GB.,1.597,298520,18174357,5615473,1,2,UDist3Unom [V];UDist4Unom [V],UDist3Unom [V];UDist4Unom [V],,,6.506,,,,,,,,,0.002,,,,39.916,41.075,,500,1,1,,,,,,,,0.058,5.473,2.25,4.015,4.945,,,,,,,,,,,,,,,,,Dimensional / Alignment,Dimensional / Alignment
CC-25109462,1612941,330-020-356,1612941_CTX_LK_inductive_06.xlsx,Shield low level and not correctly solder shield.,Not correctly shield solder and position according to the GB.,1.592,298531,18174409,5615473,1,2,UDist3Unom [V];UDist4Unom [V],UDist3Unom [V];UDist4Unom [V],,,6.653,,,,,,,,,0.006,,,,40.151,40.512,,500,1,1,,,,,,,,0.058,5.43,2.251,4.01,4.935,,,,,,,,,,,,,,,,,Dimensional / Alignment,Dimensional / Alignment
CC-25109462,1612941,330-020-356,1612941_CTX_LK_inductive_08.xlsx,Shield low level and not correctly solder shield.,Not correctly shield solder and position according to the GB.,1.592,298524,18174374,5615473,1,2,UDist3Unom [V];UDist4Unom [V],UDist3Unom [V];UDist4Unom [V],,,6.507,,,,,,,,,0,,,,40.396,40.544,,500,1,1,,,,,,,,0.053,5.453,2.251,3.99,4.929,,,,,,,,,,,,,,,,,Dimensional / Alignment,Dimensional / Alignment
CC-25109462,1612941,330-020-356,1612941_CTX_LK_inductive_06.xlsx,Shield low level and not correctly solder shield.,Not correctly shield solder and position according to the GB.,1.587,298573,18174565,5615473,1,2,UDist3Unom [V];UDist4Unom [V],UDist3Unom [V];UDist4Unom [V],,,6.486,,,,,,,,,0.006,,,,40.484,40.78,,500,1,1,,,,,,,,0.058,5.394,2.252,3.996,4.91,,,,,,,,,,,,,,,,,Dimensional / Alignment,Dimensional / Alignment
CC-25109462,1612941,330-020-356,1612941_CTX_LK_inductive_06.xlsx,Shield low level and not correctly solder shield.,Not correctly shield solder and position according to the GB.,1.571,298480,18174122,5615473,1,2,UDist3Unom [V];UDist4Unom [V],UDist3Unom [V];UDist4Unom [V],,,6.52,,,,,,,,,0.002,,,,40.233,40.082,,500,1,1,,,,,,,,0.057,5.415,2.255,4.012,4.913,,,,,,,,,,,,,,,,,Dimensional / Alignment,Dimensional / Alignment
CC-25109462,1612941,330-020-356,1612941_CTX_LK_inductive_08.xlsx,Shield low level and not correctly solder shield.,Not correctly shield solder and position according to the GB.,1.545,298485,18174145,5615473,1,2,UDist3Unom [V];UDist4Unom [V],UDist3Unom [V];UDist4Unom [V],,,6.543,,,,,,,,,0,,,,39.765,40.811,,500,1,1,,,,,,,,0.054,5.44,2.26,4.002,4.937,,,,,,,,,,,,,,,,,Dimensional / Alignment,Dimensional / Alignment
CC-25109462,1612941,330-020-356,1612941_CTX_LK_inductive_06.xlsx,Shield low level and not correctly solder shield.,Not correctly shield solder and position according to the GB.,1.54,298535,18174430,5615473,1,2,UDist3Unom [V];UDist4Unom [V],UDist3Unom [V];UDist4Unom [V],,,6.497,,,,,,,,,0.006,,,,40.126,40.544,,500,1,1,,,,,,,,0.057,5.421,2.261,3.993,4.899,,,,,,,,,,,,,,,,,Dimensional / Alignment,Dimensional / Alignment
CC-25109462,1612941,330-020-356,1612941_CTX_LK_inductive_06.xlsx,Shield low level and not correctly solder shield.,Not correctly shield solder and position according to the GB.,1.524,298554,18174519,5615473,1,3,UzOverUb [V];UDist3Unom [V];UDist4Unom [V],UDist3Unom [V];UDist4Unom [V],,,6.433,,,,,,,,,0.002,,,,29.568,40.306,,500,1,1,,,,,,,,0.058,5.442,2.264,4.006,4.92,,,,,,,,,,,,,,,,,Dimensional / Alignment,Dimensional / Alignment
CC-25109462,1612941,330-020-356,1612941_CTX_LK_inductive_06.xlsx,Shield low level and not correctly solder shield.,Not correctly shield solder and position according to the GB.,1.519,298514,18174325,5615473,1,2,UDist3Unom [V];UDist4Unom [V],UDist3Unom [V];UDist4Unom [V],,,6.519,,,,,,,,,0.002,,,,40.385,40.502,,500,1,1,,,,,,,,0.057,5.421,2.265,4.014,4.926,,,,,,,,,,,,,,,,,Dimensional / Alignment,Dimensional / Alignment
CC-25109462,1612941,330-020-356,1612941_CTX_LK_inductive_06.xlsx,Shield low level and not correctly solder shield.,Not correctly shield solder and position according to the GB.,1.498,298522,18174366,5615473,1,2,UDist3Unom [V];UDist4Unom [V],UDist3Unom [V];UDist4Unom [V],,,6.536,,,,,,,,,0.002,,,,39.732,40.904,,500,1,1,,,,,,,,0.058,5.423,2.269,4.013,4.919,,,,,,,,,,,,,,,,,Dimensional / Alignment,Dimensional / Alignment
CC-25109462,1612941,330-020-356,1612941_CTX_LK_inductive_06.xlsx,Shield low level and not correctly solder shield.,Not correctly shield solder and position according to the GB.,1.498,298529,18174400,5615473,1,2,UDist3Unom [V];UDist4Unom [V],UDist3Unom [V];UDist4Unom [V],,,6.54,,,,,,,,,0.006,,,,40.226,40.724,,500,1,1,,,,,,,,0.057,5.382,2.269,4.019,4.932,,,,,,,,,,,,,,,,,Dimensional / Alignment,Dimensional / Alignment
CC-25109462,1612941,330-020-356,1612941_CTX_LK_inductive_06.xlsx,Shield low level and not correctly solder shield.,Not correctly shield solder and position according to the GB.,1.498,298572,18174564,5615473,1,2,UDist3Unom [V];UDist4Unom [V],UDist3Unom [V];UDist4Unom [V],,,6.554,,,,,,,,,0.001,,,,39.541,40.325,,500,1,1,,,,,,,,0.058,5.45,2.269,4.031,4.953,,,,,,,,,,,,,,,,,Dimensional / Alignment,Dimensional / Alignment
CC-25109462,1612941,330-020-356,1612941_CTX_LK_inductive_06.xlsx,Shield low level and not correctly solder shield.,Not correctly shield solder and position according to the GB.,1.493,298563,18174541,5615473,1,2,UDist3Unom [V];UDist4Unom [V],UDist3Unom [V];UDist4Unom [V],,,6.557,,,,,,,,,0.006,,,,39.981,40.523,,500,1,1,,,,,,,,0.057,5.406,2.27,4.006,4.91,,,,,,,,,,,,,,,,,Dimensional / Alignment,Dimensional / Alignment
CC-25109462,1612941,330-020-356,1612941_CTX_LK_inductive_06.xlsx,Shield low level and not correctly solder shield.,Not correctly shield solder and position according to the GB.,1.488,298512,18174298,5615473,1,2,UDist3Unom [V];UDist4Unom [V],UDist3Unom [V];UDist4Unom [V],,,6.527,,,,,,,,,0.002,,,,39.753,40.687,,500,1,1,,,,,,,,0.058,5.406,2.271,4.011,4.923,,,,,,,,,,,,,,,,,Dimensional / Alignment,Dimensional / Alignment
CC-25109462,1612941,330-020-356,1612941_CTX_LK_inductive_06.xlsx,Shield low level and not correctly solder shield.,Not correctly shield solder and position according to the GB.,1.483,298502,18174205,5615473,1,2,UDist3Unom [V];UDist4Unom [V],UDist3Unom [V];UDist4Unom [V],,,6.45,,,,,,,,,0.002,,,,39.987,40.612,,500,1,1,,,,,,,,0.057,5.418,2.272,4.027,4.946,,,,,,,,,,,,,,,,,Dimensional / Alignment,Dimensional / Alignment
CC-25109462,1612941,330-020-356,1612941_CTX_LK_inductive_06.xlsx,Shield low level and not correctly solder shield.,Not correctly shield solder and position according to the GB.,1.462,298487,18174155,5615473,1,2,UDist3Unom [V];UDist4Unom [V],UDist3Unom [V];UDist4Unom [V],,,6.547,,,,,,,,,0.002,,,,40.176,40.552,,500,1,1,,,,,,,,0.058,5.392,2.276,4.019,4.924,,,,,,,,,,,,,,,,,Dimensional / Alignment,Dimensional / Alignment
CC-25109462,1612941,330-020-356,1612941_CTX_LK_inductive_06.xlsx,Shield low level and not correctly solder shield.,Not correctly shield solder and position according to the GB.,1.452,298506,18174223,5615473,1,2,UDist3Unom [V];UDist4Unom [V],UDist3Unom [V];UDist4Unom [V],,,6.621,,,,,,,,,0.002,,,,40.331,40.76,,500,1,1,,,,,,,,0.057,5.484,2.278,4.03,4.948,,,,,,,,,,,,,,,,,Dimensional / Alignment,Dimensional / Alignment
CC-25109462,1612941,330-020-356,1612941_CTX_LK_inductive_06.xlsx,Shield low level and not correctly solder shield.,Not correctly shield solder and position according to the GB.,1.447,298574,18174567,5615473,1,2,UDist3Unom [V];UDist4Unom [V],UDist3Unom [V];UDist4Unom [V],,,6.458,,,,,,,,,0.006,,,,40.003,40.583,,500,1,1,,,,,,,,0.057,5.387,2.279,4.015,4.905,,,,,,,,,,,,,,,,,Dimensional / Alignment,Dimensional / Alignment
CC-25109462,1612941,330-020-356,1612941_CTX_LK_inductive_06.xlsx,Shield low level and not correctly solder shield.,Not correctly shield solder and position according to the GB.,1.436,298496,18174185,5615473,1,2,UDist3Unom [V];UDist4Unom [V],UDist3Unom [V];UDist4Unom [V],,,6.506,,,,,,,,,0.002,,,,40.183,40.994,,500,1,1,,,,,,,,0.057,5.445,2.281,4.022,4.936,,,,,,,,,,,,,,,,,Dimensional / Alignment,Dimensional / Alignment
CC-25109462,1612941,330-020-356,1612941_CTX_LK_inductive_06.xlsx,Shield low level and not correctly solder shield.,Not correctly shield solder and position according to the GB.,1.431,298530,18174405,5615473,1,2,UDist3Unom [V];UDist4Unom [V],UDist3Unom [V];UDist4Unom [V],,,6.511,,,,,,,,,0.006,,,,40.071,40.25,,500,1,1,,,,,,,,0.057,5.418,2.282,4.023,4.912,,,,,,,,,,,,,,,,,Dimensional / Alignment,Dimensional / Alignment
CC-25109462,1612941,330-020-356,1612941_CTX_LK_inductive_06.xlsx,Shield low level and not correctly solder shield.,Not correctly shield solder and position according to the GB.,1.41,298509,18174271,5615473,1,2,UDist3Unom [V];UDist4Unom [V],UDist3Unom [V];UDist4Unom [V],,,6.491,,,,,,,,,0.002,,,,40.37,40.503,,500,1,1,,,,,,,,0.057,5.386,2.286,4.025,4.926,,,,,,,,,,,,,,,,,Dimensional / Alignment,Dimensional / Alignment
CC-25109462,1612941,330-020-356,1612941_CTX_LK_inductive_06.xlsx,Shield low level and not correctly solder shield.,Not correctly shield solder and position according to the GB.,1.405,298498,18174195,5615473,1,2,UDist3Unom [V];UDist4Unom [V],UDist3Unom [V];UDist4Unom [V],,,6.63,,,,,,,,,0.002,,,,39.91,40.353,,500,1,1,,,,,,,,0.058,5.434,2.287,4.03,4.937,,,,,,,,,,,,,,,,,Dimensional / Alignment,Dimensional / Alignment
CC-25109462,1612941,330-020-356,1612941_CTX_LK_inductive_06.xlsx,Shield low level and not correctly solder shield.,Not correctly shield solder and position according to the GB.,1.4,298536,18174440,5615473,1,2,UDist3Unom [V];UDist4Unom [V],UDist3Unom [V];UDist4Unom [V],,,6.537,,,,,,,,,0.005,,,,39.816,40.169,,500,1,1,,,,,,,,0.057,5.389,2.288,4.037,4.942,,,,,,,,,,,,,,,,,Dimensional / Alignment,Dimensional / Alignment
CC-25109462,1612941,330-020-356,1612941_CTX_LK_inductive_06.xlsx,Shield low level and not correctly solder shield.,Not correctly shield solder and position according to the GB.,1.395,298495,18174181,5615473,1,2,UDist3Unom [V];UDist4Unom [V],UDist3Unom [V];UDist4Unom [V],,,6.423,,,,,,,,,0.002,,,,39.782,40.382,,500,1,1,,,,,,,,0.057,5.422,2.289,4.029,4.923,,,,,,,,,,,,,,,,,Dimensional / Alignment,Dimensional / Alignment
CC-25109462,1612941,330-020-356,1612941_CTX_LK_inductive_06.xlsx,Shield low level and not correctly solder shield.,Not correctly shield solder and position according to the GB.,1.395,298567,18174551,5615473,1,2,UDist3Unom [V];UDist4Unom [V],UDist3Unom [V];UDist4Unom [V],,,6.486,,,,,,,,,0.006,,,,39.355,41.142,,500,1,1,,,,,,,,0.057,5.433,2.289,4.03,4.916,,,,,,,,,,,,,,,,,Dimensional / Alignment,Dimensional / Alignment
CC-25109462,1612941,330-020-356,1612941_CTX_LK_inductive_06.xlsx,Shield low level and not correctly solder shield.,Not correctly shield solder and position according to the GB.,1.374,298575,18174569,5615473,1,2,UDist3Unom [V];UDist4Unom [V],UDist3Unom [V];UDist4Unom [V],,,6.609,,,,,,,,,0.002,,,,39.731,40.863,,500,1,1,,,,,,,,0.058,5.414,2.293,4.033,4.93,,,,,,,,,,,,,,,,,Dimensional / Alignment,Dimensional / Alignment
CC-25109462,1612941,330-020-356,1612941_CTX_LK_inductive_06.xlsx,Shield low level and not correctly solder shield.,Not correctly shield solder and position according to the GB.,1.364,298566,18174548,5615473,1,2,UDist3Unom [V];UDist4Unom [V],UDist3Unom [V];UDist4Unom [V],,,6.507,,,,,,,,,0.006,,,,39.558,40.69,,500,1,1,,,,,,,,0.057,5.388,2.295,4.032,4.926,,,,,,,,,,,,,,,,,Dimensional / Alignment,Dimensional / Alignment
CC-25109462,1612941,330-020-356,1612941_CTX_LK_inductive_06.xlsx,Shield low level and not correctly solder shield.,Not correctly shield solder and position according to the GB.,1.353,298493,18174177,5615473,1,2,UDist3Unom [V];UDist4Unom [V],UDist3Unom [V];UDist4Unom [V],,,6.567,,,,,,,,,0.002,,,,40.065,40.363,,500,1,1,,,,,,,,0.057,5.345,2.297,4.017,4.898,,,,,,,,,,,,,,,,,Dimensional / Alignment,Dimensional / Alignment
CC-25109462,1612941,330-020-356,1612941_CTX_LK_inductive_06.xlsx,Shield low level and not correctly solder shield.,Not correctly shield solder and position according to the GB.,1.338,298482,18174136,5615473,1,2,UDist3Unom [V];UDist4Unom [V],UDist3Unom [V];UDist4Unom [V],,,6.654,,,,,,,,,0.002,,,,40.132,40.878,,500,1,1,,,,,,,,0.058,5.393,2.3,4.028,4.921,,,,,,,,,,,,,,,,,Dimensional / Alignment,Dimensional / Alignment
CC-25109462,1612941,330-020-356,1612941_CTX_LK_inductive_06.xlsx,Shield low level and not correctly solder shield.,Not correctly shield solder and position according to the GB.,1.333,298555,18174521,5615473,1,2,UDist3Unom [V];UDist4Unom [V],UDist3Unom [V];UDist4Unom [V],,,6.481,,,,,,,,,0.002,,,,40.138,40.903,,500,1,1,,,,,,,,0.057,5.42,2.301,4.038,4.929,,,,,,,,,,,,,,,,,Dimensional / Alignment,Dimensional / Alignment
CC-25109462,1612941,330-020-356,1612941_CTX_LK_inductive_06.xlsx,Shield low level and not correctly solder shield.,Not correctly shield solder and position according to the GB.,1.327,298543,18174469,5615473,1,2,UDist3Unom [V];UDist4Unom [V],UDist3Unom [V];UDist4Unom [V],,,6.49,,,,,,,,,0.002,,,,40.171,40.688,,500,1,1,,,,,,,,0.058,5.415,2.302,4.026,4.922,,,,,,,,,,,,,,,,,Dimensional / Alignment,Dimensional / Alignment
CC-25109462,1612941,330-020-356,1612941_CTX_LK_inductive_06.xlsx,Shield low level and not correctly solder shield.,Not correctly shield solder and position according to the GB.,1.317,298503,18174209,5615473,1,2,UDist3Unom [V];UDist4Unom [V],UDist3Unom [V];UDist4Unom [V],,,6.593,,,,,,,,,0.002,,,,40.127,40.914,,500,1,1,,,,,,,,0.058,5.393,2.304,4.037,4.935,,,,,,,,,,,,,,,,,Dimensional / Alignment,Dimensional / Alignment
CC-25109462,1612941,330-020-356,1612941_CTX_LK_inductive_06.xlsx,Shield low level and not correctly solder shield.,Not correctly shield solder and position according to the GB.,1.296,298548,18174496,5615473,1,1,UDist3Unom [V],UDist3Unom [V],,,6.532,,,,,,,,,0.002,,,,39.652,40.305,,500,1,1,,,,,,,,0.058,5.404,2.308,4.041,4.932,,,,,,,,,,,,,,,,,Dimensional / Alignment,Dimensional / Alignment
CC-25109462,1612941,330-020-356,1612941_CTX_LK_inductive_06.xlsx,Shield low level and not correctly solder shield.,Not correctly shield solder and position according to the GB.,1.276,298541,18174460,5615473,1,1,UDist3Unom [V],UDist3Unom [V],,,6.509,,,,,,,,,0.002,,,,40.044,40.812,,500,1,1,,,,,,,,0.057,5.43,2.312,4.056,4.948,,,,,,,,,,,,,,,,,Dimensional / Alignment,Dimensional / Alignment
CC-25013015,1512192,330-020-283,1512192_CTX_LK_inductive_02.xlsx,High coil resistance,"Process indicator for soldering; Coil insulation is also soldered to PCBA pad with the tin part, possibility of reduction tin part soldered to the pads",0.0,,,,,1,eeprom_integrity [],eeprom_integrity [],,,,,,,,,,,,,,,,,,,,,,,,,,,,,,,,,,,,,,,,,,,,,,,,,,Coil,Coil
CC-25013015,1512192,330-020-283,1512192_CTX_LK_inductive_02.xlsx,High coil resistance,"Process indicator for soldering; Coil insulation is also soldered to PCBA pad with the tin part, possibility of reduction tin part soldered to the pads",0.0,,,,,1,eeprom_integrity [],eeprom_integrity [],,,,,,,,,,,,,,,,,,,,,,,,,,,,,,,,,,,,,,,,,,,,,,,,,,Coil,Coil
CC-25013015,1512192,330-020-283,1512192_CTX_LK_inductive_02.xlsx,High coil resistance,"Process indicator for soldering; Coil insulation is also soldered to PCBA pad with the tin part, possibility of reduction tin part soldered to the pads",0.0,,,,,1,eeprom_integrity [],eeprom_integrity [],,,,,,,,,,,,,,,,,,,,,,,,,,,,,,,,,,,,,,,,,,,,,,,,,,Coil,Coil
CC-25012455,1490547,330-020-325,1490547_CTX_LK_inductive_04.xlsx,Coil wire bridge with ground pad,"Excess solder on the solder joint between round pcb and other pcb, hence coil wire bridge with solder joint",0.0,,,,,1,eeprom_integrity [],eeprom_integrity [],,,,,,,,,,,,,,,,,,,,,,,,,,,,,,,,,,,,,,,,,,,,,,,,,,Coil,Coil
CC-25012455,1490547,330-020-325,1490547_CTX_LK_inductive_04.xlsx,Coil wire bridge with ground pad,"Excess solder on the solder joint between round pcb and other pcb, hence coil wire bridge with solder joint",0.0,,,,,2,IcPreconfig [0/1];eeprom_integrity [],eeprom_integrity [],,,,,,,,,,,,,,,,,,,,0.0,1,,,,,,,,,,,,,,,,,,,,,,,,,,,,,Coil,Coil
CC-25012455,1490547,330-020-325,1490547_CTX_LK_inductive_04.xlsx,Coil wire bridge with ground pad,"Excess solder on the solder joint between round pcb and other pcb, hence coil wire bridge with solder joint",0.0,,,,,2,IcPreconfig [0/1];eeprom_integrity [],eeprom_integrity [],,,,,,,,,,,,,,,,,,,,0.0,1,,,,,,,,,,,,,,,,,,,,,,,,,,,,,Coil,Coil
CC-25012455,1490547,330-020-325,1490547_CTX_LK_inductive_04.xlsx,Coil wire bridge with ground pad,"Excess solder on the solder joint between round pcb and other pcb, hence coil wire bridge with solder joint",0.0,,,,,2,IcPreconfig [0/1];eeprom_integrity [],eeprom_integrity [],,,,,,,,,,,,,,,,,,,,0.0,1,,,,,,,,,,,,,,,,,,,,,,,,,,,,,Coil,Coil
CC-25012455,1490547,330-020-325,1490547_CTX_LK_inductive_04.xlsx,Coil wire bridge with ground pad,"Excess solder on the solder joint between round pcb and other pcb, hence coil wire bridge with solder joint",0.0,,,,,2,IcPreconfig [0/1];eeprom_integrity [],eeprom_integrity [],,,,,,,,,,,,,,,,,,,,0.0,1,,,,,,,,,,,,,,,,,,,,,,,,,,,,,Coil,Coil
CC-260411516,1649223,330-020-357,1649223_CTX_LK_inductive_08.xlsx,Eeprom 7026 - Gap between shield end and the ferrite,Shield width is low to fulfill the DMO requirement.,0.0,,,,,1,eeprom_integrity [],eeprom_integrity [],,,,,,,,,,,,,,,,,,,,1,1,,,,,,,,,,,,,,,,,,,,,,,,,,,,,Dimensional / Alignment,Dimensional / Alignment
CC-260411516,1649223,330-020-357,1649223_CTX_LK_inductive_08.xlsx,Eeprom 7026 - Gap between shield end and the ferrite,Shield width is low to fulfill the DMO requirement.,0.0,,,,,1,eeprom_integrity [],eeprom_integrity [],,,,,,,,,,,,,,,,,,,,1,1,,,,,,,,,,,,,,,,,,,,,,,,,,,,,Dimensional / Alignment,Dimensional / Alignment
CC-260411516,1649223,330-020-357,1649223_CTX_LK_inductive_08.xlsx,Eeprom 7026 - Gap between shield end and the ferrite,Shield width is low to fulfill the DMO requirement.,0.0,,,,,1,eeprom_integrity [],eeprom_integrity [],,,,,,,,,,,,,,,,,,,,1,1,,,,,,,,,,,,,,,,,,,,,,,,,,,,,Dimensional / Alignment,Dimensional / Alignment
CC-260411516,1649223,330-020-357,1649223_CTX_LK_inductive_08.xlsx,Eeprom 7026 - Gap between shield end and the ferrite,Shield width is low to fulfill the DMO requirement.,0.0,,,,,1,eeprom_integrity [],eeprom_integrity [],,,,,,,,,,,,,,,,,,,,1,1,,,,,,,,,,,,,,,,,,,,,,,,,,,,,Dimensional / Alignment,Dimensional / Alignment
CC-260411516,1649223,330-020-357,1649223_CTX_LK_inductive_08.xlsx,Eeprom 7026 - Gap between shield end and the ferrite,Shield width is low to fulfill the DMO requirement.,0.0,,,,,1,eeprom_integrity [],eeprom_integrity [],,,,,,,,,,,,,,,,,,,,1,1,,,,,,,,,,,,,,,,,,,,,,,,,,,,,Dimensional / Alignment,Dimensional / Alignment
CC-260411516,1649223,330-020-357,1649223_CTX_LK_inductive_08.xlsx,Eeprom 7026 - Gap between shield end and the ferrite,Shield width is low to fulfill the DMO requirement.,0.0,,,,,1,eeprom_integrity [],eeprom_integrity [],,,,,,,,,,,,,,,,,,,,1,1,,,,,,,,,,,,,,,,,,,,,,,,,,,,,Dimensional / Alignment,Dimensional / Alignment
CC-25068343,1602202,330-020-076,1602202_CTX_LK_inductive_07.xlsx,High coil resistance,"Suspected assemble the part holder, tool issue coil strands can be damage.",0.0,,,,,2,VRCUmeasurement [];eeprom_integrity [],eeprom_integrity [],,,,,,,,,,,,,,,,,,,,1,1,,,,,,,,,,,,,,,,,,,,,,,,,,,,,Coil,Coil
CC-25068343,1602202,330-020-076,1602202_CTX_LK_inductive_07.xlsx,High coil resistance,"Suspected assemble the part holder, tool issue coil strands can be damage.",0.0,,,,,2,VRCUmeasurement [];eeprom_integrity [],eeprom_integrity [],,,,,,,,,,,,,,,,,,,,1,1,,,,,,,,,,,,,,,,,,,,,,,,,,,,,Coil,Coil
CC-25068343,1602202,330-020-076,1602202_CTX_LK_inductive_07.xlsx,High coil resistance,"Suspected assemble the part holder, tool issue coil strands can be damage.",0.0,,,,,2,VRCUmeasurement [];eeprom_integrity [],eeprom_integrity [],,,,,,,,,,,,,,,,,,,,1,1,,,,,,,,,,,,,,,,,,,,,,,,,,,,,Coil,Coil
CC-25068343,1602202,330-020-076,1602202_CTX_LK_inductive_07.xlsx,High coil resistance,"Suspected assemble the part holder, tool issue coil strands can be damage.",0.0,,,,,2,VRCUmeasurement [];eeprom_integrity [],eeprom_integrity [],,,,,,,,,,,,,,,,,,,,1,1,,,,,,,,,,,,,,,,,,,,,,,,,,,,,Coil,Coil
CC-25068343,1602202,330-020-076,1602202_CTX_LK_inductive_07.xlsx,High coil resistance,"Suspected assemble the part holder, tool issue coil strands can be damage.",0.0,,,,,2,VASSmeasurement [];eeprom_integrity [],eeprom_integrity [],,,,,,,,,,,,,,,,,,,,1,1,,,,,,,,,,,,,,,,,,,,,,,,,,,,,Coil,Coil
CC-25068343,1602202,330-020-076,1602202_CTX_LK_inductive_07.xlsx,High coil resistance,"Suspected assemble the part holder, tool issue coil strands can be damage.",0.0,,,,,2,VRCUmeasurement [];eeprom_integrity [],eeprom_integrity [],,,,,,,,,,,,,,,,,,,,1,1,,,,,,,,,,,,,,,,,,,,,,,,,,,,,Coil,Coil
CC-25068343,1602202,330-020-076,1602202_CTX_LK_inductive_07.xlsx,High coil resistance,"Suspected assemble the part holder, tool issue coil strands can be damage.",0.0,,,,,2,VRCUmeasurement [];eeprom_integrity [],eeprom_integrity [],,,,,,,,,,,,,,,,,,,,1,1,,,,,,,,,,,,,,,,,,,,,,,,,,,,,Coil,Coil
CC-25068343,1602202,330-020-076,1602202_CTX_LK_inductive_07.xlsx,High coil resistance,"Suspected assemble the part holder, tool issue coil strands can be damage.",0.0,,,,,2,VRCUmeasurement [];eeprom_integrity [],eeprom_integrity [],,,,,,,,,,,,,,,,,,,,1,1,,,,,,,,,,,,,,,,,,,,,,,,,,,,,Coil,Coil
CC-260813009,1677635,330-020-072,1677635_CTX_LK_inductive_07.xlsx,Eeprom 7022 - Component damage,Possible component damage due to high current. Current value not checked.,0.0,,,,,1,eeprom_integrity [],eeprom_integrity [],,,,,,,,,,,,,,,,,,,,,,,,,,,,,,,,,,,,,,,,,,,,,,,,,,ASIC / EEPROM,ASIC / EEPROM
CC-260813009,1677635,330-020-072,1677635_CTX_LK_inductive_07.xlsx,Eeprom 7022 - Component damage,Possible component damage due to high current. Current value not checked.,0.0,,,,,1,eeprom_integrity [],eeprom_integrity [],,,,,,,,,,,,,,,,,,,,,,,,,,,,,,,,,,,,,,,,,,,,,,,,,,ASIC / EEPROM,ASIC / EEPROM
CC-260813009,1677635,330-020-072,1677635_CTX_LK_inductive_07.xlsx,Eeprom 7022 - Component damage,Possible component damage due to high current. Current value not checked.,0.0,,,,,1,eeprom_integrity [],eeprom_integrity [],,,,,,,,,,,,,,,,,,,,,,,,,,,,,,,,,,,,,,,,,,,,,,,,,,ASIC / EEPROM,ASIC / EEPROM
CC-25013294,2012158,330-010-051,2012158_CTX_LK_inductive_05.xlsx,ASIC loose,Suspected lack of solder bond between ASIC balls and solder pads of PCBA,0.0,,,,,1,eeprom_integrity [],eeprom_integrity [],,,,,,,,,,,,,,,,,,,,,,,,,,,,,,,,,,,,,,,,,,,,,,,,,,ASIC / EEPROM,ASIC / EEPROM
CC-25013294,2012158,330-010-051,2012158_CTX_LK_inductive_05.xlsx,ASIC loose,Suspected lack of solder bond between ASIC balls and solder pads of PCBA,0.0,,,,,1,eeprom_integrity [],eeprom_integrity [],,,,,,,,,,,,,,,,,,,,,,,,,,,,,,,,,,,,,,,,,,,,,,,,,,ASIC / EEPROM,ASIC / EEPROM
CC-25013294,2012158,330-010-051,2012158_CTX_LK_inductive_05.xlsx,ASIC loose,Suspected lack of solder bond between ASIC balls and solder pads of PCBA,0.0,,,,,1,eeprom_integrity [],eeprom_integrity [],,,,,,,,,,,,,,,,,,,,,,,,,,,,,,,,,,,,,,,,,,,,,,,,,,ASIC / EEPROM,ASIC / EEPROM
CC-25013294,2012158,330-010-051,2012158_CTX_LK_inductive_05.xlsx,ASIC loose,Suspected lack of solder bond between ASIC balls and solder pads of PCBA,0.0,,,,,1,eeprom_integrity [],eeprom_integrity [],,,,,,,,,,,,,,,,,,,,,,,,,,,,,,,,,,,,,,,,,,,,,,,,,,ASIC / EEPROM,ASIC / EEPROM
CC-25013294,2012158,330-010-051,2012158_CTX_LK_inductive_05.xlsx,ASIC loose,Suspected lack of solder bond between ASIC balls and solder pads of PCBA,0.0,,,,,1,eeprom_integrity [],eeprom_integrity [],,,,,,,,,,,,,,,,,,,,,,,,,,,,,,,,,,,,,,,,,,,,,,,,,,ASIC / EEPROM,ASIC / EEPROM
CC-25013294,2012158,330-010-051,2012158_CTX_LK_inductive_05.xlsx,ASIC loose,Suspected lack of solder bond between ASIC balls and solder pads of PCBA,0.0,,,,,1,eeprom_integrity [],eeprom_integrity [],,,,,,,,,,,,,,,,,,,,,,,,,,,,,,,,,,,,,,,,,,,,,,,,,,ASIC / EEPROM,ASIC / EEPROM
CC-25013294,2012158,330-010-051,2012158_CTX_LK_inductive_05.xlsx,ASIC loose,Suspected lack of solder bond between ASIC balls and solder pads of PCBA,0.0,,,,,1,eeprom_integrity [],eeprom_integrity [],,,,,,,,,,,,,,,,,,,,,,,,,,,,,,,,,,,,,,,,,,,,,,,,,,ASIC / EEPROM,ASIC / EEPROM
CC-25013294,2012158,330-010-051,2012158_CTX_LK_inductive_05.xlsx,ASIC loose,Suspected lack of solder bond between ASIC balls and solder pads of PCBA,0.0,,,,,1,eeprom_integrity [],eeprom_integrity [],,,,,,,,,,,,,,,,,,,,,,,,,,,,,,,,,,,,,,,,,,,,,,,,,,ASIC / EEPROM,ASIC / EEPROM
CC-25013294,2012158,330-010-051,2012158_CTX_LK_inductive_05.xlsx,ASIC loose,Suspected lack of solder bond between ASIC balls and solder pads of PCBA,0.0,,,,,1,eeprom_integrity [],eeprom_integrity [],,,,,,,,,,,,,,,,,,,,,,,,,,,,,,,,,,,,,,,,,,,,,,,,,,ASIC / EEPROM,ASIC / EEPROM
CC-25013294,2012158,330-010-051,2012158_CTX_LK_inductive_05.xlsx,ASIC loose,Suspected lack of solder bond between ASIC balls and solder pads of PCBA,0.0,,,,,1,eeprom_integrity [],eeprom_integrity [],,,,,,,,,,,,,,,,,,,,,,,,,,,,,,,,,,,,,,,,,,,,,,,,,,ASIC / EEPROM,ASIC / EEPROM
CC-25013294,2012158,330-010-051,2012158_CTX_LK_inductive_05.xlsx,ASIC loose,Suspected lack of solder bond between ASIC balls and solder pads of PCBA,0.0,,,,,1,eeprom_integrity [],eeprom_integrity [],,,,,,,,,,,,,,,,,,,,,,,,,,,,,,,,,,,,,,,,,,,,,,,,,,ASIC / EEPROM,ASIC / EEPROM
CC-25013294,2012158,330-010-051,2012158_CTX_LK_inductive_05.xlsx,ASIC loose,Suspected lack of solder bond between ASIC balls and solder pads of PCBA,0.0,,,,,1,eeprom_integrity [],eeprom_integrity [],,,,,,,,,,,,,,,,,,,,,,,,,,,,,,,,,,,,,,,,,,,,,,,,,,ASIC / EEPROM,ASIC / EEPROM
CC-25013294,2012158,330-010-051,2012158_CTX_LK_inductive_05.xlsx,ASIC loose,Suspected lack of solder bond between ASIC balls and solder pads of PCBA,0.0,,,,,2,VRCUmeasurement [];eeprom_integrity [],eeprom_integrity [],,,,,,,,,,,,,,,,,,,,1,1,,,,,,,,,,,,,,,,,,,,,,,,,,,,,ASIC / EEPROM,ASIC / EEPROM
CC-25013294,2012158,330-010-051,2012158_CTX_LK_inductive_05.xlsx,ASIC loose,Suspected lack of solder bond between ASIC balls and solder pads of PCBA,0.0,,,,,1,eeprom_integrity [],eeprom_integrity [],,,,,,,,,,,,,,,,,,,,,,,,,,,,,,,,,,,,,,,,,,,,,,,,,,ASIC / EEPROM,ASIC / EEPROM
CC-25012055,1483564,330-020-373,1483564_CTX_LK_inductive_07.xlsx,Flex bridged with excess solder,Excess tinned solder pads,241.867,181544,14411127,5574799,1,8,UDist3Unom [V];UDist4Unom [V];UDist5Unom [V];IDist1Unom [mA];IDist2Unom [mA];IDist3Unom [mA];IDist4Unom [mA];IDist5Unom [mA],UDist3Unom [V];UDist4Unom [V];UDist5Unom [V];IDist1Unom [mA];IDist2Unom [mA];IDist3Unom [mA];IDist4Unom [mA];IDist5Unom [mA],,,7.778,,,,,,,,,0,,,,39.98,40.296,,500,1,1,,,,,,,,0.072,11.403,5.823,9.473,11.134,40.193,0.0,0.004,0.004,0.004,0.004,,,,,,,,,,,Flex / PCB / Solder / Wiring,Flex / PCB / Solder / Wiring
CC-25012055,1483564,330-020-373,1483564_CTX_LK_inductive_07.xlsx,Flex bridged with excess solder,Excess tinned solder pads,241.867,181614,14411413,5574799,1,6,UDist3Unom [V];IDist1Unom [mA];IDist2Unom [mA];IDist3Unom [mA];IDist4Unom [mA];IDist5Unom [mA],UDist3Unom [V];IDist1Unom [mA];IDist2Unom [mA];IDist3Unom [mA];IDist4Unom [mA];IDist5Unom [mA],,,7.248,,,,,,,,,0,,,,39.838,40.306,,500,1,1,,,,,,,,0.14,10.488,5.605,8.542,9.756,40.545,0.0,0.004,0.004,0.004,0.004,,,,,,,,,,,Flex / PCB / Solder / Wiring,Flex / PCB / Solder / Wiring
CC-25012057,1483564,330-020-373,1483564_CTX_LK_inductive_07.xlsx,Flex bridged with excess solder,Solder short detecting test adaptor is out of order,241.867,181544,14411127,5574799,1,8,UDist3Unom [V];UDist4Unom [V];UDist5Unom [V];IDist1Unom [mA];IDist2Unom [mA];IDist3Unom [mA];IDist4Unom [mA];IDist5Unom [mA],UDist3Unom [V];UDist4Unom [V];UDist5Unom [V];IDist1Unom [mA];IDist2Unom [mA];IDist3Unom [mA];IDist4Unom [mA];IDist5Unom [mA],,,7.778,,,,,,,,,0,,,,39.98,40.296,,500,1,1,,,,,,,,0.072,11.403,5.823,9.473,11.134,40.193,0.0,0.004,0.004,0.004,0.004,,,,,,,,,,,Flex / PCB / Solder / Wiring,Flex / PCB / Solder / Wiring
CC-25012057,1483564,330-020-373,1483564_CTX_LK_inductive_07.xlsx,Flex bridged with excess solder,Solder short detecting test adaptor is out of order,241.867,181614,14411413,5574799,1,6,UDist3Unom [V];IDist1Unom [mA];IDist2Unom [mA];IDist3Unom [mA];IDist4Unom [mA];IDist5Unom [mA],UDist3Unom [V];IDist1Unom [mA];IDist2Unom [mA];IDist3Unom [mA];IDist4Unom [mA];IDist5Unom [mA],,,7.248,,,,,,,,,0,,,,39.838,40.306,,500,1,1,,,,,,,,0.14,10.488,5.605,8.542,9.756,40.545,0.0,0.004,0.004,0.004,0.004,,,,,,,,,,,Flex / PCB / Solder / Wiring,Flex / PCB / Solder / Wiring
CC-25012056,1483564,330-020-373,1483564_CTX_LK_inductive_07.xlsx,Excess loctite on coil & front cap not fitted properly,Lack of attention to glue process,241.867,181544,14411127,5574799,1,8,UDist3Unom [V];UDist4Unom [V];UDist5Unom [V];IDist1Unom [mA];IDist2Unom [mA];IDist3Unom [mA];IDist4Unom [mA];IDist5Unom [mA],UDist3Unom [V];UDist4Unom [V];UDist5Unom [V];IDist1Unom [mA];IDist2Unom [mA];IDist3Unom [mA];IDist4Unom [mA];IDist5Unom [mA],,,7.778,,,,,,,,,0,,,,39.98,40.296,,500,1,1,,,,,,,,0.072,11.403,5.823,9.473,11.134,40.193,0.0,0.004,0.004,0.004,0.004,,,,,,,,,,,Dimensional / Alignment,Dimensional / Alignment
CC-25012056,1483564,330-020-373,1483564_CTX_LK_inductive_07.xlsx,Excess loctite on coil & front cap not fitted properly,Lack of attention to glue process,241.867,181614,14411413,5574799,1,6,UDist3Unom [V];IDist1Unom [mA];IDist2Unom [mA];IDist3Unom [mA];IDist4Unom [mA];IDist5Unom [mA],UDist3Unom [V];IDist1Unom [mA];IDist2Unom [mA];IDist3Unom [mA];IDist4Unom [mA];IDist5Unom [mA],,,7.248,,,,,,,,,0,,,,39.838,40.306,,500,1,1,,,,,,,,0.14,10.488,5.605,8.542,9.756,40.545,0.0,0.004,0.004,0.004,0.004,,,,,,,,,,,Dimensional / Alignment,Dimensional / Alignment
CC-25012056,1483564,330-020-373,1483564_CTX_LK_inductive_07.xlsx,Excess loctite on coil & front cap not fitted properly,Lack of attention to glue process,3.374,181609,14411397,5574799,1,2,UDist3Unom [V];IDist3Unom [mA],UDist3Unom [V];IDist3Unom [mA],,,11.648,,,,,,,,,0,,,,39.781,40.878,,500,1,1,,,,,,,,0.072,11.085,4.658,7.968,9.747,40.229,4.031,21.499,11.329,16.568,19.383,,,,,,,,,,,Dimensional / Alignment,Dimensional / Alignment
CC-25012056,1483564,330-020-373,1483564_CTX_LK_inductive_07.xlsx,Excess loctite on coil & front cap not fitted properly,Lack of attention to glue process,2.543,181462,14410040,5574799,1,1,UDist3Unom [V],UDist3Unom [V],,,11.625,,,,,,,,,0,,,,40.205,40.817,,500,1,1,,,,,,,,0.124,10.477,5.748,8.621,9.792,40.215,4.11,20.515,13.023,17.576,19.431,,,,,,,,,,,Dimensional / Alignment,Dimensional / Alignment
CC-25012056,1483564,330-020-373,1483564_CTX_LK_inductive_07.xlsx,Excess loctite on coil & front cap not fitted properly,Lack of attention to glue process,2.537,181562,14411220,5574799,1,1,UDist3Unom [V],UDist3Unom [V],,,11.647,,,,,,,,,0,,,,40.723,40.434,,500,1,1,,,,,,,,0.072,10.491,5.747,8.576,9.772,40.569,4.03,20.487,13.009,17.464,19.346,,,,,,,,,,,Dimensional / Alignment,Dimensional / Alignment
CC-25012056,1483564,330-020-373,1483564_CTX_LK_inductive_07.xlsx,Excess loctite on coil & front cap not fitted properly,Lack of attention to glue process,2.38,181558,14411185,5574799,1,1,UDist3Unom [V],UDist3Unom [V],,,11.647,,,,,,,,,0,,,,40.63,40.73,,500,1,1,,,,,,,,0.109,10.488,5.718,8.609,9.79,40.361,4.134,20.604,13.041,17.624,19.502,,,,,,,,,,,Dimensional / Alignment,Dimensional / Alignment
CC-25012056,1483564,330-020-373,1483564_CTX_LK_inductive_07.xlsx,Excess loctite on coil & front cap not fitted properly,Lack of attention to glue process,1.875,181584,14411300,5574799,1,1,UDist3Unom [V],UDist3Unom [V],,,11.739,,,,,,,,,0,,,,40.209,40.782,,500,1,1,,,,,,,,0.076,10.499,5.625,8.526,9.765,40.586,4.068,20.57,12.85,17.443,19.399,,,,,,,,,,,Dimensional / Alignment,Dimensional / Alignment
CC-25012058,1483564,330-020-373,1483564_CTX_LK_inductive_07.xlsx,Excess loctite on coil & front cap not fitted properly,Lack of attention to glue process,241.867,181544,14411127,5574799,1,8,UDist3Unom [V];UDist4Unom [V];UDist5Unom [V];IDist1Unom [mA];IDist2Unom [mA];IDist3Unom [mA];IDist4Unom [mA];IDist5Unom [mA],UDist3Unom [V];UDist4Unom [V];UDist5Unom [V];IDist1Unom [mA];IDist2Unom [mA];IDist3Unom [mA];IDist4Unom [mA];IDist5Unom [mA],,,7.778,,,,,,,,,0,,,,39.98,40.296,,500,1,1,,,,,,,,0.072,11.403,5.823,9.473,11.134,40.193,0.0,0.004,0.004,0.004,0.004,,,,,,,,,,,Dimensional / Alignment,Dimensional / Alignment
CC-25012058,1483564,330-020-373,1483564_CTX_LK_inductive_07.xlsx,Excess loctite on coil & front cap not fitted properly,Lack of attention to glue process,241.867,181614,14411413,5574799,1,6,UDist3Unom [V];IDist1Unom [mA];IDist2Unom [mA];IDist3Unom [mA];IDist4Unom [mA];IDist5Unom [mA],UDist3Unom [V];IDist1Unom [mA];IDist2Unom [mA];IDist3Unom [mA];IDist4Unom [mA];IDist5Unom [mA],,,7.248,,,,,,,,,0,,,,39.838,40.306,,500,1,1,,,,,,,,0.14,10.488,5.605,8.542,9.756,40.545,0.0,0.004,0.004,0.004,0.004,,,,,,,,,,,Dimensional / Alignment,Dimensional / Alignment
CC-25012058,1483564,330-020-373,1483564_CTX_LK_inductive_07.xlsx,Excess loctite on coil & front cap not fitted properly,Lack of attention to glue process,3.374,181609,14411397,5574799,1,2,UDist3Unom [V];IDist3Unom [mA],UDist3Unom [V];IDist3Unom [mA],,,11.648,,,,,,,,,0,,,,39.781,40.878,,500,1,1,,,,,,,,0.072,11.085,4.658,7.968,9.747,40.229,4.031,21.499,11.329,16.568,19.383,,,,,,,,,,,Dimensional / Alignment,Dimensional / Alignment
CC-25012058,1483564,330-020-373,1483564_CTX_LK_inductive_07.xlsx,Excess loctite on coil & front cap not fitted properly,Lack of attention to glue process,2.543,181462,14410040,5574799,1,1,UDist3Unom [V],UDist3Unom [V],,,11.625,,,,,,,,,0,,,,40.205,40.817,,500,1,1,,,,,,,,0.124,10.477,5.748,8.621,9.792,40.215,4.11,20.515,13.023,17.576,19.431,,,,,,,,,,,Dimensional / Alignment,Dimensional / Alignment
CC-25012058,1483564,330-020-373,1483564_CTX_LK_inductive_07.xlsx,Excess loctite on coil & front cap not fitted properly,Lack of attention to glue process,2.537,181562,14411220,5574799,1,1,UDist3Unom [V],UDist3Unom [V],,,11.647,,,,,,,,,0,,,,40.723,40.434,,500,1,1,,,,,,,,0.072,10.491,5.747,8.576,9.772,40.569,4.03,20.487,13.009,17.464,19.346,,,,,,,,,,,Dimensional / Alignment,Dimensional / Alignment
CC-25012058,1483564,330-020-373,1483564_CTX_LK_inductive_07.xlsx,Excess loctite on coil & front cap not fitted properly,Lack of attention to glue process,2.38,181558,14411185,5574799,1,1,UDist3Unom [V],UDist3Unom [V],,,11.647,,,,,,,,,0,,,,40.63,40.73,,500,1,1,,,,,,,,0.109,10.488,5.718,8.609,9.79,40.361,4.134,20.604,13.041,17.624,19.502,,,,,,,,,,,Dimensional / Alignment,Dimensional / Alignment
CC-25012058,1483564,330-020-373,1483564_CTX_LK_inductive_07.xlsx,Excess loctite on coil & front cap not fitted properly,Lack of attention to glue process,1.875,181584,14411300,5574799,1,1,UDist3Unom [V],UDist3Unom [V],,,11.739,,,,,,,,,0,,,,40.209,40.782,,500,1,1,,,,,,,,0.076,10.499,5.625,8.526,9.765,40.586,4.068,20.57,12.85,17.443,19.399,,,,,,,,,,,Dimensional / Alignment,Dimensional / Alignment
CC-25047782,2026277,330-010-017,2026277_CTX_LK_inductive_02.xlsx,Ferrite crack,Reworked due to glue application error_Force applied from front cap end,5.929,1325483,17272223,5585334,1,5,HystUnom [%];IccEnclUmax [mA];UsatUmaxIchmax [V];UbDeclenchement [V];RetDispUmin [ms],HystUnom [%],N0.00,0.0,9.33,9.35,0.0,0.0,0,9.8,360.0,0,0,0,0.66,0,40.15,40.96,39.9,1,500,1,1,1,1,1,1,1,1,1,,,,,,,,,,,,,,,,,,,,,,Dimensional / Alignment,Dimensional / Alignment
CC-25047782,2026277,330-010-017,2026277_CTX_LK_inductive_02.xlsx,Ferrite crack,Reworked due to glue application error_Force applied from front cap end,5.929,1326566,17277847,5585334,1,2,HystUnom [%];SignErrOffUmin [ms],HystUnom [%],*0.00,0.0,8.51,8.69,300,1.68,0,7.75,26.56,0,28.16,0,0.66,0,40.92,40.25,40.23,1,500,1,1,1,1,1,1,1,1,1,,,,,,,,,,,,,,,,,,,,,,Dimensional / Alignment,Dimensional / Alignment
CC-25014510,1561826,330-020-017,1561826_CTX_LK_inductive_05.xlsx,Coil damage,Suspected coil damaged during front cap rework process due to front cap bending issue,0.0,,,,,1,eeprom_integrity [],eeprom_integrity [],,,,,,,,,,,,,,,,,,,,,,,,,,,,,,,,,,,,,,,,,,,,,,,,,,Coil,Coil
CC-25014510,1561826,330-020-017,1561826_CTX_LK_inductive_05.xlsx,Coil damage,Suspected coil damaged during front cap rework process due to front cap bending issue,0.0,,,,,1,eeprom_integrity [],eeprom_integrity [],,,,,,,,,,,,,,,,,,,,,,,,,,,,,,,,,,,,,,,,,,,,,,,,,,Coil,Coil
CC-25014510,1561826,330-020-017,1561826_CTX_LK_inductive_05.xlsx,Coil damage,Suspected coil damaged during front cap rework process due to front cap bending issue,0.0,,,,,2,VRCUmeasurement [];eeprom_integrity [],eeprom_integrity [],,,,,,,,,,,,,,,,,,,,1,1,,,,,,,,,,,,,,,,,,,,,,,,,,,,,Coil,Coil
CC-25014510,1561826,330-020-017,1561826_CTX_LK_inductive_05.xlsx,Coil damage,Suspected coil damaged during front cap rework process due to front cap bending issue,0.0,,,,,1,eeprom_integrity [],eeprom_integrity [],,,,,,,,,,,,,,,,,,,,,,,,,,,,,,,,,,,,,,,,,,,,,,,,,,Coil,Coil
CC-25014510,1561826,330-020-017,1561826_CTX_LK_inductive_05.xlsx,Coil damage,Suspected coil damaged during front cap rework process due to front cap bending issue,0.0,,,,,1,eeprom_integrity [],eeprom_integrity [],,,,,,,,,,,,,,,,,,,,,,,,,,,,,,,,,,,,,,,,,,,,,,,,,,Coil,Coil
CC-25014510,1561826,330-020-017,1561826_CTX_LK_inductive_05.xlsx,Coil damage,Suspected coil damaged during front cap rework process due to front cap bending issue,0.0,,,,,3,IcInternalTemperature [];VRCUmeasurement [];eeprom_integrity [],eeprom_integrity [],,,,,,,,,,,,,,,,,,,,1,1,,,,,,,,,,,,,,,,,,,,,,,,,,,,,Coil,Coil
CC-25014509,1561826,330-020-017,1561826_CTX_LK_inductive_05.xlsx,High coil resistance,Suspected coil strands damaged during front cap rework process due to front cap bending issue,0.0,,,,,1,eeprom_integrity [],eeprom_integrity [],,,,,,,,,,,,,,,,,,,,,,,,,,,,,,,,,,,,,,,,,,,,,,,,,,Coil,Coil
CC-25014509,1561826,330-020-017,1561826_CTX_LK_inductive_05.xlsx,High coil resistance,Suspected coil strands damaged during front cap rework process due to front cap bending issue,0.0,,,,,1,eeprom_integrity [],eeprom_integrity [],,,,,,,,,,,,,,,,,,,,,,,,,,,,,,,,,,,,,,,,,,,,,,,,,,Coil,Coil
CC-25014509,1561826,330-020-017,1561826_CTX_LK_inductive_05.xlsx,High coil resistance,Suspected coil strands damaged during front cap rework process due to front cap bending issue,0.0,,,,,2,VRCUmeasurement [];eeprom_integrity [],eeprom_integrity [],,,,,,,,,,,,,,,,,,,,1,1,,,,,,,,,,,,,,,,,,,,,,,,,,,,,Coil,Coil
CC-25058047,2028089,330-010-017,2028089_CTX_LK_inductive_05.xlsx,Ferrite crack,Ferrite crack caused due to misalignment in molding tool,7.621,1348344,17493434,5585334,1,6,DistUnom [mm];HystUnom [%];UsatUmaxIchmax [V];UbDeclenchement [V];RetDispUmin [ms];SignErrOnUmin [ms],DistUnom [mm];HystUnom [%],0.988,0.0,8.546,7.785,252,-0.4,0,9.8,348.549,42.877,0,0.002,0.663,0.001,40.515,40.829,39.761,1,500,1,1,1,1,1,1,1,1,1,,,,,,,,,,,,,,,,,,,,,,Dimensional / Alignment,Dimensional / Alignment
CC-25012447,1489113,330-020-375,1489113_CTX_LK_inductive_07.xlsx,Gap between ferrite and front cap,Not applied glue to fix ferrite and cap,9.079,187898,14608940,5574799,1,4,UDist1Unom [V];UDist2Unom [V];UDist3Unom [V];UDist4Unom [V],UDist1Unom [V];UDist2Unom [V];UDist3Unom [V];UDist4Unom [V],,,8.229,,,,,,,,,0,,,,39.864,40.648,,500,1,1,,,,,,,,0.661,3.544,3.91,3.991,4.01,,,,,,,,,,,,,,,,,Dimensional / Alignment,Dimensional / Alignment
CC-25012447,1489113,330-020-375,1489113_CTX_LK_inductive_07.xlsx,Gap between ferrite and front cap,Not applied glue to fix ferrite and cap,1.69,187901,14608946,5574799,1,2,UDist2Unom [V];UDist3Unom [V],UDist2Unom [V];UDist3Unom [V],,,8.285,,,,,,,,,0,,,,40.089,40.79,,500,1,1,,,,,,,,0.055,1.02,2.676,3.653,4.011,,,,,,,,,,,,,,,,,Dimensional / Alignment,Dimensional / Alignment
CC-25012447,1489113,330-020-375,1489113_CTX_LK_inductive_06.xlsx,Gap between ferrite and front cap,Not applied glue to fix ferrite and cap,1.243,187901,14608946,5574799,1,1,UDist3Unom [V],UDist3Unom [V],,,8.327,,,,,,,,,0.002,,,,40.2,40.861,,500,1,1,,,,,,,,0.055,0.911,2.594,3.626,4.005,,,,,,,,,,,,,,,,,Dimensional / Alignment,Dimensional / Alignment
CC-25012448,1489113,330-020-375,1489113_CTX_LK_inductive_07.xlsx,Improper connection of test cable,"Poor connection on test cable with sensor, operator negligence, 3 pcs got passed out of 4 when re tested",9.079,187898,14608940,5574799,1,4,UDist1Unom [V];UDist2Unom [V];UDist3Unom [V];UDist4Unom [V],UDist1Unom [V];UDist2Unom [V];UDist3Unom [V];UDist4Unom [V],,,8.229,,,,,,,,,0,,,,39.864,40.648,,500,1,1,,,,,,,,0.661,3.544,3.91,3.991,4.01,,,,,,,,,,,,,,,,,Flex / PCB / Solder / Wiring,Flex / PCB / Solder / Wiring
CC-25012449,1489113,330-020-375,1489113_CTX_LK_inductive_07.xlsx,Improper connection of test cable,"Poor connection on test cable with sensor, operator negligence, 3 pcs got passed out of 4 when re tested",9.079,187898,14608940,5574799,1,4,UDist1Unom [V];UDist2Unom [V];UDist3Unom [V];UDist4Unom [V],UDist1Unom [V];UDist2Unom [V];UDist3Unom [V];UDist4Unom [V],,,8.229,,,,,,,,,0,,,,39.864,40.648,,500,1,1,,,,,,,,0.661,3.544,3.91,3.991,4.01,,,,,,,,,,,,,,,,,Flex / PCB / Solder / Wiring,Flex / PCB / Solder / Wiring
CC-25012449,1489113,330-020-375,1489113_CTX_LK_inductive_07.xlsx,Improper connection of test cable,"Poor connection on test cable with sensor, operator negligence, 3 pcs got passed out of 4 when re tested",1.69,187901,14608946,5574799,1,2,UDist2Unom [V];UDist3Unom [V],UDist2Unom [V];UDist3Unom [V],,,8.285,,,,,,,,,0,,,,40.089,40.79,,500,1,1,,,,,,,,0.055,1.02,2.676,3.653,4.011,,,,,,,,,,,,,,,,,Flex / PCB / Solder / Wiring,Flex / PCB / Solder / Wiring
CC-25012449,1489113,330-020-375,1489113_CTX_LK_inductive_06.xlsx,Improper connection of test cable,"Poor connection on test cable with sensor, operator negligence, 3 pcs got passed out of 4 when re tested",1.243,187901,14608946,5574799,1,1,UDist3Unom [V],UDist3Unom [V],,,8.327,,,,,,,,,0.002,,,,40.2,40.861,,500,1,1,,,,,,,,0.055,0.911,2.594,3.626,4.005,,,,,,,,,,,,,,,,,Flex / PCB / Solder / Wiring,Flex / PCB / Solder / Wiring
CC-25012449,1489113,330-020-375,1489113_CTX_LK_inductive_06.xlsx,Improper connection of test cable,"Poor connection on test cable with sensor, operator negligence, 3 pcs got passed out of 4 when re tested",0.0,,,,,1,eeprom_integrity [],eeprom_integrity [],,,,,,,,,,,,,,,,,,,,1,1,,,,,,,,,,,,,,,,,,,,,,,,,,,,,Flex / PCB / Solder / Wiring,Flex / PCB / Solder / Wiring
CC-25012880,2008818,330-010-158,2008818_CTX_LK_inductive_05.xlsx,ASIC loose,Suspected material issue with lack of strength of soldering strength between solder balls in the IC and PCAB pads,0.0,,,,,1,eeprom_integrity [],eeprom_integrity [],,,,,,,,,,,,,,,,,,,,,,,,,,,,,,,,,,,,,,,,,,,,,,,,,,ASIC / EEPROM,ASIC / EEPROM
CC-25012880,2008818,330-010-158,2008818_CTX_LK_inductive_05.xlsx,ASIC loose,Suspected material issue with lack of strength of soldering strength between solder balls in the IC and PCAB pads,0.0,,,,,1,eeprom_integrity [],eeprom_integrity [],,,,,,,,,,,,,,,,,,,,,,,,,,,,,,,,,,,,,,,,,,,,,,,,,,ASIC / EEPROM,ASIC / EEPROM
CC-25012880,2008818,330-010-158,2008818_CTX_LK_inductive_05.xlsx,ASIC loose,Suspected material issue with lack of strength of soldering strength between solder balls in the IC and PCAB pads,0.0,,,,,1,eeprom_integrity [],eeprom_integrity [],,,,,,,,,,,,,,,,,,,,,,,,,,,,,,,,,,,,,,,,,,,,,,,,,,ASIC / EEPROM,ASIC / EEPROM
CC-25012354,1487354,330-020-017,1487354_CTX_LK_inductive_01.xlsx,Ferrite cracked,Possible root cause - excess stress on ferrites from part holder tools P01/P06 & P02,2.238,956493,14250521,5574799,1,5,HystUnom [%];IccEnclUmax [mA];UsatUmaxIchmax [V];UbDeclenchement [V];RetDispUmin [ms],HystUnom [%],N0.00,0.0,9.03,9.01,0.0,0.0,0,9.8,360.0,0,0,0,0.66,0,39.17,39.96,39.46,1,500,1,1,1,1,1,1,1,1,1,,,,,,,,,,,,,,,,,,,,,,Dimensional / Alignment,Dimensional / Alignment
CC-25012354,1487354,330-020-017,1487354_CTX_LK_inductive_01.xlsx,Ferrite cracked,Possible root cause - excess stress on ferrites from part holder tools P01/P06 & P02,2.238,956489,14250517,5574799,1,5,HystUnom [%];IccEnclUmax [mA];UsatUmaxIchmax [V];UbDeclenchement [V];RetDispUmin [ms],HystUnom [%],N0.00,0.0,7.82,7.83,0.0,0.0,0,9.8,360.0,0,0,0,0.66,0,38.96,39.69,38.89,o0.00,500,1,1,1,1,1,1,1,1,1,,,,,,,,,,,,,,,,,,,,,,Dimensional / Alignment,Dimensional / Alignment
CC-25012354,1487354,330-020-017,1487354_CTX_LK_inductive_01.xlsx,Ferrite cracked,Possible root cause - excess stress on ferrites from part holder tools P01/P06 & P02,2.238,956494,14250522,5574799,1,5,HystUnom [%];IccEnclUmax [mA];UsatUmaxIchmax [V];UbDeclenchement [V];RetDispUmin [ms],HystUnom [%],N0.00,0.0,9.05,9.02,0.0,0.0,0,9.8,360.0,0,0,0,0.66,0,39.27,39.27,39.09,o0.00,500,1,1,1,1,1,1,1,1,1,,,,,,,,,,,,,,,,,,,,,,Dimensional / Alignment,Dimensional / Alignment
CC-25109456,1620305,330-020-017,1620305_CTX_LK_inductive_02.xlsx,Ferrite crack,Ferrite cracked due to excess Loctite 406 glue amount applied on ferrite causing excessive force applied on ferrite,2.169,1384008,17826097,5593311,1,1,DistUnom [mm],DistUnom [mm],2.02,6.33,8.11,7.43,300,1.85,0,7.75,26.5,0,0,0,0.66,0,40.06,40.52,39.94,1,500,1,1,1,1,1,1,1,1,1,,,,,,,,,,,,,,,,,,,,,,Dimensional / Alignment,Dimensional / Alignment
CC-25109456,1620305,330-020-017,1620305_CTX_LK_inductive_02.xlsx,Ferrite crack,Ferrite cracked due to excess Loctite 406 glue amount applied on ferrite causing excessive force applied on ferrite,2.03,1384012,17826101,5593311,1,4,HystUnom [%];UsatUmaxIchmax [V];RetDispUmin [ms];SignErrOnUmin [ms],HystUnom [%],2.47,0.76,7.98,7.34,300,2.39,0,7.75,360.0,135.44,0,0,0.66,0,39.92,40.64,40.13,1,500,1,1,1,1,1,1,1,1,1,,,,,,,,,,,,,,,,,,,,,,Dimensional / Alignment,Dimensional / Alignment
CC-25109456,1620305,330-020-017,1620305_CTX_LK_inductive_02.xlsx,Ferrite crack,Ferrite cracked due to excess Loctite 406 glue amount applied on ferrite causing excessive force applied on ferrite,2.001,1384006,17826095,5593311,1,1,DistUnom [mm],DistUnom [mm],2.05,6.93,7.84,7.24,300,1.56,0,7.75,26.46,0,0,0,0.66,0,40.43,40.66,40.05,1,500,1,1,1,1,1,1,1,1,1,,,,,,,,,,,,,,,,,,,,,,Dimensional / Alignment,Dimensional / Alignment
CC-25109456,1620305,330-020-017,1620305_CTX_LK_inductive_02.xlsx,Ferrite crack,Ferrite cracked due to excess Loctite 406 glue amount applied on ferrite causing excessive force applied on ferrite,1.945,1383996,17826085,5593311,1,1,DistUnom [mm],DistUnom [mm],2.06,7.02,8.03,7.36,300,1.76,0,7.75,26.36,0,0,0,0.66,0,40.07,40.49,39.95,1,500,1,1,1,1,1,1,1,1,1,,,,,,,,,,,,,,,,,,,,,,Dimensional / Alignment,Dimensional / Alignment
CC-25109456,1620305,330-020-017,1620305_CTX_LK_inductive_02.xlsx,Ferrite crack,Ferrite cracked due to excess Loctite 406 glue amount applied on ferrite causing excessive force applied on ferrite,1.722,1384017,17826106,5593311,1,1,DistUnom [mm],DistUnom [mm],2.1,7.85,8.11,7.46,300,1.56,0,7.75,26.28,0,0,0,0.66,0,40.1,40.8,40.01,1,500,1,1,1,1,1,1,1,1,1,,,,,,,,,,,,,,,,,,,,,,Dimensional / Alignment,Dimensional / Alignment
CC-25109456,1620305,330-020-017,1620305_CTX_LK_inductive_02.xlsx,Ferrite crack,Ferrite cracked due to excess Loctite 406 glue amount applied on ferrite causing excessive force applied on ferrite,1.722,1384041,17826130,5593311,1,1,DistUnom [mm],DistUnom [mm],2.1,7.4,8.06,7.38,300,1.55,0,7.75,26.42,0,0,0,0.66,0,40.04,40.54,39.96,1,500,1,1,1,1,1,1,1,1,1,,,,,,,,,,,,,,,,,,,,,,Dimensional / Alignment,Dimensional / Alignment
CC-25109456,1620305,330-020-017,1620305_CTX_LK_inductive_02.xlsx,Ferrite crack,Ferrite cracked due to excess Loctite 406 glue amount applied on ferrite causing excessive force applied on ferrite,1.666,1384016,17826105,5593311,1,2,DistUnom [mm];TestIsolation [0/1],DistUnom [mm],2.11,6.95,8.06,7.41,300,1.93,0,7.75,26.5,0,0,0,0.66,0,40.05,40.91,39.63,1,500.0,1,1,1,1,1,1,1,1,1,,,,,,,,,,,,,,,,,,,,,,Dimensional / Alignment,Dimensional / Alignment
CC-25109456,1620305,330-020-017,1620305_CTX_LK_inductive_02.xlsx,Ferrite crack,Ferrite cracked due to excess Loctite 406 glue amount applied on ferrite causing excessive force applied on ferrite,1.666,1384056,17826145,5593311,1,1,DistUnom [mm],DistUnom [mm],2.11,5.68,8.14,7.44,300,1.52,0,7.75,26.5,0,0,0,0.66,0,40.43,40.97,39.98,1,500,1,1,1,1,1,1,1,1,1,,,,,,,,,,,,,,,,,,,,,,Dimensional / Alignment,Dimensional / Alignment
CC-25109456,1620305,330-020-017,1620305_CTX_LK_inductive_02.xlsx,Ferrite crack,Ferrite cracked due to excess Loctite 406 glue amount applied on ferrite causing excessive force applied on ferrite,1.443,1384004,17826093,5593311,1,1,DistUnom [mm],DistUnom [mm],2.15,7.94,8.05,7.37,300,1.7,0,7.75,26.38,0,0,0,0.66,0,39.42,40.69,39.88,1,500,1,1,1,1,1,1,1,1,1,,,,,,,,,,,,,,,,,,,,,,Dimensional / Alignment,Dimensional / Alignment
CC-25109456,1620305,330-020-017,1620305_CTX_LK_inductive_02.xlsx,Ferrite crack,Ferrite cracked due to excess Loctite 406 glue amount applied on ferrite causing excessive force applied on ferrite,1.331,1383845,17825932,5593311,1,1,DistUnom [mm],DistUnom [mm],2.17,8.02,8.06,7.45,300,1.69,0,7.75,26.56,0,0,0,0.66,0,40.33,40.44,40.37,1,500,1,1,1,1,1,1,1,1,1,,,,,,,,,,,,,,,,,,,,,,Dimensional / Alignment,Dimensional / Alignment
CC-25109456,1620305,330-020-017,1620305_CTX_LK_inductive_02.xlsx,Ferrite crack,Ferrite cracked due to excess Loctite 406 glue amount applied on ferrite causing excessive force applied on ferrite,1.275,1383838,17825925,5593311,1,1,DistUnom [mm],DistUnom [mm],2.18,7.57,7.96,7.29,300,1.58,0,7.75,26.44,0,0,0,0.66,0,40.16,40.69,39.93,1,500,1,1,1,1,1,1,1,1,1,,,,,,,,,,,,,,,,,,,,,,Dimensional / Alignment,Dimensional / Alignment
CC-25109456,1620305,330-020-017,1620305_CTX_LK_inductive_02.xlsx,Ferrite crack,Ferrite cracked due to excess Loctite 406 glue amount applied on ferrite causing excessive force applied on ferrite,1.163,1384046,17826135,5593311,1,1,DistUnom [mm],DistUnom [mm],2.2,7.77,8.04,7.37,300,1.82,0,7.75,26.64,0,0,0,0.66,0,40.41,41.1,40.01,1,500,1,1,1,1,1,1,1,1,1,,,,,,,,,,,,,,,,,,,,,,Dimensional / Alignment,Dimensional / Alignment
CC-25109456,1620305,330-020-017,1620305_CTX_LK_inductive_02.xlsx,Ferrite crack,Ferrite cracked due to excess Loctite 406 glue amount applied on ferrite causing excessive force applied on ferrite,1.163,1384036,17826125,5593311,1,1,DistUnom [mm],DistUnom [mm],2.2,9.72,7.92,7.24,300,1.55,0,7.75,26.56,0,0,0,0.66,0,40.24,40.54,40.57,1,500,1,1,1,1,1,1,1,1,1,,,,,,,,,,,,,,,,,,,,,,Dimensional / Alignment,Dimensional / Alignment
CC-25109456,1620305,330-020-017,1620305_CTX_LK_inductive_02.xlsx,Ferrite crack,Ferrite cracked due to excess Loctite 406 glue amount applied on ferrite causing excessive force applied on ferrite,1.108,1384015,17826104,5593311,1,1,DistUnom [mm],DistUnom [mm],2.21,7.45,8.07,7.4,300,1.55,0,7.75,26.32,0,0,0,0.66,0,40.19,40.78,40.03,1,500,1,1,1,1,1,1,1,1,1,,,,,,,,,,,,,,,,,,,,,,Dimensional / Alignment,Dimensional / Alignment
CC-25109456,1620305,330-020-017,1620305_CTX_LK_inductive_02.xlsx,Ferrite crack,Ferrite cracked due to excess Loctite 406 glue amount applied on ferrite causing excessive force applied on ferrite,0.996,1383830,17825917,5593311,1,1,DistUnom [mm],DistUnom [mm],2.23,8.75,7.9,7.27,300,1.58,0,7.75,26.4,0,0,0,0.66,0,39.84,40.1,39.83,1,500,1,1,1,1,1,1,1,1,1,,,,,,,,,,,,,,,,,,,,,,Dimensional / Alignment,Dimensional / Alignment
CC-25109456,1620305,330-020-017,1620305_CTX_LK_inductive_02.xlsx,Ferrite crack,Ferrite cracked due to excess Loctite 406 glue amount applied on ferrite causing excessive force applied on ferrite,0.94,1383992,17826080,5593311,1,1,DistUnom [mm],DistUnom [mm],2.24,8.38,8.09,7.43,300,1.53,0,7.75,26.42,0,0,0,0.66,0,39.96,40.8,40.02,1,500,1,1,1,1,1,1,1,1,1,,,,,,,,,,,,,,,,,,,,,,Dimensional / Alignment,Dimensional / Alignment
