PO,model_target,DistUnom [mm],HystUnom [%],ILedOn [mA],IconsHorsCharge [mA],IccEnclUmax [mA],UsatUmaxIchmax [V],IfuiteUmax [mA],UbDeclenchement [V],RetDispUmin [ms],SignErrOnUmin [ms],SignErrOffUmin [ms],IinvBlBr [mA],IinvBlNr [mA],IinvNrBr [mA],UzOverOut [V],UzOverUb [V],UzInvUb [V],YellowLed [0/1],TestIsolation [0/1],IcPreconfig [0/1],5V4trim [0/1],TemperatureComp [0/1],CalibrSP1 [0/1],CalibrSP1Hys [0/1],CalibrSP2 [0/1],CalibrSP2Hys [0/1],CalibrSP3 [0/1],CalibrSP3Hys [0/1],UDist1Unom [V],UDist2Unom [V],UDist3Unom [V],UDist4Unom [V],UDist5Unom [V],UzOverOut2 [V],IDist1Unom [mA],IDist2Unom [mA],IDist3Unom [mA],IDist4Unom [mA],IDist5Unom [mA],UDist1Umin [V],UDist3Umin [V],UDist5Umin [V],IDist1Umin [mA],IDist5Umin [mA],UDist1Umax [V],UDist3Umax [V],UDist5Umax [V],IDist1Umax [mA],IDist5Umax [mA]
1601245,Coil,2.69,5.28,8.07,7.639,300.0,1.503,0.0,7.75,26.515,0.0,0.0,0.001,0.66,0.0,40.07,39.98,40.544,1.0,500.0,1.0,1.0,1.0,1.0,1.0,1.0,1.0,1.0,1.0,0.193,10.1815,5.160500000000001,8.5145,9.791,39.947,4.151,20.458,12.899,17.499,19.529,0.0,2.61,5.19,1.34,5.4350000000000005,0.13,2.61,5.2,1.31,5.41
1601245,Coil,2.69,5.28,8.07,7.639,300.0,1.503,0.0,7.75,26.515,0.0,0.0,0.001,0.66,0.0,40.07,39.98,40.544,1.0,500.0,1.0,1.0,1.0,1.0,1.0,1.0,1.0,1.0,1.0,0.193,10.1815,5.160500000000001,8.5145,9.791,39.947,4.151,20.458,12.899,17.499,19.529,0.0,2.61,5.19,1.34,5.4350000000000005,0.13,2.61,5.2,1.31,5.41
1601245,Coil,2.69,5.28,8.07,7.639,300.0,1.503,0.0,7.75,26.515,0.0,0.0,0.001,0.66,0.0,40.07,39.98,40.544,1.0,500.0,1.0,1.0,1.0,1.0,1.0,1.0,1.0,1.0,1.0,0.193,10.1815,5.160500000000001,8.5145,9.791,39.947,4.151,20.458,12.899,17.499,19.529,0.0,2.61,5.19,1.34,5.4350000000000005,0.13,2.61,5.2,1.31,5.41
1601245,Coil,2.69,5.28,8.07,7.639,300.0,1.503,0.0,7.75,26.515,0.0,0.0,0.001,0.66,0.0,40.07,39.98,40.544,1.0,500.0,1.0,1.0,1.0,1.0,1.0,1.0,1.0,1.0,1.0,0.193,10.1815,5.160500000000001,8.5145,9.791,39.947,4.151,20.458,12.899,17.499,19.529,0.0,2.61,5.19,1.34,5.4350000000000005,0.13,2.61,5.2,1.31,5.41
1601245,Coil,2.69,5.28,8.07,7.639,300.0,1.503,0.0,7.75,26.515,0.0,0.0,0.001,0.66,0.0,40.07,39.98,40.544,1.0,500.0,1.0,1.0,1.0,1.0,1.0,1.0,1.0,1.0,1.0,0.193,10.1815,5.160500000000001,8.5145,9.791,39.947,4.151,20.458,12.899,17.499,19.529,0.0,2.61,5.19,1.34,5.4350000000000005,0.13,2.61,5.2,1.31,5.41
1601245,Coil,2.69,5.28,8.07,7.639,300.0,1.503,0.0,7.75,26.515,0.0,0.0,0.001,0.66,0.0,40.07,39.98,40.544,1.0,500.0,1.0,1.0,1.0,1.0,1.0,1.0,1.0,1.0,1.0,0.193,10.1815,5.160500000000001,8.5145,9.791,39.947,4.151,20.458,12.899,17.499,19.529,0.0,2.61,5.19,1.34,5.4350000000000005,0.13,2.61,5.2,1.31,5.41
2009638,ASIC / EEPROM,2.69,5.28,8.07,7.639,300.0,1.503,0.0,7.75,26.515,0.0,0.0,0.001,0.66,0.0,40.07,39.98,40.544,1.0,500.0,1.0,1.0,1.0,1.0,1.0,1.0,1.0,1.0,1.0,0.193,10.1815,5.160500000000001,8.5145,9.791,39.947,4.151,20.458,12.899,17.499,19.529,0.0,2.61,5.19,1.34,5.4350000000000005,0.13,2.61,5.2,1.31,5.41
2009638,ASIC / EEPROM,2.69,5.28,8.07,7.639,300.0,1.503,0.0,7.75,26.515,0.0,0.0,0.001,0.66,0.0,40.07,39.98,40.544,1.0,500.0,1.0,1.0,1.0,1.0,1.0,1.0,1.0,1.0,1.0,0.193,10.1815,5.160500000000001,8.5145,9.791,39.947,4.151,20.458,12.899,17.499,19.529,0.0,2.61,5.19,1.34,5.4350000000000005,0.13,2.61,5.2,1.31,5.41
2009638,ASIC / EEPROM,2.69,5.28,8.07,7.639,300.0,1.503,0.0,7.75,26.515,0.0,0.0,0.001,0.66,0.0,40.07,39.98,40.544,1.0,500.0,1.0,1.0,1.0,1.0,1.0,1.0,1.0,1.0,1.0,0.193,10.1815,5.160500000000001,8.5145,9.791,39.947,4.151,20.458,12.899,17.499,19.529,0.0,2.61,5.19,1.34,5.4350000000000005,0.13,2.61,5.2,1.31,5.41
2009638,ASIC / EEPROM,2.69,5.28,8.07,7.639,300.0,1.503,0.0,7.75,26.515,0.0,0.0,0.001,0.66,0.0,40.07,39.98,40.544,1.0,500.0,1.0,1.0,1.0,1.0,1.0,1.0,1.0,1.0,1.0,0.193,10.1815,5.160500000000001,8.5145,9.791,39.947,4.151,20.458,12.899,17.499,19.529,0.0,2.61,5.19,1.34,5.4350000000000005,0.13,2.61,5.2,1.31,5.41
2009638,ASIC / EEPROM,2.69,5.28,8.07,7.639,300.0,1.503,0.0,7.75,26.515,0.0,0.0,0.001,0.66,0.0,40.07,39.98,40.544,1.0,500.0,1.0,1.0,1.0,1.0,1.0,1.0,1.0,1.0,1.0,0.193,10.1815,5.160500000000001,8.5145,9.791,39.947,4.151,20.458,12.899,17.499,19.529,0.0,2.61,5.19,1.34,5.4350000000000005,0.13,2.61,5.2,1.31,5.41
2009638,ASIC / EEPROM,2.69,5.28,8.07,7.639,300.0,1.503,0.0,7.75,26.515,0.0,0.0,0.001,0.66,0.0,40.07,39.98,40.544,1.0,500.0,1.0,1.0,1.0,1.0,1.0,1.0,1.0,1.0,1.0,0.193,10.1815,5.160500000000001,8.5145,9.791,39.947,4.151,20.458,12.899,17.499,19.529,0.0,2.61,5.19,1.34,5.4350000000000005,0.13,2.61,5.2,1.31,5.41
2009638,ASIC / EEPROM,2.69,5.28,8.07,7.639,300.0,1.503,0.0,7.75,26.515,0.0,0.0,0.001,0.66,0.0,40.07,39.98,40.544,1.0,500.0,1.0,1.0,1.0,1.0,1.0,1.0,1.0,1.0,1.0,0.193,10.1815,5.160500000000001,8.5145,9.791,39.947,4.151,20.458,12.899,17.499,19.529,0.0,2.61,5.19,1.34,5.4350000000000005,0.13,2.61,5.2,1.31,5.41
2009638,ASIC / EEPROM,2.69,5.28,8.07,7.639,300.0,1.503,0.0,7.75,26.515,0.0,0.0,0.001,0.66,0.0,40.07,39.98,40.544,1.0,500.0,1.0,1.0,1.0,1.0,1.0,1.0,1.0,1.0,1.0,0.193,10.1815,5.160500000000001,8.5145,9.791,39.947,4.151,20.458,12.899,17.499,19.529,0.0,2.61,5.19,1.34,5.4350000000000005,0.13,2.61,5.2,1.31,5.41
2009638,ASIC / EEPROM,2.69,5.28,8.07,7.639,300.0,1.503,0.0,7.75,26.515,0.0,0.0,0.001,0.66,0.0,40.07,39.98,40.544,1.0,500.0,1.0,1.0,1.0,1.0,1.0,1.0,1.0,1.0,1.0,0.193,10.1815,5.160500000000001,8.5145,9.791,39.947,4.151,20.458,12.899,17.499,19.529,0.0,2.61,5.19,1.34,5.4350000000000005,0.13,2.61,5.2,1.31,5.41
1480729,ASIC / EEPROM,2.69,5.28,8.07,7.639,300.0,1.503,0.0,7.75,26.515,0.0,0.0,0.001,0.66,0.0,40.07,39.98,40.544,1.0,500.0,1.0,1.0,1.0,1.0,1.0,1.0,1.0,1.0,1.0,0.193,10.1815,5.160500000000001,8.5145,9.791,39.947,4.151,20.458,12.899,17.499,19.529,0.0,2.61,5.19,1.34,5.4350000000000005,0.13,2.61,5.2,1.31,5.41
1480729,ASIC / EEPROM,2.69,5.28,8.07,7.639,300.0,1.503,0.0,7.75,26.515,0.0,0.0,0.001,0.66,0.0,40.07,39.98,40.544,1.0,500.0,1.0,1.0,1.0,1.0,1.0,1.0,1.0,1.0,1.0,0.193,10.1815,5.160500000000001,8.5145,9.791,39.947,4.151,20.458,12.899,17.499,19.529,0.0,2.61,5.19,1.34,5.4350000000000005,0.13,2.61,5.2,1.31,5.41
1480729,ASIC / EEPROM,2.69,5.28,8.07,7.639,300.0,1.503,0.0,7.75,26.515,0.0,0.0,0.001,0.66,0.0,40.07,39.98,40.544,1.0,500.0,1.0,1.0,1.0,1.0,1.0,1.0,1.0,1.0,1.0,0.193,10.1815,5.160500000000001,8.5145,9.791,39.947,4.151,20.458,12.899,17.499,19.529,0.0,2.61,5.19,1.34,5.4350000000000005,0.13,2.61,5.2,1.31,5.41
1480729,ASIC / EEPROM,2.69,5.28,8.07,7.639,300.0,1.503,0.0,7.75,26.515,0.0,0.0,0.001,0.66,0.0,40.07,39.98,40.544,1.0,500.0,1.0,1.0,1.0,1.0,1.0,1.0,1.0,1.0,1.0,0.193,10.1815,5.160500000000001,8.5145,9.791,39.947,4.151,20.458,12.899,17.499,19.529,0.0,2.61,5.19,1.34,5.4350000000000005,0.13,2.61,5.2,1.31,5.41
1480729,ASIC / EEPROM,2.69,5.28,8.07,7.639,300.0,1.503,0.0,7.75,26.515,0.0,0.0,0.001,0.66,0.0,40.07,39.98,40.544,1.0,500.0,1.0,1.0,1.0,1.0,1.0,1.0,1.0,1.0,1.0,0.193,10.1815,5.160500000000001,8.5145,9.791,39.947,4.151,20.458,12.899,17.499,19.529,0.0,2.61,5.19,1.34,5.4350000000000005,0.13,2.61,5.2,1.31,5.41
1480729,ASIC / EEPROM,2.69,5.28,8.07,7.639,300.0,1.503,0.0,7.75,26.515,0.0,0.0,0.001,0.66,0.0,40.07,39.98,40.544,1.0,500.0,1.0,1.0,1.0,1.0,1.0,1.0,1.0,1.0,1.0,0.193,10.1815,5.160500000000001,8.5145,9.791,39.947,4.151,20.458,12.899,17.499,19.529,0.0,2.61,5.19,1.34,5.4350000000000005,0.13,2.61,5.2,1.31,5.41
1480729,ASIC / EEPROM,2.69,5.28,8.07,7.639,300.0,1.503,0.0,7.75,26.515,0.0,0.0,0.001,0.66,0.0,40.07,39.98,40.544,1.0,500.0,1.0,1.0,1.0,1.0,1.0,1.0,1.0,1.0,1.0,0.193,10.1815,5.160500000000001,8.5145,9.791,39.947,4.151,20.458,12.899,17.499,19.529,0.0,2.61,5.19,1.34,5.4350000000000005,0.13,2.61,5.2,1.31,5.41
1480729,ASIC / EEPROM,2.69,5.28,8.07,7.639,300.0,1.503,0.0,7.75,26.515,0.0,0.0,0.001,0.66,0.0,40.07,39.98,40.544,1.0,500.0,1.0,1.0,1.0,1.0,1.0,1.0,1.0,1.0,1.0,0.193,10.1815,5.160500000000001,8.5145,9.791,39.947,4.151,20.458,12.899,17.499,19.529,0.0,2.61,5.19,1.34,5.4350000000000005,0.13,2.61,5.2,1.31,5.41
1480729,ASIC / EEPROM,2.69,5.28,8.07,7.639,300.0,1.503,0.0,7.75,26.515,0.0,0.0,0.001,0.66,0.0,40.07,39.98,40.544,1.0,500.0,1.0,1.0,1.0,1.0,1.0,1.0,1.0,1.0,1.0,0.193,10.1815,5.160500000000001,8.5145,9.791,39.947,4.151,20.458,12.899,17.499,19.529,0.0,2.61,5.19,1.34,5.4350000000000005,0.13,2.61,5.2,1.31,5.41
1480729,ASIC / EEPROM,2.69,5.28,8.07,7.639,300.0,1.503,0.0,7.75,26.515,0.0,0.0,0.001,0.66,0.0,40.07,39.98,40.544,1.0,500.0,1.0,1.0,1.0,1.0,1.0,1.0,1.0,1.0,1.0,0.193,10.1815,5.160500000000001,8.5145,9.791,39.947,4.151,20.458,12.899,17.499,19.529,0.0,2.61,5.19,1.34,5.4350000000000005,0.13,2.61,5.2,1.31,5.41
1480729,ASIC / EEPROM,2.69,5.28,8.07,7.639,300.0,1.503,0.0,7.75,26.515,0.0,0.0,0.001,0.66,0.0,40.07,39.98,40.544,1.0,500.0,1.0,1.0,1.0,1.0,1.0,1.0,1.0,1.0,1.0,0.193,10.1815,5.160500000000001,8.5145,9.791,39.947,4.151,20.458,12.899,17.499,19.529,0.0,2.61,5.19,1.34,5.4350000000000005,0.13,2.61,5.2,1.31,5.41
1510060,ASIC / EEPROM,2.69,5.28,8.07,7.639,300.0,1.503,0.0,7.75,26.515,0.0,0.0,0.001,0.66,0.0,40.07,39.98,40.544,1.0,500.0,1.0,1.0,1.0,1.0,1.0,1.0,1.0,1.0,1.0,0.193,10.1815,5.160500000000001,8.5145,9.791,39.947,4.151,20.458,12.899,17.499,19.529,0.0,2.61,5.19,1.34,5.4350000000000005,0.13,2.61,5.2,1.31,5.41
1510060,ASIC / EEPROM,2.69,5.28,8.07,7.639,300.0,1.503,0.0,7.75,26.515,0.0,0.0,0.001,0.66,0.0,40.07,39.98,40.544,1.0,500.0,1.0,1.0,1.0,1.0,1.0,1.0,1.0,1.0,1.0,0.193,10.1815,5.160500000000001,8.5145,9.791,39.947,4.151,20.458,12.899,17.499,19.529,0.0,2.61,5.19,1.34,5.4350000000000005,0.13,2.61,5.2,1.31,5.41
1510060,ASIC / EEPROM,2.69,5.28,8.07,7.639,300.0,1.503,0.0,7.75,26.515,0.0,0.0,0.001,0.66,0.0,40.07,39.98,40.544,1.0,500.0,1.0,1.0,1.0,1.0,1.0,1.0,1.0,1.0,1.0,0.193,10.1815,5.160500000000001,8.5145,9.791,39.947,4.151,20.458,12.899,17.499,19.529,0.0,2.61,5.19,1.34,5.4350000000000005,0.13,2.61,5.2,1.31,5.41
1510060,ASIC / EEPROM,2.69,5.28,8.07,7.639,300.0,1.503,0.0,7.75,26.515,0.0,0.0,0.001,0.66,0.0,40.07,39.98,40.544,1.0,500.0,1.0,1.0,1.0,1.0,1.0,1.0,1.0,1.0,1.0,0.193,10.1815,5.160500000000001,8.5145,9.791,39.947,4.151,20.458,12.899,17.499,19.529,0.0,2.61,5.19,1.34,5.4350000000000005,0.13,2.61,5.2,1.31,5.41
1510060,ASIC / EEPROM,2.69,5.28,8.07,7.639,300.0,1.503,0.0,7.75,26.515,0.0,0.0,0.001,0.66,0.0,40.07,39.98,40.544,1.0,500.0,1.0,1.0,1.0,1.0,1.0,1.0,1.0,1.0,1.0,0.193,10.1815,5.160500000000001,8.5145,9.791,39.947,4.151,20.458,12.899,17.499,19.529,0.0,2.61,5.19,1.34,5.4350000000000005,0.13,2.61,5.2,1.31,5.41
1510060,ASIC / EEPROM,2.69,5.28,8.07,7.639,300.0,1.503,0.0,7.75,26.515,0.0,0.0,0.001,0.66,0.0,40.07,39.98,40.544,1.0,500.0,1.0,1.0,1.0,1.0,1.0,1.0,1.0,1.0,1.0,0.193,10.1815,5.160500000000001,8.5145,9.791,39.947,4.151,20.458,12.899,17.499,19.529,0.0,2.61,5.19,1.34,5.4350000000000005,0.13,2.61,5.2,1.31,5.41
1510060,ASIC / EEPROM,2.69,5.28,8.07,7.639,300.0,1.503,0.0,7.75,26.515,0.0,0.0,0.001,0.66,0.0,40.07,39.98,40.544,1.0,500.0,1.0,1.0,1.0,1.0,1.0,1.0,1.0,1.0,1.0,0.193,10.1815,5.160500000000001,8.5145,9.791,39.947,4.151,20.458,12.899,17.499,19.529,0.0,2.61,5.19,1.34,5.4350000000000005,0.13,2.61,5.2,1.31,5.41
1510060,ASIC / EEPROM,2.69,5.28,8.07,7.639,300.0,1.503,0.0,7.75,26.515,0.0,0.0,0.001,0.66,0.0,40.07,39.98,40.544,1.0,500.0,1.0,1.0,1.0,1.0,1.0,1.0,1.0,1.0,1.0,0.193,10.1815,5.160500000000001,8.5145,9.791,39.947,4.151,20.458,12.899,17.499,19.529,0.0,2.61,5.19,1.34,5.4350000000000005,0.13,2.61,5.2,1.31,5.41
2030095,Coil,2.69,5.28,8.07,7.639,300.0,1.503,0.0,7.75,26.515,0.0,0.0,0.001,0.66,0.0,40.07,39.98,40.544,1.0,500.0,1.0,1.0,1.0,1.0,1.0,1.0,1.0,1.0,1.0,0.193,10.1815,5.160500000000001,8.5145,9.791,39.947,4.151,20.458,12.899,17.499,19.529,0.0,2.61,5.19,1.34,5.4350000000000005,0.13,2.61,5.2,1.31,5.41
2030095,Coil,2.69,5.28,8.07,7.639,300.0,1.503,0.0,7.75,26.515,0.0,0.0,0.001,0.66,0.0,40.07,39.98,40.544,1.0,500.0,1.0,1.0,1.0,1.0,1.0,1.0,1.0,1.0,1.0,0.193,10.1815,5.160500000000001,8.5145,9.791,39.947,4.151,20.458,12.899,17.499,19.529,0.0,2.61,5.19,1.34,5.4350000000000005,0.13,2.61,5.2,1.31,5.41
2030095,Coil,2.69,5.28,8.07,7.639,300.0,1.503,0.0,7.75,26.515,0.0,0.0,0.001,0.66,0.0,40.07,39.98,40.544,1.0,500.0,1.0,1.0,1.0,1.0,1.0,1.0,1.0,1.0,1.0,0.193,10.1815,5.160500000000001,8.5145,9.791,39.947,4.151,20.458,12.899,17.499,19.529,0.0,2.61,5.19,1.34,5.4350000000000005,0.13,2.61,5.2,1.31,5.41
2030095,Coil,2.69,5.28,8.07,7.639,300.0,1.503,0.0,7.75,26.515,0.0,0.0,0.001,0.66,0.0,40.07,39.98,40.544,1.0,500.0,1.0,1.0,1.0,1.0,1.0,1.0,1.0,1.0,1.0,0.193,10.1815,5.160500000000001,8.5145,9.791,39.947,4.151,20.458,12.899,17.499,19.529,0.0,2.61,5.19,1.34,5.4350000000000005,0.13,2.61,5.2,1.31,5.41
2030095,Coil,2.69,5.28,8.07,7.639,300.0,1.503,0.0,7.75,26.515,0.0,0.0,0.001,0.66,0.0,40.07,39.98,40.544,1.0,500.0,1.0,1.0,1.0,1.0,1.0,1.0,1.0,1.0,1.0,0.193,10.1815,5.160500000000001,8.5145,9.791,39.947,4.151,20.458,12.899,17.499,19.529,0.0,2.61,5.19,1.34,5.4350000000000005,0.13,2.61,5.2,1.31,5.41
2030095,Coil,2.69,5.28,8.07,7.639,300.0,1.503,0.0,7.75,26.515,0.0,0.0,0.001,0.66,0.0,40.07,39.98,40.544,1.0,500.0,1.0,1.0,1.0,1.0,1.0,1.0,1.0,1.0,1.0,0.193,10.1815,5.160500000000001,8.5145,9.791,39.947,4.151,20.458,12.899,17.499,19.529,0.0,2.61,5.19,1.34,5.4350000000000005,0.13,2.61,5.2,1.31,5.41
2030095,Coil,2.69,5.28,8.07,7.639,300.0,1.503,0.0,7.75,26.515,0.0,0.0,0.001,0.66,0.0,40.07,39.98,40.544,1.0,500.0,1.0,1.0,1.0,1.0,1.0,1.0,1.0,1.0,1.0,0.193,10.1815,5.160500000000001,8.5145,9.791,39.947,4.151,20.458,12.899,17.499,19.529,0.0,2.61,5.19,1.34,5.4350000000000005,0.13,2.61,5.2,1.31,5.41
2030095,Coil,2.69,5.28,8.07,7.639,300.0,1.503,0.0,7.75,26.515,0.0,0.0,0.001,0.66,0.0,40.07,39.98,40.544,1.0,500.0,1.0,1.0,1.0,1.0,1.0,1.0,1.0,1.0,1.0,0.193,10.1815,5.160500000000001,8.5145,9.791,39.947,4.151,20.458,12.899,17.499,19.529,0.0,2.61,5.19,1.34,5.4350000000000005,0.13,2.61,5.2,1.31,5.41
2030095,Coil,2.69,5.28,8.07,7.639,300.0,1.503,0.0,7.75,26.515,0.0,0.0,0.001,0.66,0.0,40.07,39.98,40.544,1.0,500.0,1.0,1.0,1.0,1.0,1.0,1.0,1.0,1.0,1.0,0.193,10.1815,5.160500000000001,8.5145,9.791,39.947,4.151,20.458,12.899,17.499,19.529,0.0,2.61,5.19,1.34,5.4350000000000005,0.13,2.61,5.2,1.31,5.41
2030095,Coil,2.69,5.28,8.07,7.639,300.0,1.503,0.0,7.75,26.515,0.0,0.0,0.001,0.66,0.0,40.07,39.98,40.544,1.0,500.0,1.0,1.0,1.0,1.0,1.0,1.0,1.0,1.0,1.0,0.193,10.1815,5.160500000000001,8.5145,9.791,39.947,4.151,20.458,12.899,17.499,19.529,0.0,2.61,5.19,1.34,5.4350000000000005,0.13,2.61,5.2,1.31,5.41
2030095,Coil,2.69,5.28,8.07,7.639,300.0,1.503,0.0,7.75,26.515,0.0,0.0,0.001,0.66,0.0,40.07,39.98,40.544,1.0,500.0,1.0,1.0,1.0,1.0,1.0,1.0,1.0,1.0,1.0,0.193,10.1815,5.160500000000001,8.5145,9.791,39.947,4.151,20.458,12.899,17.499,19.529,0.0,2.61,5.19,1.34,5.4350000000000005,0.13,2.61,5.2,1.31,5.41
2030095,Coil,2.69,5.28,8.07,7.639,300.0,1.503,0.0,7.75,26.515,0.0,0.0,0.001,0.66,0.0,40.07,39.98,40.544,1.0,500.0,1.0,1.0,1.0,1.0,1.0,1.0,1.0,1.0,1.0,0.193,10.1815,5.160500000000001,8.5145,9.791,39.947,4.151,20.458,12.899,17.499,19.529,0.0,2.61,5.19,1.34,5.4350000000000005,0.13,2.61,5.2,1.31,5.41
2008357,ASIC / EEPROM,2.69,5.28,8.07,7.639,300.0,1.503,0.0,7.75,26.515,0.0,0.0,0.001,0.66,0.0,40.07,39.98,40.544,1.0,500.0,1.0,1.0,1.0,1.0,1.0,1.0,1.0,1.0,1.0,0.193,10.1815,5.160500000000001,8.5145,9.791,39.947,4.151,20.458,12.899,17.499,19.529,0.0,2.61,5.19,1.34,5.4350000000000005,0.13,2.61,5.2,1.31,5.41
2008357,ASIC / EEPROM,2.69,5.28,8.07,7.639,300.0,1.503,0.0,7.75,26.515,0.0,0.0,0.001,0.66,0.0,40.07,39.98,40.544,1.0,500.0,1.0,1.0,1.0,1.0,1.0,1.0,1.0,1.0,1.0,0.193,10.1815,5.160500000000001,8.5145,9.791,39.947,4.151,20.458,12.899,17.499,19.529,0.0,2.61,5.19,1.34,5.4350000000000005,0.13,2.61,5.2,1.31,5.41
2008357,ASIC / EEPROM,2.69,5.28,8.07,7.639,300.0,1.503,0.0,7.75,26.515,0.0,0.0,0.001,0.66,0.0,40.07,39.98,40.544,1.0,500.0,1.0,1.0,1.0,1.0,1.0,1.0,1.0,1.0,1.0,0.193,10.1815,5.160500000000001,8.5145,9.791,39.947,4.151,20.458,12.899,17.499,19.529,0.0,2.61,5.19,1.34,5.4350000000000005,0.13,2.61,5.2,1.31,5.41
2008357,ASIC / EEPROM,2.69,5.28,8.07,7.639,300.0,1.503,0.0,7.75,26.515,0.0,0.0,0.001,0.66,0.0,40.07,39.98,40.544,1.0,500.0,1.0,1.0,1.0,1.0,1.0,1.0,1.0,1.0,1.0,0.193,10.1815,5.160500000000001,8.5145,9.791,39.947,4.151,20.458,12.899,17.499,19.529,0.0,2.61,5.19,1.34,5.4350000000000005,0.13,2.61,5.2,1.31,5.41
2008357,ASIC / EEPROM,2.69,5.28,8.07,7.639,300.0,1.503,0.0,7.75,26.515,0.0,0.0,0.001,0.66,0.0,40.07,39.98,40.544,1.0,500.0,1.0,1.0,1.0,1.0,1.0,1.0,1.0,1.0,1.0,0.193,10.1815,5.160500000000001,8.5145,9.791,39.947,4.151,20.458,12.899,17.499,19.529,0.0,2.61,5.19,1.34,5.4350000000000005,0.13,2.61,5.2,1.31,5.41
2008357,ASIC / EEPROM,2.69,5.28,8.07,7.639,300.0,1.503,0.0,7.75,26.515,0.0,0.0,0.001,0.66,0.0,40.07,39.98,40.544,1.0,500.0,1.0,1.0,1.0,1.0,1.0,1.0,1.0,1.0,1.0,0.193,10.1815,5.160500000000001,8.5145,9.791,39.947,4.151,20.458,12.899,17.499,19.529,0.0,2.61,5.19,1.34,5.4350000000000005,0.13,2.61,5.2,1.31,5.41
2008357,ASIC / EEPROM,2.69,5.28,8.07,7.639,300.0,1.503,0.0,7.75,26.515,0.0,0.0,0.001,0.66,0.0,40.07,39.98,40.544,1.0,500.0,1.0,1.0,1.0,1.0,1.0,1.0,1.0,1.0,1.0,0.193,10.1815,5.160500000000001,8.5145,9.791,39.947,4.151,20.458,12.899,17.499,19.529,0.0,2.61,5.19,1.34,5.4350000000000005,0.13,2.61,5.2,1.31,5.41
2008357,ASIC / EEPROM,2.69,5.28,8.07,7.639,300.0,1.503,0.0,7.75,26.515,0.0,0.0,0.001,0.66,0.0,40.07,39.98,40.544,1.0,500.0,1.0,1.0,1.0,1.0,1.0,1.0,1.0,1.0,1.0,0.193,10.1815,5.160500000000001,8.5145,9.791,39.947,4.151,20.458,12.899,17.499,19.529,0.0,2.61,5.19,1.34,5.4350000000000005,0.13,2.61,5.2,1.31,5.41
2008357,ASIC / EEPROM,2.69,5.28,8.07,7.639,300.0,1.503,0.0,7.75,26.515,0.0,0.0,0.001,0.66,0.0,40.07,39.98,40.544,1.0,500.0,1.0,1.0,1.0,1.0,1.0,1.0,1.0,1.0,1.0,0.193,10.1815,5.160500000000001,8.5145,9.791,39.947,4.151,20.458,12.899,17.499,19.529,0.0,2.61,5.19,1.34,5.4350000000000005,0.13,2.61,5.2,1.31,5.41
2008357,ASIC / EEPROM,2.69,5.28,8.07,7.639,300.0,1.503,0.0,7.75,26.515,0.0,0.0,0.001,0.66,0.0,40.07,39.98,40.544,1.0,500.0,1.0,1.0,1.0,1.0,1.0,1.0,1.0,1.0,1.0,0.193,10.1815,5.160500000000001,8.5145,9.791,39.947,4.151,20.458,12.899,17.499,19.529,0.0,2.61,5.19,1.34,5.4350000000000005,0.13,2.61,5.2,1.31,5.41
2008357,ASIC / EEPROM,2.69,5.28,8.07,7.639,300.0,1.503,0.0,7.75,26.515,0.0,0.0,0.001,0.66,0.0,40.07,39.98,40.544,1.0,500.0,1.0,1.0,1.0,1.0,1.0,1.0,1.0,1.0,1.0,0.193,10.1815,5.160500000000001,8.5145,9.791,39.947,4.151,20.458,12.899,17.499,19.529,0.0,2.61,5.19,1.34,5.4350000000000005,0.13,2.61,5.2,1.31,5.41
1681134,Dimensional / Alignment,2.69,5.28,0.02,7.639,300.0,1.503,0.0,7.75,26.515,0.0,0.0,-0.04,0.66,0.0,40.07,4.32,40.95,1.0,500.0,1.0,1.0,1.0,1.0,1.0,1.0,1.0,1.0,1.0,2.33,3.6,3.9,3.96,3.98,39.947,4.151,20.458,12.899,17.499,19.529,0.0,2.61,5.19,1.34,5.4350000000000005,0.13,2.61,5.2,1.31,5.41
1681134,Dimensional / Alignment,2.69,5.28,7.819,7.639,300.0,1.503,0.0,7.75,26.515,0.0,0.0,0.002,0.66,0.0,40.07,39.601,40.291,1.0,500.0,1.0,1.0,1.0,1.0,1.0,1.0,1.0,1.0,1.0,0.662,3.601,3.912,3.98,3.998,39.947,4.151,20.458,12.899,17.499,19.529,0.0,2.61,5.19,1.34,5.4350000000000005,0.13,2.61,5.2,1.31,5.41
1681134,Dimensional / Alignment,2.69,5.28,8.166,7.639,300.0,1.503,0.0,7.75,26.515,0.0,0.0,0.002,0.66,0.0,40.07,39.595,39.912,1.0,500.0,1.0,1.0,1.0,1.0,1.0,1.0,1.0,1.0,1.0,0.63,2.825,3.719,3.956,4.021,39.947,4.151,20.458,12.899,17.499,19.529,0.0,2.61,5.19,1.34,5.4350000000000005,0.13,2.61,5.2,1.31,5.41
1681134,Dimensional / Alignment,2.69,5.28,8.016,7.639,300.0,1.503,0.0,7.75,26.515,0.0,0.0,0.002,0.66,0.0,40.07,39.561,40.239,1.0,500.0,1.0,1.0,1.0,1.0,1.0,1.0,1.0,1.0,1.0,0.636,2.716,3.666,3.928,4.002,39.947,4.151,20.458,12.899,17.499,19.529,0.0,2.61,5.19,1.34,5.4350000000000005,0.13,2.61,5.2,1.31,5.41
2019785,Coil,2.69,5.28,8.07,7.639,300.0,1.503,0.0,7.75,26.515,0.0,0.0,0.001,0.66,0.0,40.07,39.98,40.544,1.0,500.0,1.0,1.0,1.0,1.0,1.0,1.0,1.0,1.0,1.0,0.193,10.1815,5.160500000000001,8.5145,9.791,39.947,4.151,20.458,12.899,17.499,19.529,0.0,2.61,5.19,1.34,5.4350000000000005,0.13,2.61,5.2,1.31,5.41
2019785,Coil,2.69,5.28,8.07,7.639,300.0,1.503,0.0,7.75,26.515,0.0,0.0,0.001,0.66,0.0,40.07,39.98,40.544,1.0,500.0,1.0,1.0,1.0,1.0,1.0,1.0,1.0,1.0,1.0,0.193,10.1815,5.160500000000001,8.5145,9.791,39.947,4.151,20.458,12.899,17.499,19.529,0.0,2.61,5.19,1.34,5.4350000000000005,0.13,2.61,5.2,1.31,5.41
2019785,Coil,2.69,5.28,8.07,7.639,300.0,1.503,0.0,7.75,26.515,0.0,0.0,0.001,0.66,0.0,40.07,39.98,40.544,1.0,500.0,1.0,1.0,1.0,1.0,1.0,1.0,1.0,1.0,1.0,0.193,10.1815,5.160500000000001,8.5145,9.791,39.947,4.151,20.458,12.899,17.499,19.529,0.0,2.61,5.19,1.34,5.4350000000000005,0.13,2.61,5.2,1.31,5.41
2019785,Coil,2.69,5.28,8.07,7.639,300.0,1.503,0.0,7.75,26.515,0.0,0.0,0.001,0.66,0.0,40.07,39.98,40.544,1.0,500.0,1.0,1.0,1.0,1.0,1.0,1.0,1.0,1.0,1.0,0.193,10.1815,5.160500000000001,8.5145,9.791,39.947,4.151,20.458,12.899,17.499,19.529,0.0,2.61,5.19,1.34,5.4350000000000005,0.13,2.61,5.2,1.31,5.41
2019785,Coil,2.69,5.28,8.07,7.639,300.0,1.503,0.0,7.75,26.515,0.0,0.0,0.001,0.66,0.0,40.07,39.98,40.544,1.0,500.0,1.0,1.0,1.0,1.0,1.0,1.0,1.0,1.0,1.0,0.193,10.1815,5.160500000000001,8.5145,9.791,39.947,4.151,20.458,12.899,17.499,19.529,0.0,2.61,5.19,1.34,5.4350000000000005,0.13,2.61,5.2,1.31,5.41
2019785,Coil,2.69,5.28,8.07,7.639,300.0,1.503,0.0,7.75,26.515,0.0,0.0,0.001,0.66,0.0,40.07,39.98,40.544,1.0,500.0,1.0,1.0,1.0,1.0,1.0,1.0,1.0,1.0,1.0,0.193,10.1815,5.160500000000001,8.5145,9.791,39.947,4.151,20.458,12.899,17.499,19.529,0.0,2.61,5.19,1.34,5.4350000000000005,0.13,2.61,5.2,1.31,5.41
2019785,Coil,2.69,5.28,8.07,7.639,300.0,1.503,0.0,7.75,26.515,0.0,0.0,0.001,0.66,0.0,40.07,39.98,40.544,1.0,500.0,1.0,1.0,1.0,1.0,1.0,1.0,1.0,1.0,1.0,0.193,10.1815,5.160500000000001,8.5145,9.791,39.947,4.151,20.458,12.899,17.499,19.529,0.0,2.61,5.19,1.34,5.4350000000000005,0.13,2.61,5.2,1.31,5.41
2019785,Coil,2.69,5.28,8.07,7.639,300.0,1.503,0.0,7.75,26.515,0.0,0.0,0.001,0.66,0.0,40.07,39.98,40.544,1.0,500.0,1.0,1.0,1.0,1.0,1.0,1.0,1.0,1.0,1.0,0.193,10.1815,5.160500000000001,8.5145,9.791,39.947,4.151,20.458,12.899,17.499,19.529,0.0,2.61,5.19,1.34,5.4350000000000005,0.13,2.61,5.2,1.31,5.41
2019785,Coil,2.69,5.28,8.07,7.639,300.0,1.503,0.0,7.75,26.515,0.0,0.0,0.001,0.66,0.0,40.07,39.98,40.544,1.0,500.0,1.0,1.0,1.0,1.0,1.0,1.0,1.0,1.0,1.0,0.193,10.1815,5.160500000000001,8.5145,9.791,39.947,4.151,20.458,12.899,17.499,19.529,0.0,2.61,5.19,1.34,5.4350000000000005,0.13,2.61,5.2,1.31,5.41
2019785,Coil,2.69,5.28,8.07,7.639,300.0,1.503,0.0,7.75,26.515,0.0,0.0,0.001,0.66,0.0,40.07,39.98,40.544,1.0,500.0,1.0,1.0,1.0,1.0,1.0,1.0,1.0,1.0,1.0,0.193,10.1815,5.160500000000001,8.5145,9.791,39.947,4.151,20.458,12.899,17.499,19.529,0.0,2.61,5.19,1.34,5.4350000000000005,0.13,2.61,5.2,1.31,5.41
2019785,Coil,2.69,5.28,8.07,7.639,300.0,1.503,0.0,7.75,26.515,0.0,0.0,0.001,0.66,0.0,40.07,39.98,40.544,1.0,500.0,1.0,1.0,1.0,1.0,1.0,1.0,1.0,1.0,1.0,0.193,10.1815,5.160500000000001,8.5145,9.791,39.947,4.151,20.458,12.899,17.499,19.529,0.0,2.61,5.19,1.34,5.4350000000000005,0.13,2.61,5.2,1.31,5.41
1496942,Dimensional / Alignment,2.69,0.0,8.06,8.2,300.0,1.8,0.0,7.75,26.18,0.0,12.48,0.0,0.66,0.0,40.29,40.48,40.12,1.0,500.0,1.0,1.0,1.0,1.0,1.0,1.0,1.0,1.0,1.0,0.193,10.1815,5.160500000000001,8.5145,9.791,39.947,4.151,20.458,12.899,17.499,19.529,0.0,2.61,5.19,1.34,5.4350000000000005,0.13,2.61,5.2,1.31,5.41
1496942,Dimensional / Alignment,2.69,0.0,8.26,7.62,300.0,1.71,0.0,7.75,26.04,0.0,0.0,0.0,0.66,0.0,40.14,40.16,40.1,1.0,500.0,1.0,1.0,1.0,1.0,1.0,1.0,1.0,1.0,1.0,0.193,10.1815,5.160500000000001,8.5145,9.791,39.947,4.151,20.458,12.899,17.499,19.529,0.0,2.61,5.19,1.34,5.4350000000000005,0.13,2.61,5.2,1.31,5.41
1496942,Dimensional / Alignment,3.25,5.28,8.04,7.76,300.0,1.69,0.0,7.75,25.98,0.0,0.0,0.0,0.66,0.0,40.0,40.88,40.08,1.0,500.0,1.0,1.0,1.0,1.0,1.0,1.0,1.0,1.0,1.0,0.193,10.1815,5.160500000000001,8.5145,9.791,39.947,4.151,20.458,12.899,17.499,19.529,0.0,2.61,5.19,1.34,5.4350000000000005,0.13,2.61,5.2,1.31,5.41
1591396,Dimensional / Alignment,2.69,5.28,11.67,7.639,300.0,1.503,0.0,7.75,26.515,0.0,0.0,0.0,0.66,0.0,40.07,41.04,41.5,1.0,500.0,1.0,1.0,1.0,1.0,1.0,1.0,1.0,1.0,1.0,0.01,10.42,5.4,8.33,9.57,35.93,8.48,101.7,101.73,101.71,102.35,0.0,2.61,5.19,1.34,5.4350000000000005,0.13,2.61,5.2,1.31,5.41
1482171,ASIC / EEPROM,2.69,5.28,8.07,7.639,300.0,1.503,0.0,7.75,26.515,0.0,0.0,0.001,0.66,0.0,40.07,39.98,40.544,1.0,500.0,1.0,1.0,1.0,1.0,1.0,1.0,1.0,1.0,1.0,0.193,10.1815,5.160500000000001,8.5145,9.791,39.947,4.151,20.458,12.899,17.499,19.529,0.0,2.61,5.19,1.34,5.4350000000000005,0.13,2.61,5.2,1.31,5.41
1482171,ASIC / EEPROM,2.69,5.28,8.07,7.639,300.0,1.503,0.0,7.75,26.515,0.0,0.0,0.001,0.66,0.0,40.07,39.98,40.544,1.0,500.0,1.0,1.0,1.0,1.0,1.0,1.0,1.0,1.0,1.0,0.193,10.1815,5.160500000000001,8.5145,9.791,39.947,4.151,20.458,12.899,17.499,19.529,0.0,2.61,5.19,1.34,5.4350000000000005,0.13,2.61,5.2,1.31,5.41
1482171,ASIC / EEPROM,2.69,5.28,8.07,7.639,300.0,1.503,0.0,7.75,26.515,0.0,0.0,0.001,0.66,0.0,40.07,39.98,40.544,1.0,500.0,1.0,1.0,1.0,1.0,1.0,1.0,1.0,1.0,1.0,0.193,10.1815,5.160500000000001,8.5145,9.791,39.947,4.151,20.458,12.899,17.499,19.529,0.0,2.61,5.19,1.34,5.4350000000000005,0.13,2.61,5.2,1.31,5.41
1482171,ASIC / EEPROM,2.69,5.28,8.07,7.639,300.0,1.503,0.0,7.75,26.515,0.0,0.0,0.001,0.66,0.0,40.07,39.98,40.544,1.0,500.0,1.0,1.0,1.0,1.0,1.0,1.0,1.0,0.0,1.0,0.193,10.1815,5.160500000000001,8.5145,9.791,39.947,4.151,20.458,12.899,17.499,19.529,0.0,2.61,5.19,1.34,5.4350000000000005,0.13,2.61,5.2,1.31,5.41
1482171,ASIC / EEPROM,2.69,5.28,8.07,7.639,300.0,1.503,0.0,7.75,26.515,0.0,0.0,0.001,0.66,0.0,40.07,39.98,40.544,1.0,500.0,1.0,1.0,1.0,1.0,1.0,1.0,1.0,0.0,1.0,0.193,10.1815,5.160500000000001,8.5145,9.791,39.947,4.151,20.458,12.899,17.499,19.529,0.0,2.61,5.19,1.34,5.4350000000000005,0.13,2.61,5.2,1.31,5.41
1482171,Coil,2.69,5.28,8.07,7.639,300.0,1.503,0.0,7.75,26.515,0.0,0.0,0.001,0.66,0.0,40.07,39.98,40.544,1.0,500.0,1.0,1.0,1.0,1.0,1.0,1.0,1.0,1.0,1.0,0.193,10.1815,5.160500000000001,8.5145,9.791,39.947,4.151,20.458,12.899,17.499,19.529,0.0,2.61,5.19,1.34,5.4350000000000005,0.13,2.61,5.2,1.31,5.41
1482171,Coil,2.69,5.28,8.07,7.639,300.0,1.503,0.0,7.75,26.515,0.0,0.0,0.001,0.66,0.0,40.07,39.98,40.544,1.0,500.0,1.0,1.0,1.0,1.0,1.0,1.0,1.0,1.0,1.0,0.193,10.1815,5.160500000000001,8.5145,9.791,39.947,4.151,20.458,12.899,17.499,19.529,0.0,2.61,5.19,1.34,5.4350000000000005,0.13,2.61,5.2,1.31,5.41
1482171,Coil,2.69,5.28,8.07,7.639,300.0,1.503,0.0,7.75,26.515,0.0,0.0,0.001,0.66,0.0,40.07,39.98,40.544,1.0,500.0,1.0,1.0,1.0,1.0,1.0,1.0,1.0,1.0,1.0,0.193,10.1815,5.160500000000001,8.5145,9.791,39.947,4.151,20.458,12.899,17.499,19.529,0.0,2.61,5.19,1.34,5.4350000000000005,0.13,2.61,5.2,1.31,5.41
1482171,Coil,2.69,5.28,8.07,7.639,300.0,1.503,0.0,7.75,26.515,0.0,0.0,0.001,0.66,0.0,40.07,39.98,40.544,1.0,500.0,1.0,1.0,1.0,1.0,1.0,1.0,1.0,0.0,1.0,0.193,10.1815,5.160500000000001,8.5145,9.791,39.947,4.151,20.458,12.899,17.499,19.529,0.0,2.61,5.19,1.34,5.4350000000000005,0.13,2.61,5.2,1.31,5.41
1648492,Dimensional / Alignment,2.69,5.28,8.07,7.639,300.0,1.503,0.0,7.75,26.515,0.0,0.0,0.001,0.66,0.0,40.07,39.98,40.544,1.0,500.0,1.0,1.0,1.0,1.0,1.0,1.0,1.0,1.0,1.0,0.193,10.1815,5.160500000000001,8.5145,9.791,39.947,4.151,20.458,12.899,17.499,19.529,0.0,2.61,5.19,1.34,5.4350000000000005,0.13,2.61,5.2,1.31,5.41
1648492,Dimensional / Alignment,2.69,5.28,8.07,7.639,300.0,1.503,0.0,7.75,26.515,0.0,0.0,0.001,0.66,0.0,40.07,39.98,40.544,1.0,500.0,1.0,1.0,1.0,1.0,1.0,1.0,1.0,1.0,1.0,0.193,10.1815,5.160500000000001,8.5145,9.791,39.947,4.151,20.458,12.899,17.499,19.529,0.0,2.61,5.19,1.34,5.4350000000000005,0.13,2.61,5.2,1.31,5.41
2034595,Dimensional / Alignment,-1.0,5.28,8.217,8.167,291.722,1.297,0.0,7.75,26.325,0.0,0.0,0.005,0.662,0.002,40.033,40.862,40.327,1.0,500.0,1.0,1.0,1.0,1.0,1.0,1.0,1.0,1.0,1.0,0.193,10.1815,5.160500000000001,8.5145,9.791,39.947,4.151,20.458,12.899,17.499,19.529,0.0,2.61,5.19,1.34,5.4350000000000005,0.13,2.61,5.2,1.31,5.41
1584290,Dimensional / Alignment,2.69,5.28,6.837,7.639,300.0,1.503,0.0,7.75,26.515,0.0,0.0,0.001,0.66,0.0,40.07,40.014,40.539,1.0,500.0,1.0,1.0,1.0,1.0,1.0,1.0,1.0,1.0,1.0,0.219,10.61,6.064,8.917,10.085,39.947,4.151,20.458,12.899,17.499,19.529,0.0,2.61,5.19,1.34,5.4350000000000005,0.13,2.61,5.2,1.31,5.41
1584290,Dimensional / Alignment,2.69,5.28,6.887,7.639,300.0,1.503,0.0,7.75,26.515,0.0,0.0,0.001,0.66,0.0,40.07,39.69,40.049,1.0,500.0,1.0,1.0,1.0,1.0,1.0,1.0,1.0,1.0,1.0,0.223,10.537,6.018,8.838,9.999,39.947,4.151,20.458,12.899,17.499,19.529,0.0,2.61,5.19,1.34,5.4350000000000005,0.13,2.61,5.2,1.31,5.41
1584290,Dimensional / Alignment,2.69,5.28,6.83,7.639,300.0,1.503,0.0,7.75,26.515,0.0,0.0,0.001,0.66,0.0,40.07,39.573,40.292,1.0,500.0,1.0,1.0,1.0,1.0,1.0,1.0,1.0,1.0,1.0,0.223,10.628,5.933,8.831,10.055,39.947,4.151,20.458,12.899,17.499,19.529,0.0,2.61,5.19,1.34,5.4350000000000005,0.13,2.61,5.2,1.31,5.41
1584290,Dimensional / Alignment,2.69,5.28,7.032,7.639,300.0,1.503,0.0,7.75,26.515,0.0,0.0,0.001,0.66,0.0,40.07,40.014,40.567,1.0,500.0,1.0,1.0,1.0,1.0,1.0,1.0,1.0,1.0,1.0,0.25,10.678,5.896,8.764,10.003,39.947,4.151,20.458,12.899,17.499,19.529,0.0,2.61,5.19,1.34,5.4350000000000005,0.13,2.61,5.2,1.31,5.41
1584290,Dimensional / Alignment,2.69,5.28,6.978,7.639,300.0,1.503,0.0,7.75,26.515,0.0,0.0,0.001,0.66,0.0,40.07,40.052,40.535,1.0,500.0,1.0,1.0,1.0,1.0,1.0,1.0,1.0,1.0,1.0,0.29,10.616,5.865,8.781,10.033,39.947,4.151,20.458,12.899,17.499,19.529,0.0,2.61,5.19,1.34,5.4350000000000005,0.13,2.61,5.2,1.31,5.41
1584290,Dimensional / Alignment,2.69,5.28,6.897,7.639,300.0,1.503,0.0,7.75,26.515,0.0,0.0,0.001,0.66,0.0,40.07,39.327,40.338,1.0,500.0,1.0,1.0,1.0,1.0,1.0,1.0,1.0,1.0,1.0,0.3,10.602,5.859,8.737,9.986,39.947,4.151,20.458,12.899,17.499,19.529,0.0,2.61,5.19,1.34,5.4350000000000005,0.13,2.61,5.2,1.31,5.41
1584290,Dimensional / Alignment,2.69,5.28,6.792,7.639,300.0,1.503,0.0,7.75,26.515,0.0,0.0,0.002,0.66,0.0,40.07,39.415,39.956,1.0,500.0,1.0,1.0,1.0,1.0,1.0,1.0,1.0,1.0,1.0,0.22,10.661,5.847,8.763,10.025,39.947,4.151,20.458,12.899,17.499,19.529,0.0,2.61,5.19,1.34,5.4350000000000005,0.13,2.61,5.2,1.31,5.41
1584290,Dimensional / Alignment,2.69,5.28,6.865,7.639,300.0,1.503,0.0,7.75,26.515,0.0,0.0,0.001,0.66,0.0,40.07,39.711,39.759,1.0,500.0,1.0,1.0,1.0,1.0,1.0,1.0,1.0,1.0,1.0,0.244,10.639,5.827,8.749,10.023,39.947,4.151,20.458,12.899,17.499,19.529,0.0,2.61,5.19,1.34,5.4350000000000005,0.13,2.61,5.2,1.31,5.41
1584290,Dimensional / Alignment,2.69,5.28,6.953,7.639,300.0,1.503,0.0,7.75,26.515,0.0,0.0,0.002,0.66,0.0,40.07,39.973,40.197,1.0,500.0,1.0,1.0,1.0,1.0,1.0,1.0,1.0,1.0,1.0,0.244,10.602,5.784,8.757,10.029,39.947,4.151,20.458,12.899,17.499,19.529,0.0,2.61,5.19,1.34,5.4350000000000005,0.13,2.61,5.2,1.31,5.41
1584290,Dimensional / Alignment,2.69,5.28,6.848,7.639,300.0,1.503,0.0,7.75,26.515,0.0,0.0,0.001,0.66,0.0,40.07,39.741,40.456,1.0,500.0,1.0,1.0,1.0,1.0,1.0,1.0,1.0,1.0,1.0,0.321,10.655,5.758,8.721,10.026,39.947,4.151,20.458,12.899,17.499,19.529,0.0,2.61,5.19,1.34,5.4350000000000005,0.13,2.61,5.2,1.31,5.41
1584290,Dimensional / Alignment,2.69,5.28,6.831,7.639,300.0,1.503,0.0,7.75,26.515,0.0,0.0,0.001,0.66,0.0,40.07,39.833,40.226,1.0,500.0,1.0,1.0,1.0,1.0,1.0,1.0,1.0,1.0,1.0,0.165,10.716,5.745,8.755,10.074,39.947,4.151,20.458,12.899,17.499,19.529,0.0,2.61,5.19,1.34,5.4350000000000005,0.13,2.61,5.2,1.31,5.41
1584290,Dimensional / Alignment,2.69,5.28,6.889,7.639,300.0,1.503,0.0,7.75,26.515,0.0,0.0,0.002,0.66,0.0,40.07,39.725,40.277,1.0,500.0,1.0,1.0,1.0,1.0,1.0,1.0,1.0,1.0,1.0,0.262,10.726,5.733,8.715,10.042,39.947,4.151,20.458,12.899,17.499,19.529,0.0,2.61,5.19,1.34,5.4350000000000005,0.13,2.61,5.2,1.31,5.41
1584290,Dimensional / Alignment,2.69,5.28,6.887,7.639,300.0,1.503,0.0,7.75,26.515,0.0,0.0,0.001,0.66,0.0,40.07,40.118,41.084,1.0,500.0,1.0,1.0,1.0,1.0,1.0,1.0,1.0,1.0,1.0,0.196,10.724,5.731,8.72,10.044,39.947,4.151,20.458,12.899,17.499,19.529,0.0,2.61,5.19,1.34,5.4350000000000005,0.13,2.61,5.2,1.31,5.41
1584290,Dimensional / Alignment,2.69,5.28,6.815,7.639,300.0,1.503,0.0,7.75,26.515,0.0,0.0,0.001,0.66,0.0,40.07,39.897,40.236,1.0,500.0,1.0,1.0,1.0,1.0,1.0,1.0,1.0,1.0,1.0,0.215,10.681,5.724,8.703,10.018,39.947,4.151,20.458,12.899,17.499,19.529,0.0,2.61,5.19,1.34,5.4350000000000005,0.13,2.61,5.2,1.31,5.41
1584290,Dimensional / Alignment,2.69,5.28,6.932,7.639,300.0,1.503,0.0,7.75,26.515,0.0,0.0,0.001,0.66,0.0,40.07,39.981,40.1,1.0,500.0,1.0,1.0,1.0,1.0,1.0,1.0,1.0,1.0,1.0,0.166,10.624,5.689,8.73,10.066,39.947,4.151,20.458,12.899,17.499,19.529,0.0,2.61,5.19,1.34,5.4350000000000005,0.13,2.61,5.2,1.31,5.41
1598772,Dimensional / Alignment,2.69,5.28,6.879,7.639,300.0,1.503,0.0,7.75,26.515,0.0,0.0,0.0,0.66,0.0,40.07,41.256,41.043,1.0,500.0,1.0,1.0,1.0,1.0,1.0,1.0,1.0,1.0,1.0,0.229,10.42,6.577,9.055,9.984,39.947,4.151,20.458,12.899,17.499,19.529,0.0,2.61,5.19,1.34,5.4350000000000005,0.13,2.61,5.2,1.31,5.41
1598772,Dimensional / Alignment,2.69,5.28,6.825,7.639,300.0,1.503,0.0,7.75,26.515,0.0,0.0,0.0,0.66,0.0,40.07,41.099,40.942,1.0,500.0,1.0,1.0,1.0,1.0,1.0,1.0,1.0,1.0,1.0,0.258,10.499,6.239,8.928,9.996,39.947,4.151,20.458,12.899,17.499,19.529,0.0,2.61,5.19,1.34,5.4350000000000005,0.13,2.61,5.2,1.31,5.41
2007755,ASIC / EEPROM,2.69,5.28,8.07,7.639,300.0,1.503,0.0,7.75,26.515,0.0,0.0,0.001,0.66,0.0,40.07,39.98,40.544,1.0,500.0,1.0,1.0,1.0,1.0,1.0,1.0,1.0,1.0,1.0,0.193,10.1815,5.160500000000001,8.5145,9.791,39.947,4.151,20.458,12.899,17.499,19.529,0.0,2.61,5.19,1.34,5.4350000000000005,0.13,2.61,5.2,1.31,5.41
2007755,ASIC / EEPROM,2.69,5.28,8.07,7.639,300.0,1.503,0.0,7.75,26.515,0.0,0.0,0.001,0.66,0.0,40.07,39.98,40.544,1.0,500.0,1.0,1.0,1.0,1.0,1.0,1.0,1.0,1.0,1.0,0.193,10.1815,5.160500000000001,8.5145,9.791,39.947,4.151,20.458,12.899,17.499,19.529,0.0,2.61,5.19,1.34,5.4350000000000005,0.13,2.61,5.2,1.31,5.41
2007755,ASIC / EEPROM,2.69,5.28,8.07,7.639,300.0,1.503,0.0,7.75,26.515,0.0,0.0,0.001,0.66,0.0,40.07,39.98,40.544,1.0,500.0,1.0,1.0,1.0,1.0,1.0,1.0,1.0,1.0,1.0,0.193,10.1815,5.160500000000001,8.5145,9.791,39.947,4.151,20.458,12.899,17.499,19.529,0.0,2.61,5.19,1.34,5.4350000000000005,0.13,2.61,5.2,1.31,5.41
2007755,ASIC / EEPROM,2.69,5.28,8.07,7.639,300.0,1.503,0.0,7.75,26.515,0.0,0.0,0.001,0.66,0.0,40.07,39.98,40.544,1.0,500.0,1.0,1.0,1.0,1.0,1.0,1.0,1.0,1.0,1.0,0.193,10.1815,5.160500000000001,8.5145,9.791,39.947,4.151,20.458,12.899,17.499,19.529,0.0,2.61,5.19,1.34,5.4350000000000005,0.13,2.61,5.2,1.31,5.41
1542794,Coil,2.69,5.28,8.07,7.639,300.0,1.503,0.0,7.75,26.515,0.0,0.0,0.001,0.66,0.0,40.07,39.98,40.544,1.0,500.0,1.0,1.0,1.0,1.0,1.0,1.0,1.0,1.0,1.0,0.193,10.1815,5.160500000000001,8.5145,9.791,39.947,4.151,20.458,12.899,17.499,19.529,0.0,2.61,5.19,1.34,5.4350000000000005,0.13,2.61,5.2,1.31,5.41
1542794,Coil,2.69,5.28,8.07,7.639,300.0,1.503,0.0,7.75,26.515,0.0,0.0,0.001,0.66,0.0,40.07,39.98,40.544,1.0,500.0,1.0,1.0,1.0,1.0,1.0,1.0,1.0,1.0,1.0,0.193,10.1815,5.160500000000001,8.5145,9.791,39.947,4.151,20.458,12.899,17.499,19.529,0.0,2.61,5.19,1.34,5.4350000000000005,0.13,2.61,5.2,1.31,5.41
1542794,Coil,2.69,5.28,8.07,7.639,300.0,1.503,0.0,7.75,26.515,0.0,0.0,0.001,0.66,0.0,40.07,39.98,40.544,1.0,500.0,1.0,1.0,1.0,1.0,1.0,1.0,1.0,1.0,1.0,0.193,10.1815,5.160500000000001,8.5145,9.791,39.947,4.151,20.458,12.899,17.499,19.529,0.0,2.61,5.19,1.34,5.4350000000000005,0.13,2.61,5.2,1.31,5.41
1542794,Coil,2.69,5.28,8.07,7.639,300.0,1.503,0.0,7.75,26.515,0.0,0.0,0.001,0.66,0.0,40.07,39.98,40.544,1.0,500.0,1.0,1.0,1.0,1.0,1.0,1.0,1.0,1.0,1.0,0.193,10.1815,5.160500000000001,8.5145,9.791,39.947,4.151,20.458,12.899,17.499,19.529,0.0,2.61,5.19,1.34,5.4350000000000005,0.13,2.61,5.2,1.31,5.41
1542794,Coil,2.69,5.28,8.07,7.639,300.0,1.503,0.0,7.75,26.515,0.0,0.0,0.001,0.66,0.0,40.07,39.98,40.544,1.0,500.0,0.0,1.0,1.0,1.0,1.0,1.0,1.0,1.0,1.0,0.193,10.1815,5.160500000000001,8.5145,9.791,39.947,4.151,20.458,12.899,17.499,19.529,0.0,2.61,5.19,1.34,5.4350000000000005,0.13,2.61,5.2,1.31,5.41
2038285,Dimensional / Alignment,2.69,0.0,8.126,8.074,291.722,1.244,0.0,7.75,26.326,0.0,0.0,0.006,0.661,0.002,39.755,41.025,41.264,1.0,500.0,1.0,1.0,1.0,1.0,1.0,1.0,1.0,1.0,1.0,0.193,10.1815,5.160500000000001,8.5145,9.791,39.947,4.151,20.458,12.899,17.499,19.529,0.0,2.61,5.19,1.34,5.4350000000000005,0.13,2.61,5.2,1.31,5.41
2038285,Dimensional / Alignment,2.69,0.0,8.418,8.374,277.83,1.143,0.0,7.75,26.527,0.0,0.0,0.007,0.662,0.002,39.961,40.833,41.294,1.0,500.0,1.0,1.0,1.0,1.0,1.0,1.0,1.0,1.0,1.0,0.193,10.1815,5.160500000000001,8.5145,9.791,39.947,4.151,20.458,12.899,17.499,19.529,0.0,2.61,5.19,1.34,5.4350000000000005,0.13,2.61,5.2,1.31,5.41
1514477,Dimensional / Alignment,2.69,5.28,6.782,7.639,300.0,1.503,0.0,7.75,26.515,0.0,0.0,0.002,0.66,0.0,40.07,39.827,40.747,1.0,500.0,1.0,1.0,1.0,1.0,1.0,1.0,1.0,1.0,1.0,6.61,9.991,6.612,10.002,10.002,39.947,4.151,20.458,12.899,17.499,19.529,0.0,2.61,5.19,1.34,5.4350000000000005,0.13,2.61,5.2,1.31,5.41
1514477,Dimensional / Alignment,2.69,5.28,6.874,7.639,300.0,1.503,0.0,7.75,26.515,0.0,0.0,0.002,0.66,0.0,40.07,39.904,40.562,1.0,500.0,1.0,1.0,1.0,1.0,1.0,1.0,1.0,1.0,1.0,0.232,10.354,6.594,9.091,9.962,39.947,4.151,20.458,12.899,17.499,19.529,0.0,2.61,5.19,1.34,5.4350000000000005,0.13,2.61,5.2,1.31,5.41
1514477,Dimensional / Alignment,2.69,5.28,6.999,7.639,300.0,1.503,0.0,7.75,26.515,0.0,0.0,0.002,0.66,0.0,40.07,39.855,40.31,1.0,500.0,1.0,1.0,1.0,1.0,1.0,1.0,1.0,1.0,1.0,0.239,10.368,6.582,9.11,10.002,39.947,4.151,20.458,12.899,17.499,19.529,0.0,2.61,5.19,1.34,5.4350000000000005,0.13,2.61,5.2,1.31,5.41
1514477,Dimensional / Alignment,2.69,5.28,6.875,7.639,300.0,1.503,0.0,7.75,26.515,0.0,0.0,0.002,0.66,0.0,40.07,39.846,40.43,1.0,500.0,1.0,1.0,1.0,1.0,1.0,1.0,1.0,1.0,1.0,0.295,10.652,5.876,8.771,10.017,39.947,4.151,20.458,12.899,17.499,19.529,0.0,2.61,5.19,1.34,5.4350000000000005,0.13,2.61,5.2,1.31,5.41
1514477,Dimensional / Alignment,2.69,5.28,6.846,7.639,300.0,1.503,0.0,7.75,26.515,0.0,0.0,0.0,0.66,0.0,40.07,39.888,40.453,1.0,500.0,1.0,1.0,1.0,1.0,1.0,1.0,1.0,1.0,1.0,0.28,10.637,5.872,8.78,10.014,39.947,4.151,20.458,12.899,17.499,19.529,0.0,2.61,5.19,1.34,5.4350000000000005,0.13,2.61,5.2,1.31,5.41
2008760,ASIC / EEPROM,2.69,5.28,8.07,7.639,300.0,1.503,0.0,7.75,26.515,0.0,0.0,0.001,0.66,0.0,40.07,39.98,40.544,1.0,500.0,1.0,1.0,1.0,1.0,1.0,1.0,1.0,1.0,1.0,0.193,10.1815,5.160500000000001,8.5145,9.791,39.947,4.151,20.458,12.899,17.499,19.529,0.0,2.61,5.19,1.34,5.4350000000000005,0.13,2.61,5.2,1.31,5.41
2008760,ASIC / EEPROM,2.69,5.28,8.07,7.639,300.0,1.503,0.0,7.75,26.515,0.0,0.0,0.001,0.66,0.0,40.07,39.98,40.544,1.0,500.0,1.0,1.0,1.0,1.0,1.0,1.0,1.0,1.0,1.0,0.193,10.1815,5.160500000000001,8.5145,9.791,39.947,4.151,20.458,12.899,17.499,19.529,0.0,2.61,5.19,1.34,5.4350000000000005,0.13,2.61,5.2,1.31,5.41
2008760,ASIC / EEPROM,2.69,5.28,8.07,7.639,300.0,1.503,0.0,7.75,26.515,0.0,0.0,0.001,0.66,0.0,40.07,39.98,40.544,1.0,500.0,1.0,1.0,1.0,1.0,1.0,1.0,1.0,1.0,1.0,0.193,10.1815,5.160500000000001,8.5145,9.791,39.947,4.151,20.458,12.899,17.499,19.529,0.0,2.61,5.19,1.34,5.4350000000000005,0.13,2.61,5.2,1.31,5.41
2008760,ASIC / EEPROM,2.69,5.28,8.07,7.639,300.0,1.503,0.0,7.75,26.515,0.0,0.0,0.001,0.66,0.0,40.07,39.98,40.544,1.0,500.0,1.0,1.0,1.0,1.0,1.0,1.0,1.0,1.0,1.0,0.193,10.1815,5.160500000000001,8.5145,9.791,39.947,4.151,20.458,12.899,17.499,19.529,0.0,2.61,5.19,1.34,5.4350000000000005,0.13,2.61,5.2,1.31,5.41
2007445,ASIC / EEPROM,2.69,5.28,8.07,7.639,300.0,1.503,0.0,7.75,26.515,0.0,0.0,0.001,0.66,0.0,40.07,39.98,40.544,1.0,500.0,1.0,1.0,1.0,1.0,1.0,1.0,1.0,1.0,1.0,0.193,10.1815,5.160500000000001,8.5145,9.791,39.947,4.151,20.458,12.899,17.499,19.529,0.0,2.61,5.19,1.34,5.4350000000000005,0.13,2.61,5.2,1.31,5.41
2007445,ASIC / EEPROM,2.69,5.28,8.07,7.639,300.0,1.503,0.0,7.75,26.515,0.0,0.0,0.001,0.66,0.0,40.07,39.98,40.544,1.0,500.0,1.0,1.0,1.0,1.0,1.0,1.0,1.0,1.0,1.0,0.193,10.1815,5.160500000000001,8.5145,9.791,39.947,4.151,20.458,12.899,17.499,19.529,0.0,2.61,5.19,1.34,5.4350000000000005,0.13,2.61,5.2,1.31,5.41
2007445,ASIC / EEPROM,2.69,5.28,8.07,7.639,300.0,1.503,0.0,7.75,26.515,0.0,0.0,0.001,0.66,0.0,40.07,39.98,40.544,1.0,500.0,1.0,1.0,1.0,1.0,1.0,1.0,1.0,1.0,1.0,0.193,10.1815,5.160500000000001,8.5145,9.791,39.947,4.151,20.458,12.899,17.499,19.529,0.0,2.61,5.19,1.34,5.4350000000000005,0.13,2.61,5.2,1.31,5.41
1664311,Dimensional / Alignment,2.69,5.28,8.07,7.639,300.0,1.503,0.0,7.75,26.515,0.0,0.0,0.001,0.66,0.0,40.07,39.98,40.544,1.0,500.0,1.0,1.0,1.0,1.0,1.0,1.0,1.0,1.0,1.0,0.193,10.1815,5.160500000000001,8.5145,9.791,39.947,4.151,20.458,12.899,17.499,19.529,0.0,2.61,5.19,1.34,5.4350000000000005,0.13,2.61,5.2,1.31,5.41
1664311,Dimensional / Alignment,2.69,5.28,8.07,7.639,300.0,1.503,0.0,7.75,26.515,0.0,0.0,0.001,0.66,0.0,40.07,39.98,40.544,1.0,500.0,1.0,1.0,1.0,1.0,1.0,1.0,1.0,1.0,1.0,0.193,10.1815,5.160500000000001,8.5145,9.791,39.947,4.151,20.458,12.899,17.499,19.529,0.0,2.61,5.19,1.34,5.4350000000000005,0.13,2.61,5.2,1.31,5.41
1664311,Dimensional / Alignment,2.69,5.28,8.07,7.639,300.0,1.503,0.0,7.75,26.515,0.0,0.0,0.001,0.66,0.0,40.07,39.98,40.544,1.0,500.0,1.0,1.0,1.0,1.0,1.0,1.0,1.0,1.0,1.0,0.193,10.1815,5.160500000000001,8.5145,9.791,39.947,4.151,20.458,12.899,17.499,19.529,0.0,2.61,5.19,1.34,5.4350000000000005,0.13,2.61,5.2,1.31,5.41
1677580,ASIC / EEPROM,2.69,5.28,8.07,7.639,300.0,1.503,0.0,7.75,26.515,0.0,0.0,0.001,0.66,0.0,40.07,39.98,40.544,1.0,500.0,1.0,1.0,1.0,1.0,1.0,1.0,1.0,1.0,1.0,0.193,10.1815,5.160500000000001,8.5145,9.791,39.947,4.151,20.458,12.899,17.499,19.529,0.0,2.61,5.19,1.34,5.4350000000000005,0.13,2.61,5.2,1.31,5.41
1677580,ASIC / EEPROM,2.69,5.28,8.07,7.639,300.0,1.503,0.0,7.75,26.515,0.0,0.0,0.001,0.66,0.0,40.07,39.98,40.544,1.0,500.0,1.0,1.0,1.0,1.0,1.0,1.0,1.0,1.0,1.0,0.193,10.1815,5.160500000000001,8.5145,9.791,39.947,4.151,20.458,12.899,17.499,19.529,0.0,2.61,5.19,1.34,5.4350000000000005,0.13,2.61,5.2,1.31,5.41
1677580,ASIC / EEPROM,2.69,5.28,8.07,7.639,300.0,1.503,0.0,7.75,26.515,0.0,0.0,0.001,0.66,0.0,40.07,39.98,40.544,1.0,500.0,1.0,1.0,1.0,1.0,1.0,1.0,1.0,1.0,1.0,0.193,10.1815,5.160500000000001,8.5145,9.791,39.947,4.151,20.458,12.899,17.499,19.529,0.0,2.61,5.19,1.34,5.4350000000000005,0.13,2.61,5.2,1.31,5.41
1485484,Flex / PCB / Solder / Wiring,2.69,5.28,8.181,7.639,300.0,1.503,0.0,7.75,26.515,0.0,0.0,0.003,0.66,0.0,40.07,40.924,40.324,1.0,500.0,1.0,1.0,1.0,1.0,1.0,1.0,1.0,1.0,1.0,0.661,3.981,2.205,3.351,3.769,40.319,5.942,3.999,2.562,3.492,3.831,0.0,2.61,5.19,1.34,5.4350000000000005,0.13,2.61,5.2,1.31,5.41
1485484,Flex / PCB / Solder / Wiring,2.69,5.28,8.438,7.639,300.0,1.503,0.0,7.75,26.515,0.0,0.0,0.003,0.66,0.0,40.07,40.876,40.551,1.0,500.0,1.0,1.0,1.0,1.0,1.0,1.0,1.0,1.0,1.0,0.095,5.428,2.37,4.179,4.984,40.483,0.866,5.183,2.703,4.173,4.827,0.0,2.61,5.19,1.34,5.4350000000000005,0.13,2.61,5.2,1.31,5.41
1485484,Flex / PCB / Solder / Wiring,2.69,5.28,8.366,7.639,300.0,1.503,0.0,7.75,26.515,0.0,0.0,0.003,0.66,0.0,40.07,40.811,41.098,1.0,500.0,1.0,1.0,1.0,1.0,1.0,1.0,1.0,1.0,1.0,0.222,5.424,2.421,4.179,4.973,40.663,0.982,5.183,2.756,4.181,4.828,0.0,2.61,5.19,1.34,5.4350000000000005,0.13,2.61,5.2,1.31,5.41
1485484,Flex / PCB / Solder / Wiring,2.69,5.28,8.478,7.639,300.0,1.503,0.0,7.75,26.515,0.0,0.0,0.003,0.66,0.0,40.07,40.187,40.884,1.0,500.0,1.0,1.0,1.0,1.0,1.0,1.0,1.0,1.0,1.0,0.106,5.454,2.376,4.184,4.997,40.31,0.877,5.207,2.711,4.18,4.843,0.0,2.61,5.19,1.34,5.4350000000000005,0.13,2.61,5.2,1.31,5.41
1485484,Flex / PCB / Solder / Wiring,2.69,5.28,8.181,7.639,300.0,1.503,0.0,7.75,26.515,0.0,0.0,0.003,0.66,0.0,40.07,40.924,40.324,1.0,500.0,1.0,1.0,1.0,1.0,1.0,1.0,1.0,1.0,1.0,0.661,3.981,2.205,3.351,3.769,40.319,5.942,3.999,2.562,3.492,3.831,0.0,2.61,5.19,1.34,5.4350000000000005,0.13,2.61,5.2,1.31,5.41
1485484,Flex / PCB / Solder / Wiring,2.69,5.28,8.438,7.639,300.0,1.503,0.0,7.75,26.515,0.0,0.0,0.003,0.66,0.0,40.07,40.876,40.551,1.0,500.0,1.0,1.0,1.0,1.0,1.0,1.0,1.0,1.0,1.0,0.095,5.428,2.37,4.179,4.984,40.483,0.866,5.183,2.703,4.173,4.827,0.0,2.61,5.19,1.34,5.4350000000000005,0.13,2.61,5.2,1.31,5.41
1485484,Flex / PCB / Solder / Wiring,2.69,5.28,8.366,7.639,300.0,1.503,0.0,7.75,26.515,0.0,0.0,0.003,0.66,0.0,40.07,40.811,41.098,1.0,500.0,1.0,1.0,1.0,1.0,1.0,1.0,1.0,1.0,1.0,0.222,5.424,2.421,4.179,4.973,40.663,0.982,5.183,2.756,4.181,4.828,0.0,2.61,5.19,1.34,5.4350000000000005,0.13,2.61,5.2,1.31,5.41
1485484,Flex / PCB / Solder / Wiring,2.69,5.28,8.478,7.639,300.0,1.503,0.0,7.75,26.515,0.0,0.0,0.003,0.66,0.0,40.07,40.187,40.884,1.0,500.0,1.0,1.0,1.0,1.0,1.0,1.0,1.0,1.0,1.0,0.106,5.454,2.376,4.184,4.997,40.31,0.877,5.207,2.711,4.18,4.843,0.0,2.61,5.19,1.34,5.4350000000000005,0.13,2.61,5.2,1.31,5.41
2017423,Coil,2.69,5.28,8.07,7.639,300.0,1.503,0.0,7.75,26.515,0.0,0.0,0.001,0.66,0.0,40.07,39.98,40.544,1.0,500.0,1.0,1.0,1.0,1.0,1.0,1.0,1.0,1.0,1.0,0.193,10.1815,5.160500000000001,8.5145,9.791,39.947,4.151,20.458,12.899,17.499,19.529,0.0,2.61,5.19,1.34,5.4350000000000005,0.13,2.61,5.2,1.31,5.41
2017423,Coil,2.69,5.28,8.07,7.639,300.0,1.503,0.0,7.75,26.515,0.0,0.0,0.001,0.66,0.0,40.07,39.98,40.544,1.0,500.0,1.0,1.0,1.0,1.0,1.0,1.0,1.0,1.0,1.0,0.193,10.1815,5.160500000000001,8.5145,9.791,39.947,4.151,20.458,12.899,17.499,19.529,0.0,2.61,5.19,1.34,5.4350000000000005,0.13,2.61,5.2,1.31,5.41
2017423,Coil,2.69,5.28,8.07,7.639,300.0,1.503,0.0,7.75,26.515,0.0,0.0,0.001,0.66,0.0,40.07,39.98,40.544,1.0,500.0,1.0,1.0,1.0,1.0,1.0,1.0,1.0,1.0,1.0,0.193,10.1815,5.160500000000001,8.5145,9.791,39.947,4.151,20.458,12.899,17.499,19.529,0.0,2.61,5.19,1.34,5.4350000000000005,0.13,2.61,5.2,1.31,5.41
2017423,Coil,2.69,5.28,8.07,7.639,300.0,1.503,0.0,7.75,26.515,0.0,0.0,0.001,0.66,0.0,40.07,39.98,40.544,1.0,500.0,1.0,1.0,1.0,1.0,1.0,1.0,1.0,1.0,1.0,0.193,10.1815,5.160500000000001,8.5145,9.791,39.947,4.151,20.458,12.899,17.499,19.529,0.0,2.61,5.19,1.34,5.4350000000000005,0.13,2.61,5.2,1.31,5.41
2017423,Coil,2.69,5.28,8.07,7.639,300.0,1.503,0.0,7.75,26.515,0.0,0.0,0.001,0.66,0.0,40.07,39.98,40.544,1.0,500.0,1.0,1.0,1.0,1.0,1.0,1.0,1.0,1.0,1.0,0.193,10.1815,5.160500000000001,8.5145,9.791,39.947,4.151,20.458,12.899,17.499,19.529,0.0,2.61,5.19,1.34,5.4350000000000005,0.13,2.61,5.2,1.31,5.41
2017423,Coil,2.69,5.28,8.07,7.639,300.0,1.503,0.0,7.75,26.515,0.0,0.0,0.001,0.66,0.0,40.07,39.98,40.544,1.0,500.0,1.0,1.0,1.0,1.0,1.0,1.0,1.0,1.0,1.0,0.193,10.1815,5.160500000000001,8.5145,9.791,39.947,4.151,20.458,12.899,17.499,19.529,0.0,2.61,5.19,1.34,5.4350000000000005,0.13,2.61,5.2,1.31,5.41
2017423,Coil,2.69,5.28,8.07,7.639,300.0,1.503,0.0,7.75,26.515,0.0,0.0,0.001,0.66,0.0,40.07,39.98,40.544,1.0,500.0,1.0,1.0,1.0,1.0,1.0,1.0,1.0,1.0,1.0,0.193,10.1815,5.160500000000001,8.5145,9.791,39.947,4.151,20.458,12.899,17.499,19.529,0.0,2.61,5.19,1.34,5.4350000000000005,0.13,2.61,5.2,1.31,5.41
1643757,ASIC / EEPROM,2.69,5.28,8.07,7.639,300.0,1.503,0.0,7.75,26.515,0.0,0.0,0.001,0.66,0.0,40.07,39.98,40.544,1.0,500.0,1.0,1.0,1.0,1.0,1.0,1.0,1.0,1.0,1.0,0.193,10.1815,5.160500000000001,8.5145,9.791,39.947,4.151,20.458,12.899,17.499,19.529,0.0,2.61,5.19,1.34,5.4350000000000005,0.13,2.61,5.2,1.31,5.41
1643757,ASIC / EEPROM,2.69,5.28,8.07,7.639,300.0,1.503,0.0,7.75,26.515,0.0,0.0,0.001,0.66,0.0,40.07,39.98,40.544,1.0,500.0,1.0,1.0,1.0,1.0,1.0,1.0,1.0,1.0,1.0,0.193,10.1815,5.160500000000001,8.5145,9.791,39.947,4.151,20.458,12.899,17.499,19.529,0.0,2.61,5.19,1.34,5.4350000000000005,0.13,2.61,5.2,1.31,5.41
1643757,ASIC / EEPROM,2.69,5.28,8.07,7.639,300.0,1.503,0.0,7.75,26.515,0.0,0.0,0.001,0.66,0.0,40.07,39.98,40.544,1.0,500.0,1.0,1.0,1.0,1.0,1.0,1.0,1.0,1.0,1.0,0.193,10.1815,5.160500000000001,8.5145,9.791,39.947,4.151,20.458,12.899,17.499,19.529,0.0,2.61,5.19,1.34,5.4350000000000005,0.13,2.61,5.2,1.31,5.41
1643757,ASIC / EEPROM,2.69,5.28,8.07,7.639,300.0,1.503,0.0,7.75,26.515,0.0,0.0,0.001,0.66,0.0,40.07,39.98,40.544,1.0,500.0,1.0,1.0,1.0,1.0,1.0,1.0,1.0,1.0,1.0,0.193,10.1815,5.160500000000001,8.5145,9.791,39.947,4.151,20.458,12.899,17.499,19.529,0.0,2.61,5.19,1.34,5.4350000000000005,0.13,2.61,5.2,1.31,5.41
1643757,ASIC / EEPROM,2.69,5.28,8.07,7.639,300.0,1.503,0.0,7.75,26.515,0.0,0.0,0.001,0.66,0.0,40.07,39.98,40.544,1.0,500.0,1.0,1.0,1.0,1.0,1.0,1.0,1.0,1.0,1.0,0.193,10.1815,5.160500000000001,8.5145,9.791,39.947,4.151,20.458,12.899,17.499,19.529,0.0,2.61,5.19,1.34,5.4350000000000005,0.13,2.61,5.2,1.31,5.41
1643757,ASIC / EEPROM,2.69,5.28,8.07,7.639,300.0,1.503,0.0,7.75,26.515,0.0,0.0,0.001,0.66,0.0,40.07,39.98,40.544,1.0,500.0,1.0,1.0,1.0,1.0,1.0,1.0,1.0,1.0,1.0,0.193,10.1815,5.160500000000001,8.5145,9.791,39.947,4.151,20.458,12.899,17.499,19.529,0.0,2.61,5.19,1.34,5.4350000000000005,0.13,2.61,5.2,1.31,5.41
1643757,ASIC / EEPROM,2.69,5.28,8.07,7.639,300.0,1.503,0.0,7.75,26.515,0.0,0.0,0.001,0.66,0.0,40.07,39.98,40.544,1.0,500.0,1.0,1.0,1.0,1.0,1.0,1.0,1.0,1.0,1.0,0.193,10.1815,5.160500000000001,8.5145,9.791,39.947,4.151,20.458,12.899,17.499,19.529,0.0,2.61,5.19,1.34,5.4350000000000005,0.13,2.61,5.2,1.31,5.41
1653938,Flex / PCB / Solder / Wiring,2.69,5.28,8.07,7.639,300.0,1.503,0.0,7.75,26.515,0.0,0.0,0.001,0.66,0.0,40.07,39.98,40.544,1.0,500.0,1.0,1.0,1.0,1.0,1.0,1.0,1.0,1.0,1.0,0.193,10.1815,5.160500000000001,8.5145,9.791,39.947,4.151,20.458,12.899,17.499,19.529,0.0,2.61,5.19,1.34,5.4350000000000005,0.13,2.61,5.2,1.31,5.41
1653938,Flex / PCB / Solder / Wiring,2.69,5.28,8.07,7.639,300.0,1.503,0.0,7.75,26.515,0.0,0.0,0.001,0.66,0.0,40.07,39.98,40.544,1.0,500.0,0.0,1.0,1.0,1.0,1.0,1.0,1.0,1.0,1.0,0.193,10.1815,5.160500000000001,8.5145,9.791,39.947,4.151,20.458,12.899,17.499,19.529,0.0,2.61,5.19,1.34,5.4350000000000005,0.13,2.61,5.2,1.31,5.41
1653938,Flex / PCB / Solder / Wiring,2.69,5.28,8.07,7.639,300.0,1.503,0.0,7.75,26.515,0.0,0.0,0.001,0.66,0.0,40.07,39.98,40.544,1.0,500.0,1.0,1.0,1.0,1.0,1.0,1.0,1.0,1.0,1.0,0.193,10.1815,5.160500000000001,8.5145,9.791,39.947,4.151,20.458,12.899,17.499,19.529,0.0,2.61,5.19,1.34,5.4350000000000005,0.13,2.61,5.2,1.31,5.41
1653938,Flex / PCB / Solder / Wiring,2.69,5.28,8.07,7.639,300.0,1.503,0.0,7.75,26.515,0.0,0.0,0.001,0.66,0.0,40.07,39.98,40.544,1.0,500.0,1.0,1.0,1.0,1.0,1.0,1.0,1.0,1.0,1.0,0.193,10.1815,5.160500000000001,8.5145,9.791,39.947,4.151,20.458,12.899,17.499,19.529,0.0,2.61,5.19,1.34,5.4350000000000005,0.13,2.61,5.2,1.31,5.41
1485301,ASIC / EEPROM,2.69,5.28,8.07,7.639,300.0,1.503,0.0,7.75,26.515,0.0,0.0,0.001,0.66,0.0,40.07,39.98,40.544,1.0,500.0,1.0,1.0,1.0,1.0,1.0,1.0,1.0,1.0,1.0,0.193,10.1815,5.160500000000001,8.5145,9.791,39.947,4.151,20.458,12.899,17.499,19.529,0.0,2.61,5.19,1.34,5.4350000000000005,0.13,2.61,5.2,1.31,5.41
1485301,ASIC / EEPROM,2.69,5.28,8.07,7.639,300.0,1.503,0.0,7.75,26.515,0.0,0.0,0.001,0.66,0.0,40.07,39.98,40.544,1.0,500.0,1.0,1.0,1.0,1.0,1.0,1.0,1.0,1.0,1.0,0.193,10.1815,5.160500000000001,8.5145,9.791,39.947,4.151,20.458,12.899,17.499,19.529,0.0,2.61,5.19,1.34,5.4350000000000005,0.13,2.61,5.2,1.31,5.41
1485301,ASIC / EEPROM,2.69,5.28,8.07,7.639,300.0,1.503,0.0,7.75,26.515,0.0,0.0,0.001,0.66,0.0,40.07,39.98,40.544,1.0,500.0,1.0,1.0,1.0,1.0,1.0,1.0,1.0,1.0,1.0,0.193,10.1815,5.160500000000001,8.5145,9.791,39.947,4.151,20.458,12.899,17.499,19.529,0.0,2.61,5.19,1.34,5.4350000000000005,0.13,2.61,5.2,1.31,5.41
1499317,Coil,2.69,5.28,8.07,7.639,300.0,1.503,0.0,7.75,26.515,0.0,0.0,0.001,0.66,0.0,40.07,39.98,40.544,1.0,500.0,1.0,1.0,1.0,1.0,1.0,1.0,1.0,1.0,1.0,0.193,10.1815,5.160500000000001,8.5145,9.791,39.947,4.151,20.458,12.899,17.499,19.529,0.0,2.61,5.19,1.34,5.4350000000000005,0.13,2.61,5.2,1.31,5.41
1499317,Coil,2.69,5.28,8.07,7.639,300.0,1.503,0.0,7.75,26.515,0.0,0.0,0.001,0.66,0.0,40.07,39.98,40.544,1.0,500.0,1.0,1.0,1.0,1.0,1.0,1.0,1.0,1.0,1.0,0.193,10.1815,5.160500000000001,8.5145,9.791,39.947,4.151,20.458,12.899,17.499,19.529,0.0,2.61,5.19,1.34,5.4350000000000005,0.13,2.61,5.2,1.31,5.41
1499317,Coil,2.69,5.28,8.07,7.639,300.0,1.503,0.0,7.75,26.515,0.0,0.0,0.001,0.66,0.0,40.07,39.98,40.544,1.0,500.0,1.0,1.0,1.0,1.0,1.0,1.0,1.0,0.0,1.0,0.193,10.1815,5.160500000000001,8.5145,9.791,39.947,4.151,20.458,12.899,17.499,19.529,0.0,2.61,5.19,1.34,5.4350000000000005,0.13,2.61,5.2,1.31,5.41
1499317,Coil,2.69,5.28,8.07,7.639,300.0,1.503,0.0,7.75,26.515,0.0,0.0,0.001,0.66,0.0,40.07,39.98,40.544,1.0,500.0,1.0,1.0,1.0,1.0,1.0,1.0,1.0,1.0,1.0,0.193,10.1815,5.160500000000001,8.5145,9.791,39.947,4.151,20.458,12.899,17.499,19.529,0.0,2.61,5.19,1.34,5.4350000000000005,0.13,2.61,5.2,1.31,5.41
1499317,Flex / PCB / Solder / Wiring,2.69,5.28,8.07,7.639,300.0,1.503,0.0,7.75,26.515,0.0,0.0,0.001,0.66,0.0,40.07,39.98,40.544,1.0,500.0,1.0,1.0,1.0,1.0,1.0,1.0,1.0,1.0,1.0,0.193,10.1815,5.160500000000001,8.5145,9.791,39.947,4.151,20.458,12.899,17.499,19.529,0.0,2.61,5.19,1.34,5.4350000000000005,0.13,2.61,5.2,1.31,5.41
1499317,Flex / PCB / Solder / Wiring,2.69,5.28,8.07,7.639,300.0,1.503,0.0,7.75,26.515,0.0,0.0,0.001,0.66,0.0,40.07,39.98,40.544,1.0,500.0,1.0,1.0,1.0,1.0,1.0,1.0,1.0,1.0,1.0,0.193,10.1815,5.160500000000001,8.5145,9.791,39.947,4.151,20.458,12.899,17.499,19.529,0.0,2.61,5.19,1.34,5.4350000000000005,0.13,2.61,5.2,1.31,5.41
1499317,Flex / PCB / Solder / Wiring,2.69,5.28,8.07,7.639,300.0,1.503,0.0,7.75,26.515,0.0,0.0,0.001,0.66,0.0,40.07,39.98,40.544,1.0,500.0,1.0,1.0,1.0,1.0,1.0,1.0,1.0,0.0,1.0,0.193,10.1815,5.160500000000001,8.5145,9.791,39.947,4.151,20.458,12.899,17.499,19.529,0.0,2.61,5.19,1.34,5.4350000000000005,0.13,2.61,5.2,1.31,5.41
1568761,Dimensional / Alignment,2.69,5.28,6.731,7.639,300.0,1.503,0.0,7.75,26.515,0.0,0.0,0.001,0.66,0.0,40.07,40.957,40.547,1.0,500.0,1.0,1.0,1.0,1.0,1.0,1.0,1.0,1.0,1.0,6.612,9.972,6.612,9.986,9.99,39.947,4.151,20.458,12.899,17.499,19.529,0.0,2.61,5.19,1.34,5.4350000000000005,0.13,2.61,5.2,1.31,5.41
1568761,Dimensional / Alignment,2.69,5.28,6.912,7.639,300.0,1.503,0.0,7.75,26.515,0.0,0.0,0.002,0.66,0.0,40.07,40.558,41.879,1.0,500.0,1.0,1.0,1.0,1.0,1.0,1.0,1.0,1.0,1.0,0.311,10.335,6.546,9.141,9.963,39.947,4.151,20.458,12.899,17.499,19.529,0.0,2.61,5.19,1.34,5.4350000000000005,0.13,2.61,5.2,1.31,5.41
1568761,Dimensional / Alignment,2.69,5.28,6.786,7.639,300.0,1.503,0.0,7.75,26.515,0.0,0.0,0.002,0.66,0.0,40.07,40.873,40.631,1.0,500.0,1.0,1.0,1.0,1.0,1.0,1.0,1.0,1.0,1.0,0.272,10.616,5.99,8.84,10.024,39.947,4.151,20.458,12.899,17.499,19.529,0.0,2.61,5.19,1.34,5.4350000000000005,0.13,2.61,5.2,1.31,5.41
1533162,Dimensional / Alignment,2.69,5.28,6.769,7.639,300.0,1.503,0.0,7.75,26.515,0.0,0.0,0.001,0.66,0.0,40.07,39.15,39.834,1.0,500.0,1.0,1.0,1.0,1.0,1.0,1.0,1.0,1.0,1.0,0.253,10.19,6.126,9.544,10.022,39.947,4.151,20.458,12.899,17.499,19.529,0.0,2.61,5.19,1.34,5.4350000000000005,0.13,2.61,5.2,1.31,5.41
1533162,Dimensional / Alignment,2.69,5.28,6.689,7.639,300.0,1.503,0.0,7.75,26.515,0.0,0.0,0.001,0.66,0.0,40.07,39.374,39.955,1.0,500.0,1.0,1.0,1.0,1.0,1.0,1.0,1.0,1.0,1.0,0.293,10.475,6.488,9.057,10.006,39.947,4.151,20.458,12.899,17.499,19.529,0.0,2.61,5.19,1.34,5.4350000000000005,0.13,2.61,5.2,1.31,5.41
1533162,Dimensional / Alignment,2.69,5.28,6.728,7.639,300.0,1.503,0.0,7.75,26.515,0.0,0.0,0.002,0.66,0.0,40.07,39.064,39.855,1.0,500.0,1.0,1.0,1.0,1.0,1.0,1.0,1.0,1.0,1.0,0.284,10.444,6.452,9.021,9.992,39.947,4.151,20.458,12.899,17.499,19.529,0.0,2.61,5.19,1.34,5.4350000000000005,0.13,2.61,5.2,1.31,5.41
1533162,Dimensional / Alignment,2.69,5.28,6.808,7.639,300.0,1.503,0.0,7.75,26.515,0.0,0.0,0.001,0.66,0.0,40.07,39.587,39.38,1.0,500.0,1.0,1.0,1.0,1.0,1.0,1.0,1.0,1.0,1.0,0.236,10.704,5.947,8.825,10.053,39.947,4.151,20.458,12.899,17.499,19.529,0.0,2.61,5.19,1.34,5.4350000000000005,0.13,2.61,5.2,1.31,5.41
1533162,Dimensional / Alignment,2.69,5.28,6.994,7.639,300.0,1.503,0.0,7.75,26.515,0.0,0.0,0.001,0.66,0.0,40.07,40.236,40.336,1.0,500.0,1.0,1.0,1.0,1.0,1.0,1.0,1.0,1.0,1.0,0.23,10.6,5.85,8.795,10.01,39.947,4.151,20.458,12.899,17.499,19.529,0.0,2.61,5.19,1.34,5.4350000000000005,0.13,2.61,5.2,1.31,5.41
1533162,Dimensional / Alignment,2.69,5.28,6.702,7.639,300.0,1.503,0.0,7.75,26.515,0.0,0.0,0.001,0.66,0.0,40.07,39.517,40.121,1.0,500.0,1.0,1.0,1.0,1.0,1.0,1.0,1.0,1.0,1.0,0.239,10.62,5.767,8.748,10.018,39.947,4.151,20.458,12.899,17.499,19.529,0.0,2.61,5.19,1.34,5.4350000000000005,0.13,2.61,5.2,1.31,5.41
1533162,Dimensional / Alignment,2.69,5.28,6.741,7.639,300.0,1.503,0.0,7.75,26.515,0.0,0.0,0.001,0.66,0.0,40.07,39.258,39.746,1.0,500.0,1.0,1.0,1.0,1.0,1.0,1.0,1.0,1.0,1.0,0.214,10.659,5.709,8.709,10.006,39.947,4.151,20.458,12.899,17.499,19.529,0.0,2.61,5.19,1.34,5.4350000000000005,0.13,2.61,5.2,1.31,5.41
1512943,Dimensional / Alignment,2.69,5.28,11.73,7.639,300.0,1.503,0.0,7.75,26.515,0.0,0.0,0.0,0.66,0.0,40.07,39.98,41.2,1.0,500.0,1.0,1.0,1.0,1.0,1.0,1.0,1.0,1.0,1.0,0.06,10.31,6.0,8.71,9.73,35.83,3.97,20.32,13.69,17.81,19.39,0.0,2.61,5.19,1.34,5.4350000000000005,0.13,2.61,5.2,1.31,5.41
1512943,Dimensional / Alignment,2.69,5.28,11.87,7.639,300.0,1.503,0.0,7.75,26.515,0.0,0.0,0.0,0.66,0.0,40.07,40.37,40.69,1.0,500.0,1.0,1.0,1.0,1.0,1.0,1.0,1.0,1.0,1.0,0.08,10.36,6.0,8.65,9.74,35.4,4.02,20.42,13.52,17.7,19.44,0.0,2.61,5.19,1.34,5.4350000000000005,0.13,2.61,5.2,1.31,5.41
1512943,Dimensional / Alignment,2.69,5.28,10.26,7.639,300.0,1.503,0.0,7.75,26.515,0.0,0.0,0.0,0.66,0.0,40.07,39.93,41.08,1.0,500.0,1.0,1.0,1.0,1.0,1.0,1.0,1.0,1.0,1.0,0.05,10.34,6.0,8.67,9.73,35.6,4.02,20.4,13.51,17.71,19.46,0.0,2.61,5.19,1.34,5.4350000000000005,0.13,2.61,5.2,1.31,5.41
1512943,Dimensional / Alignment,2.69,5.28,10.31,7.639,300.0,1.503,0.0,7.75,26.515,0.0,0.0,0.0,0.66,0.0,40.07,39.77,41.34,1.0,500.0,1.0,1.0,1.0,1.0,1.0,1.0,1.0,1.0,1.0,0.08,10.36,5.98,8.64,9.73,35.3,4.05,20.51,13.5,17.78,19.5,0.0,2.61,5.19,1.34,5.4350000000000005,0.13,2.61,5.2,1.31,5.41
1512943,Dimensional / Alignment,2.69,5.28,11.78,7.639,300.0,1.503,0.0,7.75,26.515,0.0,0.0,0.0,0.66,0.0,40.07,40.1,41.45,1.0,500.0,1.0,1.0,1.0,1.0,1.0,1.0,1.0,1.0,1.0,0.08,10.38,5.97,8.62,9.74,35.65,4.08,20.51,13.51,17.72,19.47,0.0,2.61,5.19,1.34,5.4350000000000005,0.13,2.61,5.2,1.31,5.41
1512943,Dimensional / Alignment,2.69,5.28,11.85,7.639,300.0,1.503,0.0,7.75,26.515,0.0,0.0,0.0,0.66,0.0,40.07,40.1,41.71,1.0,500.0,1.0,1.0,1.0,1.0,1.0,1.0,1.0,1.0,1.0,0.01,10.35,5.96,8.63,9.72,35.46,3.98,20.49,13.46,17.71,19.49,0.0,2.61,5.19,1.34,5.4350000000000005,0.13,2.61,5.2,1.31,5.41
1512943,Dimensional / Alignment,2.69,5.28,11.87,7.639,300.0,1.503,0.0,7.75,26.515,0.0,0.0,0.0,0.66,0.0,40.07,40.15,41.62,1.0,500.0,1.0,1.0,1.0,1.0,1.0,1.0,1.0,1.0,1.0,0.08,10.37,5.94,8.62,9.72,35.44,4.04,20.44,13.37,17.65,19.42,0.0,2.61,5.19,1.34,5.4350000000000005,0.13,2.61,5.2,1.31,5.41
1512943,Dimensional / Alignment,2.69,5.28,10.31,7.639,300.0,1.503,0.0,7.75,26.515,0.0,0.0,0.0,0.66,0.0,40.07,39.67,41.81,1.0,500.0,1.0,1.0,1.0,1.0,1.0,1.0,1.0,1.0,1.0,0.07,10.35,5.93,8.61,9.71,35.27,4.07,20.47,13.43,17.69,19.47,0.0,2.61,5.19,1.34,5.4350000000000005,0.13,2.61,5.2,1.31,5.41
1512943,Dimensional / Alignment,2.69,5.28,11.94,7.639,300.0,1.503,0.0,7.75,26.515,0.0,0.0,0.0,0.66,0.0,40.07,39.75,41.13,1.0,500.0,1.0,1.0,1.0,1.0,1.0,1.0,1.0,1.0,1.0,0.03,10.37,5.89,8.59,9.72,35.17,4.01,20.45,13.32,17.6,19.44,0.0,2.61,5.19,1.34,5.4350000000000005,0.13,2.61,5.2,1.31,5.41
1512943,Dimensional / Alignment,2.69,5.28,11.85,7.639,300.0,1.503,0.0,7.75,26.515,0.0,0.0,0.0,0.66,0.0,40.07,40.32,41.24,1.0,500.0,1.0,1.0,1.0,1.0,1.0,1.0,1.0,1.0,1.0,0.09,10.38,5.88,8.63,9.74,35.43,4.06,20.5,13.33,17.69,19.47,0.0,2.61,5.19,1.34,5.4350000000000005,0.13,2.61,5.2,1.31,5.41
1512943,Dimensional / Alignment,2.69,5.28,11.94,7.639,300.0,1.503,0.0,7.75,26.515,0.0,0.0,0.0,0.66,0.0,40.07,40.44,41.24,1.0,500.0,1.0,1.0,1.0,1.0,1.0,1.0,1.0,1.0,1.0,0.02,10.37,5.87,8.59,9.72,35.11,4.0,20.57,13.37,17.72,19.52,0.0,2.61,5.19,1.34,5.4350000000000005,0.13,2.61,5.2,1.31,5.41
1512943,Dimensional / Alignment,2.69,5.28,11.88,7.639,300.0,1.503,0.0,7.75,26.515,0.0,0.0,0.0,0.66,0.0,40.07,40.15,41.42,1.0,500.0,1.0,1.0,1.0,1.0,1.0,1.0,1.0,1.0,1.0,0.05,10.38,5.86,8.61,9.72,35.39,4.01,20.52,13.32,17.71,19.48,0.0,2.61,5.19,1.34,5.4350000000000005,0.13,2.61,5.2,1.31,5.41
1512943,Dimensional / Alignment,2.69,5.28,11.658,7.639,300.0,1.503,0.0,7.75,26.515,0.0,0.0,0.002,0.66,0.0,40.07,39.962,40.55,1.0,500.0,1.0,1.0,1.0,1.0,1.0,1.0,1.0,1.0,1.0,0.077,10.448,5.857,8.635,9.782,39.599,3.999,20.451,13.185,17.584,19.397,0.0,2.61,5.19,1.34,5.4350000000000005,0.13,2.61,5.2,1.31,5.41
1512943,Dimensional / Alignment,2.69,5.28,11.778,7.639,300.0,1.503,0.0,7.75,26.515,0.0,0.0,0.002,0.66,0.0,40.07,40.074,41.065,1.0,500.0,1.0,1.0,1.0,1.0,1.0,1.0,1.0,1.0,1.0,0.092,10.455,5.853,8.617,9.774,40.385,4.089,20.567,13.253,17.646,19.49,0.0,2.61,5.19,1.34,5.4350000000000005,0.13,2.61,5.2,1.31,5.41
2011805,Other / Minor Defects,5.76,5.28,43.13,42.56,300.0,0.79,0.0,7.75,26.58,0.0,0.0,0.0,0.66,0.0,41.0,40.77,39.9,1.0,500.0,1.0,1.0,1.0,1.0,1.0,1.0,1.0,1.0,1.0,0.193,10.1815,5.160500000000001,8.5145,9.791,39.947,4.151,20.458,12.899,17.499,19.529,0.0,2.61,5.19,1.34,5.4350000000000005,0.13,2.61,5.2,1.31,5.41
2011805,Other / Minor Defects,5.76,5.28,43.13,42.56,300.0,0.79,0.0,7.75,26.58,0.0,0.0,0.0,0.66,0.0,41.0,40.77,39.9,1.0,500.0,1.0,1.0,1.0,1.0,1.0,1.0,1.0,1.0,1.0,0.193,10.1815,5.160500000000001,8.5145,9.791,39.947,4.151,20.458,12.899,17.499,19.529,0.0,2.61,5.19,1.34,5.4350000000000005,0.13,2.61,5.2,1.31,5.41
2011805,Other / Minor Defects,5.76,5.28,43.13,42.56,300.0,0.79,0.0,7.75,26.58,0.0,0.0,0.0,0.66,0.0,41.0,40.77,39.9,1.0,500.0,1.0,1.0,1.0,1.0,1.0,1.0,1.0,1.0,1.0,0.193,10.1815,5.160500000000001,8.5145,9.791,39.947,4.151,20.458,12.899,17.499,19.529,0.0,2.61,5.19,1.34,5.4350000000000005,0.13,2.61,5.2,1.31,5.41
2011805,Other / Minor Defects,5.76,5.28,43.13,42.56,300.0,0.79,0.0,7.75,26.58,0.0,0.0,0.0,0.66,0.0,41.0,40.77,39.9,1.0,500.0,1.0,1.0,1.0,1.0,1.0,1.0,1.0,1.0,1.0,0.193,10.1815,5.160500000000001,8.5145,9.791,39.947,4.151,20.458,12.899,17.499,19.529,0.0,2.61,5.19,1.34,5.4350000000000005,0.13,2.61,5.2,1.31,5.41
2011805,Other / Minor Defects,5.76,5.28,43.13,42.56,300.0,0.79,0.0,7.75,26.58,0.0,0.0,0.0,0.66,0.0,41.0,40.77,39.9,1.0,500.0,1.0,1.0,1.0,1.0,1.0,1.0,1.0,1.0,1.0,0.193,10.1815,5.160500000000001,8.5145,9.791,39.947,4.151,20.458,12.899,17.499,19.529,0.0,2.61,5.19,1.34,5.4350000000000005,0.13,2.61,5.2,1.31,5.41
1488772,ASIC / EEPROM,2.69,5.28,8.07,7.639,300.0,1.503,0.0,7.75,26.515,0.0,0.0,0.001,0.66,0.0,40.07,39.98,40.544,1.0,500.0,1.0,1.0,1.0,1.0,1.0,1.0,1.0,1.0,1.0,0.193,10.1815,5.160500000000001,8.5145,9.791,39.947,4.151,20.458,12.899,17.499,19.529,0.0,2.61,5.19,1.34,5.4350000000000005,0.13,2.61,5.2,1.31,5.41
1488772,ASIC / EEPROM,2.69,5.28,8.07,7.639,300.0,1.503,0.0,7.75,26.515,0.0,0.0,0.001,0.66,0.0,40.07,39.98,40.544,1.0,500.0,1.0,1.0,1.0,1.0,1.0,1.0,1.0,1.0,1.0,0.193,10.1815,5.160500000000001,8.5145,9.791,39.947,4.151,20.458,12.899,17.499,19.529,0.0,2.61,5.19,1.34,5.4350000000000005,0.13,2.61,5.2,1.31,5.41
1488772,ASIC / EEPROM,2.69,5.28,8.07,7.639,300.0,1.503,0.0,7.75,26.515,0.0,0.0,0.001,0.66,0.0,40.07,39.98,40.544,1.0,500.0,1.0,1.0,1.0,1.0,1.0,1.0,1.0,1.0,1.0,0.193,10.1815,5.160500000000001,8.5145,9.791,39.947,4.151,20.458,12.899,17.499,19.529,0.0,2.61,5.19,1.34,5.4350000000000005,0.13,2.61,5.2,1.31,5.41
1631479,Coil,2.69,5.28,8.07,7.639,300.0,1.503,0.0,7.75,26.515,0.0,0.0,0.001,0.66,0.0,40.07,39.98,40.544,1.0,500.0,1.0,1.0,1.0,1.0,1.0,1.0,1.0,1.0,1.0,0.193,10.1815,5.160500000000001,8.5145,9.791,39.947,4.151,20.458,12.899,17.499,19.529,0.0,2.61,5.19,1.34,5.4350000000000005,0.13,2.61,5.2,1.31,5.41
1631479,Coil,2.69,5.28,8.07,7.639,300.0,1.503,0.0,7.75,26.515,0.0,0.0,0.001,0.66,0.0,40.07,39.98,40.544,1.0,500.0,1.0,1.0,1.0,1.0,1.0,1.0,1.0,1.0,1.0,0.193,10.1815,5.160500000000001,8.5145,9.791,39.947,4.151,20.458,12.899,17.499,19.529,0.0,2.61,5.19,1.34,5.4350000000000005,0.13,2.61,5.2,1.31,5.41
1631479,Coil,2.69,5.28,8.07,7.639,300.0,1.503,0.0,7.75,26.515,0.0,0.0,0.001,0.66,0.0,40.07,39.98,40.544,1.0,500.0,1.0,1.0,1.0,1.0,1.0,1.0,1.0,1.0,1.0,0.193,10.1815,5.160500000000001,8.5145,9.791,39.947,4.151,20.458,12.899,17.499,19.529,0.0,2.61,5.19,1.34,5.4350000000000005,0.13,2.61,5.2,1.31,5.41
1631479,Coil,2.69,5.28,8.07,7.639,300.0,1.503,0.0,7.75,26.515,0.0,0.0,0.001,0.66,0.0,40.07,39.98,40.544,1.0,500.0,1.0,1.0,1.0,1.0,1.0,1.0,1.0,1.0,1.0,0.193,10.1815,5.160500000000001,8.5145,9.791,39.947,4.151,20.458,12.899,17.499,19.529,0.0,2.61,5.19,1.34,5.4350000000000005,0.13,2.61,5.2,1.31,5.41
1631479,Coil,2.69,5.28,8.07,7.639,300.0,1.503,0.0,7.75,26.515,0.0,0.0,0.001,0.66,0.0,40.07,39.98,40.544,1.0,500.0,1.0,1.0,1.0,1.0,1.0,1.0,1.0,0.0,1.0,0.193,10.1815,5.160500000000001,8.5145,9.791,39.947,4.151,20.458,12.899,17.499,19.529,0.0,2.61,5.19,1.34,5.4350000000000005,0.13,2.61,5.2,1.31,5.41
1653954,Coil,2.69,5.28,8.07,7.639,300.0,1.503,0.0,7.75,26.515,0.0,0.0,0.001,0.66,0.0,40.07,39.98,40.544,1.0,500.0,1.0,1.0,1.0,1.0,1.0,1.0,1.0,1.0,1.0,0.193,10.1815,5.160500000000001,8.5145,9.791,39.947,4.151,20.458,12.899,17.499,19.529,0.0,2.61,5.19,1.34,5.4350000000000005,0.13,2.61,5.2,1.31,5.41
1653954,Coil,2.69,5.28,8.07,7.639,300.0,1.503,0.0,7.75,26.515,0.0,0.0,0.001,0.66,0.0,40.07,39.98,40.544,1.0,500.0,1.0,1.0,1.0,1.0,1.0,1.0,1.0,1.0,1.0,0.193,10.1815,5.160500000000001,8.5145,9.791,39.947,4.151,20.458,12.899,17.499,19.529,0.0,2.61,5.19,1.34,5.4350000000000005,0.13,2.61,5.2,1.31,5.41
1653954,Coil,2.69,5.28,8.07,7.639,300.0,1.503,0.0,7.75,26.515,0.0,0.0,0.001,0.66,0.0,40.07,39.98,40.544,1.0,500.0,1.0,1.0,1.0,1.0,1.0,1.0,1.0,1.0,1.0,0.193,10.1815,5.160500000000001,8.5145,9.791,39.947,4.151,20.458,12.899,17.499,19.529,0.0,2.61,5.19,1.34,5.4350000000000005,0.13,2.61,5.2,1.31,5.41
1670935,Coil,2.69,5.28,8.07,7.639,300.0,1.503,0.0,7.75,26.515,0.0,0.0,0.001,0.66,0.0,40.07,39.98,40.544,1.0,500.0,1.0,1.0,1.0,1.0,1.0,1.0,1.0,1.0,1.0,0.193,10.1815,5.160500000000001,8.5145,9.791,39.947,4.151,20.458,12.899,17.499,19.529,0.0,2.61,5.19,1.34,5.4350000000000005,0.13,2.61,5.2,1.31,5.41
1670935,Coil,2.69,5.28,8.07,7.639,300.0,1.503,0.0,7.75,26.515,0.0,0.0,0.001,0.66,0.0,40.07,39.98,40.544,1.0,500.0,1.0,1.0,1.0,1.0,1.0,1.0,1.0,1.0,1.0,0.193,10.1815,5.160500000000001,8.5145,9.791,39.947,4.151,20.458,12.899,17.499,19.529,0.0,2.61,5.19,1.34,5.4350000000000005,0.13,2.61,5.2,1.31,5.41
1670935,Coil,2.69,5.28,8.07,7.639,300.0,1.503,0.0,7.75,26.515,0.0,0.0,0.001,0.66,0.0,40.07,39.98,40.544,1.0,500.0,1.0,1.0,1.0,1.0,1.0,1.0,1.0,1.0,1.0,0.193,10.1815,5.160500000000001,8.5145,9.791,39.947,4.151,20.458,12.899,17.499,19.529,0.0,2.61,5.19,1.34,5.4350000000000005,0.13,2.61,5.2,1.31,5.41
1485227,Flex / PCB / Solder / Wiring,2.69,5.28,8.07,7.639,300.0,1.503,0.0,7.75,26.515,0.0,0.0,0.001,0.66,0.0,40.07,39.98,40.544,1.0,500.0,1.0,1.0,1.0,1.0,1.0,1.0,1.0,1.0,1.0,0.193,10.1815,5.160500000000001,8.5145,9.791,39.947,4.151,20.458,12.899,17.499,19.529,0.0,2.61,5.19,1.34,5.4350000000000005,0.13,2.61,5.2,1.31,5.41
1485227,Flex / PCB / Solder / Wiring,2.69,5.28,8.07,7.639,300.0,1.503,0.0,7.75,26.515,0.0,0.0,0.001,0.66,0.0,40.07,39.98,40.544,1.0,500.0,1.0,1.0,1.0,1.0,1.0,1.0,1.0,1.0,1.0,0.193,10.1815,5.160500000000001,8.5145,9.791,39.947,4.151,20.458,12.899,17.499,19.529,0.0,2.61,5.19,1.34,5.4350000000000005,0.13,2.61,5.2,1.31,5.41
2008781,ASIC / EEPROM,2.69,5.28,8.07,7.639,300.0,1.503,0.0,7.75,26.515,0.0,0.0,0.001,0.66,0.0,40.07,39.98,40.544,1.0,500.0,1.0,1.0,1.0,1.0,1.0,1.0,1.0,1.0,1.0,0.193,10.1815,5.160500000000001,8.5145,9.791,39.947,4.151,20.458,12.899,17.499,19.529,0.0,2.61,5.19,1.34,5.4350000000000005,0.13,2.61,5.2,1.31,5.41
2008781,ASIC / EEPROM,2.69,5.28,8.07,7.639,300.0,1.503,0.0,7.75,26.515,0.0,0.0,0.001,0.66,0.0,40.07,39.98,40.544,1.0,500.0,1.0,1.0,1.0,1.0,1.0,1.0,1.0,1.0,1.0,0.193,10.1815,5.160500000000001,8.5145,9.791,39.947,4.151,20.458,12.899,17.499,19.529,0.0,2.61,5.19,1.34,5.4350000000000005,0.13,2.61,5.2,1.31,5.41
2008781,ASIC / EEPROM,2.69,5.28,8.07,7.639,300.0,1.503,0.0,7.75,26.515,0.0,0.0,0.001,0.66,0.0,40.07,39.98,40.544,1.0,500.0,1.0,1.0,1.0,1.0,1.0,1.0,1.0,1.0,1.0,0.193,10.1815,5.160500000000001,8.5145,9.791,39.947,4.151,20.458,12.899,17.499,19.529,0.0,2.61,5.19,1.34,5.4350000000000005,0.13,2.61,5.2,1.31,5.41
1512944,Dimensional / Alignment,2.69,5.28,12.15,7.639,300.0,1.503,0.0,7.75,26.515,0.0,0.0,0.0,0.66,0.0,40.07,40.31,41.62,1.0,500.0,1.0,1.0,1.0,1.0,1.0,1.0,1.0,1.0,1.0,1.13,2.24,4.52,7.72,10.35,33.95,5.74,7.46,11.22,16.25,21.67,0.0,2.61,5.19,1.34,5.4350000000000005,0.13,2.61,5.2,1.31,5.41
1512944,Dimensional / Alignment,2.69,5.28,11.44,7.639,300.0,1.503,0.0,7.75,26.515,0.0,0.0,0.0,0.66,0.0,40.07,39.79,40.74,1.0,500.0,1.0,1.0,1.0,1.0,1.0,1.0,1.0,1.0,1.0,1.06,1.98,4.01,6.74,9.53,35.91,5.61,7.05,10.33,14.63,19.03,0.0,2.61,5.19,1.34,5.4350000000000005,0.13,2.61,5.2,1.31,5.41
1512944,Dimensional / Alignment,2.69,5.28,11.88,7.639,300.0,1.503,0.0,7.75,26.515,0.0,0.0,0.002,0.66,0.0,40.07,40.211,40.018,1.0,500.0,1.0,1.0,1.0,1.0,1.0,1.0,1.0,1.0,1.0,1.193,2.509,4.779,7.523,10.085,40.078,5.822,7.907,11.528,15.889,19.956,0.0,2.61,5.19,1.34,5.4350000000000005,0.13,2.61,5.2,1.31,5.41
1530853,Dimensional / Alignment,2.69,5.28,10.264,7.639,300.0,1.503,0.0,7.75,26.515,0.0,0.0,0.0,0.66,0.0,40.07,39.94,39.87,1.0,500.0,1.0,1.0,1.0,1.0,1.0,1.0,1.0,1.0,1.0,0.386,10.472,6.557,9.163,10.048,39.562,4.559,20.578,14.352,18.491,19.898,0.0,2.61,5.19,1.34,5.4350000000000005,0.13,2.61,5.2,1.31,5.41
1530853,Dimensional / Alignment,2.69,5.28,10.279,7.639,300.0,1.503,0.0,7.75,26.515,0.0,0.0,0.0,0.66,0.0,40.07,38.922,40.112,1.0,500.0,1.0,1.0,1.0,1.0,1.0,1.0,1.0,1.0,1.0,0.269,10.626,5.781,8.902,10.06,39.453,4.405,20.808,13.128,18.066,19.903,0.0,2.61,5.19,1.34,5.4350000000000005,0.13,2.61,5.2,1.31,5.41
1530853,Dimensional / Alignment,2.69,5.28,10.465,7.639,300.0,1.503,0.0,7.75,26.515,0.0,0.0,0.001,0.66,0.0,40.07,40.181,40.517,1.0,500.0,1.0,1.0,1.0,1.0,1.0,1.0,1.0,1.0,1.0,0.181,10.766,5.193,8.634,10.039,40.112,5.387,22.162,13.32,18.768,20.999,0.0,2.61,5.19,1.34,5.4350000000000005,0.13,2.61,5.2,1.31,5.41
1530853,Dimensional / Alignment,2.69,5.28,10.264,7.639,300.0,1.503,0.0,7.75,26.515,0.0,0.0,0.0,0.66,0.0,40.07,39.94,39.87,1.0,500.0,1.0,1.0,1.0,1.0,1.0,1.0,1.0,1.0,1.0,0.386,10.472,6.557,9.163,10.048,39.562,4.559,20.578,14.352,18.491,19.898,0.0,2.61,5.19,1.34,5.4350000000000005,0.13,2.61,5.2,1.31,5.41
1530853,Dimensional / Alignment,2.69,5.28,10.279,7.639,300.0,1.503,0.0,7.75,26.515,0.0,0.0,0.0,0.66,0.0,40.07,38.922,40.112,1.0,500.0,1.0,1.0,1.0,1.0,1.0,1.0,1.0,1.0,1.0,0.269,10.626,5.781,8.902,10.06,39.453,4.405,20.808,13.128,18.066,19.903,0.0,2.61,5.19,1.34,5.4350000000000005,0.13,2.61,5.2,1.31,5.41
1530853,Dimensional / Alignment,2.69,5.28,10.465,7.639,300.0,1.503,0.0,7.75,26.515,0.0,0.0,0.001,0.66,0.0,40.07,40.181,40.517,1.0,500.0,1.0,1.0,1.0,1.0,1.0,1.0,1.0,1.0,1.0,0.181,10.766,5.193,8.634,10.039,40.112,5.387,22.162,13.32,18.768,20.999,0.0,2.61,5.19,1.34,5.4350000000000005,0.13,2.61,5.2,1.31,5.41
1562412,Dimensional / Alignment,2.69,5.28,6.851,7.639,300.0,1.503,0.0,7.75,26.515,0.0,0.0,0.002,0.66,0.0,40.07,38.886,39.402,1.0,500.0,1.0,1.0,1.0,1.0,1.0,1.0,1.0,1.0,1.0,0.3,10.576,6.159,8.914,10.033,39.947,4.151,20.458,12.899,17.499,19.529,0.0,2.61,5.19,1.34,5.4350000000000005,0.13,2.61,5.2,1.31,5.41
1562412,Dimensional / Alignment,2.69,5.28,6.804,7.639,300.0,1.503,0.0,7.75,26.515,0.0,0.0,0.002,0.66,0.0,40.07,39.765,40.362,1.0,500.0,1.0,1.0,1.0,1.0,1.0,1.0,1.0,1.0,1.0,0.2,10.666,5.823,8.779,10.041,39.947,4.151,20.458,12.899,17.499,19.529,0.0,2.61,5.19,1.34,5.4350000000000005,0.13,2.61,5.2,1.31,5.41
1562412,Dimensional / Alignment,2.69,5.28,6.802,7.639,300.0,1.503,0.0,7.75,26.515,0.0,0.0,0.003,0.66,0.0,40.07,38.721,40.3,1.0,500.0,1.0,1.0,1.0,1.0,1.0,1.0,1.0,1.0,1.0,0.217,10.658,5.684,8.717,10.025,39.947,4.151,20.458,12.899,17.499,19.529,0.0,2.61,5.19,1.34,5.4350000000000005,0.13,2.61,5.2,1.31,5.41
1562412,Dimensional / Alignment,2.69,5.28,6.833,7.639,300.0,1.503,0.0,7.75,26.515,0.0,0.0,0.002,0.66,0.0,40.07,40.02,40.247,1.0,500.0,1.0,1.0,1.0,1.0,1.0,1.0,1.0,1.0,1.0,0.263,10.731,5.684,8.684,10.007,39.947,4.151,20.458,12.899,17.499,19.529,0.0,2.61,5.19,1.34,5.4350000000000005,0.13,2.61,5.2,1.31,5.41
1569810,Dimensional / Alignment,2.69,5.28,6.554,7.639,300.0,1.503,0.0,7.75,26.515,0.0,0.0,0.002,0.66,0.0,40.07,40.243,40.822,1.0,500.0,1.0,1.0,1.0,1.0,1.0,1.0,1.0,1.0,1.0,0.662,4.948,4.657,4.884,4.935,39.947,4.151,20.458,12.899,17.499,19.529,0.0,2.61,5.19,1.34,5.4350000000000005,0.13,2.61,5.2,1.31,5.41
1569810,Dimensional / Alignment,2.69,5.28,6.689,7.639,300.0,1.503,0.0,7.75,26.515,0.0,0.0,0.001,0.66,0.0,40.07,39.889,40.677,1.0,500.0,1.0,1.0,1.0,1.0,1.0,1.0,1.0,1.0,1.0,0.055,5.437,2.327,4.038,4.931,39.947,4.151,20.458,12.899,17.499,19.529,0.0,2.61,5.19,1.34,5.4350000000000005,0.13,2.61,5.2,1.31,5.41
1569810,Dimensional / Alignment,2.69,5.28,6.696,7.639,300.0,1.503,0.0,7.75,26.515,0.0,0.0,0.001,0.66,0.0,40.07,40.711,40.974,1.0,500.0,1.0,1.0,1.0,1.0,1.0,1.0,1.0,1.0,1.0,0.055,5.425,2.341,4.031,4.91,39.947,4.151,20.458,12.899,17.499,19.529,0.0,2.61,5.19,1.34,5.4350000000000005,0.13,2.61,5.2,1.31,5.41
1569810,Dimensional / Alignment,2.69,5.28,6.666,7.639,300.0,1.503,0.0,7.75,26.515,0.0,0.0,0.001,0.66,0.0,40.07,39.786,41.135,1.0,500.0,1.0,1.0,1.0,1.0,1.0,1.0,1.0,1.0,1.0,0.055,5.388,2.388,4.077,4.928,39.947,4.151,20.458,12.899,17.499,19.529,0.0,2.61,5.19,1.34,5.4350000000000005,0.13,2.61,5.2,1.31,5.41
1569810,Dimensional / Alignment,2.69,5.28,6.644,7.639,300.0,1.503,0.0,7.75,26.515,0.0,0.0,0.001,0.66,0.0,40.07,40.376,41.139,1.0,500.0,1.0,1.0,1.0,1.0,1.0,1.0,1.0,1.0,1.0,0.054,5.353,2.389,4.063,4.903,39.947,4.151,20.458,12.899,17.499,19.529,0.0,2.61,5.19,1.34,5.4350000000000005,0.13,2.61,5.2,1.31,5.41
1569810,Dimensional / Alignment,2.69,5.28,6.516,7.639,300.0,1.503,0.0,7.75,26.515,0.0,0.0,0.002,0.66,0.0,40.07,40.169,41.102,1.0,500.0,1.0,1.0,1.0,1.0,1.0,1.0,1.0,1.0,1.0,0.056,5.376,2.395,4.066,4.912,39.947,4.151,20.458,12.899,17.499,19.529,0.0,2.61,5.19,1.34,5.4350000000000005,0.13,2.61,5.2,1.31,5.41
1676267,Dimensional / Alignment,2.69,5.28,11.439,7.639,300.0,1.503,0.0,7.75,26.515,0.0,0.0,0.002,0.66,0.0,40.07,39.146,40.254,1.0,500.0,1.0,1.0,1.0,1.0,1.0,1.0,1.0,1.0,1.0,0.239,11.061,4.812,8.418,10.088,39.14,10.0,100.0,100.0,100.0,100.0,0.0,2.61,5.19,1.34,5.4350000000000005,0.13,2.61,5.2,1.31,5.41
1676267,Dimensional / Alignment,2.69,5.28,11.908,7.639,300.0,1.503,0.0,7.75,26.515,0.0,0.0,0.001,0.66,0.0,40.07,39.862,40.738,1.0,500.0,1.0,1.0,1.0,1.0,1.0,1.0,1.0,1.0,1.0,0.379,10.3,5.793,10.31,10.3,40.2,4.603,20.28,13.177,20.295,20.279,0.0,2.61,5.19,1.34,5.4350000000000005,0.13,2.61,5.2,1.31,5.41
1676267,Dimensional / Alignment,2.69,5.28,11.375,7.639,300.0,1.503,0.0,7.75,26.515,0.0,0.0,0.001,0.66,0.0,40.07,39.718,40.832,1.0,500.0,1.0,1.0,1.0,1.0,1.0,1.0,1.0,1.0,1.0,0.196,11.051,4.707,8.338,10.043,40.161,4.285,21.429,11.407,17.145,19.85,0.0,2.61,5.19,1.34,5.4350000000000005,0.13,2.61,5.2,1.31,5.41
1676267,Dimensional / Alignment,2.69,5.28,11.28,7.639,300.0,1.503,0.0,7.75,26.515,0.0,0.0,0.001,0.66,0.0,40.07,40.827,41.231,1.0,500.0,1.0,1.0,1.0,1.0,1.0,1.0,1.0,1.0,1.0,0.211,11.093,4.735,8.381,10.096,40.596,4.33,21.644,11.521,17.333,20.059,0.0,2.61,5.19,1.34,5.4350000000000005,0.13,2.61,5.2,1.31,5.41
1676267,Dimensional / Alignment,2.69,5.28,11.336,7.639,300.0,1.503,0.0,7.75,26.515,0.0,0.0,0.001,0.66,0.0,40.07,39.732,40.763,1.0,500.0,1.0,1.0,1.0,1.0,1.0,1.0,1.0,1.0,1.0,0.239,11.101,4.746,8.388,10.103,40.072,4.318,21.528,11.456,17.235,19.943,0.0,2.61,5.19,1.34,5.4350000000000005,0.13,2.61,5.2,1.31,5.41
1676267,Dimensional / Alignment,2.69,5.28,11.231,7.639,300.0,1.503,0.0,7.75,26.515,0.0,0.0,0.001,0.66,0.0,40.07,39.835,40.822,1.0,500.0,1.0,1.0,1.0,1.0,1.0,1.0,1.0,1.0,1.0,0.217,10.996,4.752,8.36,10.03,40.222,4.302,21.371,11.482,17.201,19.846,0.0,2.61,5.19,1.34,5.4350000000000005,0.13,2.61,5.2,1.31,5.41
1676267,Dimensional / Alignment,2.69,5.28,11.462,7.639,300.0,1.503,0.0,7.75,26.515,0.0,0.0,0.001,0.66,0.0,40.07,39.575,40.812,1.0,500.0,1.0,1.0,1.0,1.0,1.0,1.0,1.0,1.0,1.0,0.173,10.979,4.782,8.361,10.012,40.338,4.236,21.358,11.537,17.215,19.828,0.0,2.61,5.19,1.34,5.4350000000000005,0.13,2.61,5.2,1.31,5.41
1671346,Dimensional / Alignment,3.41,0.0,8.404,7.705,277.83,1.194,0.0,7.75,26.676,0.0,0.0,0.0,0.662,0.0,39.071,39.619,38.947,1.0,500.0,1.0,1.0,1.0,1.0,1.0,1.0,1.0,1.0,1.0,0.193,10.1815,5.160500000000001,8.5145,9.791,39.947,4.151,20.458,12.899,17.499,19.529,0.0,2.61,5.19,1.34,5.4350000000000005,0.13,2.61,5.2,1.31,5.41
1671346,Dimensional / Alignment,2.69,0.0,8.533,7.575,277.83,1.296,0.0,7.75,26.612,0.0,0.0,0.0,0.659,0.0,39.119,40.071,38.947,1.0,500.0,1.0,1.0,1.0,1.0,1.0,1.0,1.0,1.0,1.0,0.193,10.1815,5.160500000000001,8.5145,9.791,39.947,4.151,20.458,12.899,17.499,19.529,0.0,2.61,5.19,1.34,5.4350000000000005,0.13,2.61,5.2,1.31,5.41
1671346,Dimensional / Alignment,3.444,0.0,8.291,7.639,291.722,1.257,0.0,7.75,26.362,0.0,0.0,0.0,0.662,0.0,40.267,40.895,39.776,1.0,500.0,1.0,1.0,1.0,1.0,1.0,1.0,1.0,1.0,1.0,0.193,10.1815,5.160500000000001,8.5145,9.791,39.947,4.151,20.458,12.899,17.499,19.529,0.0,2.61,5.19,1.34,5.4350000000000005,0.13,2.61,5.2,1.31,5.41
1671346,Dimensional / Alignment,3.302,0.0,8.512,7.765,277.83,1.208,0.0,7.75,26.617,0.0,0.0,0.0,0.664,0.0,39.853,41.064,39.561,1.0,500.0,1.0,1.0,1.0,1.0,1.0,1.0,1.0,1.0,1.0,0.193,10.1815,5.160500000000001,8.5145,9.791,39.947,4.151,20.458,12.899,17.499,19.529,0.0,2.61,5.19,1.34,5.4350000000000005,0.13,2.61,5.2,1.31,5.41
1671346,Dimensional / Alignment,3.846,2.392,8.252,7.559,277.83,1.231,0.0,7.75,26.349,0.0,0.0,0.0,0.662,0.0,38.64,39.947,39.011,1.0,500.0,1.0,1.0,1.0,1.0,1.0,1.0,1.0,1.0,1.0,0.193,10.1815,5.160500000000001,8.5145,9.791,39.947,4.151,20.458,12.899,17.499,19.529,0.0,2.61,5.19,1.34,5.4350000000000005,0.13,2.61,5.2,1.31,5.41
1511379,ASIC / EEPROM,2.69,5.28,8.07,7.639,300.0,1.503,0.0,7.75,26.515,0.0,0.0,0.001,0.66,0.0,40.07,39.98,40.544,1.0,500.0,1.0,1.0,1.0,1.0,1.0,1.0,1.0,0.0,1.0,0.193,10.1815,5.160500000000001,8.5145,9.791,39.947,4.151,20.458,12.899,17.499,19.529,0.0,2.61,5.19,1.34,5.4350000000000005,0.13,2.61,5.2,1.31,5.41
1511379,ASIC / EEPROM,2.69,5.28,8.07,7.639,300.0,1.503,0.0,7.75,26.515,0.0,0.0,0.001,0.66,0.0,40.07,39.98,40.544,1.0,500.0,1.0,1.0,1.0,1.0,1.0,1.0,1.0,1.0,1.0,0.193,10.1815,5.160500000000001,8.5145,9.791,39.947,4.151,20.458,12.899,17.499,19.529,0.0,2.61,5.19,1.34,5.4350000000000005,0.13,2.61,5.2,1.31,5.41
1511379,ASIC / EEPROM,2.69,5.28,8.07,7.639,300.0,1.503,0.0,7.75,26.515,0.0,0.0,0.001,0.66,0.0,40.07,39.98,40.544,1.0,500.0,1.0,1.0,1.0,1.0,1.0,1.0,1.0,1.0,1.0,0.193,10.1815,5.160500000000001,8.5145,9.791,39.947,4.151,20.458,12.899,17.499,19.529,0.0,2.61,5.19,1.34,5.4350000000000005,0.13,2.61,5.2,1.31,5.41
1511379,ASIC / EEPROM,2.69,5.28,8.07,7.639,300.0,1.503,0.0,7.75,26.515,0.0,0.0,0.001,0.66,0.0,40.07,39.98,40.544,1.0,500.0,1.0,1.0,1.0,1.0,1.0,1.0,1.0,1.0,1.0,0.193,10.1815,5.160500000000001,8.5145,9.791,39.947,4.151,20.458,12.899,17.499,19.529,0.0,2.61,5.19,1.34,5.4350000000000005,0.13,2.61,5.2,1.31,5.41
1511379,ASIC / EEPROM,2.69,5.28,8.07,7.639,300.0,1.503,0.0,7.75,26.515,0.0,0.0,0.001,0.66,0.0,40.07,39.98,40.544,1.0,500.0,1.0,1.0,1.0,1.0,1.0,1.0,1.0,1.0,1.0,0.193,10.1815,5.160500000000001,8.5145,9.791,39.947,4.151,20.458,12.899,17.499,19.529,0.0,2.61,5.19,1.34,5.4350000000000005,0.13,2.61,5.2,1.31,5.41
1511379,ASIC / EEPROM,2.69,5.28,8.07,7.639,300.0,1.503,0.0,7.75,26.515,0.0,0.0,0.001,0.66,0.0,40.07,39.98,40.544,1.0,500.0,1.0,1.0,1.0,1.0,1.0,1.0,1.0,1.0,1.0,0.193,10.1815,5.160500000000001,8.5145,9.791,39.947,4.151,20.458,12.899,17.499,19.529,0.0,2.61,5.19,1.34,5.4350000000000005,0.13,2.61,5.2,1.31,5.41
1516030,Dimensional / Alignment,2.69,5.28,6.378,7.639,300.0,1.503,0.0,7.75,26.515,0.0,0.0,0.002,0.66,0.0,40.07,33.962,40.561,1.0,500.0,1.0,1.0,1.0,1.0,1.0,1.0,1.0,1.0,1.0,0.05,5.406,2.378,4.084,4.951,39.947,4.151,20.458,12.899,17.499,19.529,0.0,2.61,5.19,1.34,5.4350000000000005,0.13,2.61,5.2,1.31,5.41
1516030,Dimensional / Alignment,2.69,5.28,6.612,7.639,300.0,1.503,0.0,7.75,26.515,0.0,0.0,0.002,0.66,0.0,40.07,33.919,40.504,1.0,500.0,1.0,1.0,1.0,1.0,1.0,1.0,1.0,1.0,1.0,0.05,5.43,2.386,4.078,4.948,39.947,4.151,20.458,12.899,17.499,19.529,0.0,2.61,5.19,1.34,5.4350000000000005,0.13,2.61,5.2,1.31,5.41
1676266,Dimensional / Alignment,2.69,5.28,11.412,7.639,300.0,1.503,0.0,7.75,26.515,0.0,0.0,0.002,0.66,0.0,40.07,39.528,40.743,1.0,500.0,1.0,1.0,1.0,1.0,1.0,1.0,1.0,1.0,1.0,0.413,10.776,5.311,8.676,10.062,40.075,4.622,21.044,12.383,17.715,19.918,0.0,2.61,5.19,1.34,5.4350000000000005,0.13,2.61,5.2,1.31,5.41
1676266,Dimensional / Alignment,2.69,5.28,11.344,7.639,300.0,1.503,0.0,7.75,26.515,0.0,0.0,0.002,0.66,0.0,40.07,39.621,40.692,1.0,500.0,1.0,1.0,1.0,1.0,1.0,1.0,1.0,1.0,1.0,0.173,11.102,4.716,8.354,10.084,40.1,4.288,21.673,11.512,17.299,20.049,0.0,2.61,5.19,1.34,5.4350000000000005,0.13,2.61,5.2,1.31,5.41
1676266,Dimensional / Alignment,2.69,5.28,11.549,7.639,300.0,1.503,0.0,7.75,26.515,0.0,0.0,0.002,0.66,0.0,40.07,40.404,41.001,1.0,500.0,1.0,1.0,1.0,1.0,1.0,1.0,1.0,1.0,1.0,0.097,11.009,4.745,8.348,10.021,40.776,4.115,21.354,11.458,17.153,19.803,0.0,2.61,5.19,1.34,5.4350000000000005,0.13,2.61,5.2,1.31,5.41
1676266,Dimensional / Alignment,2.69,5.28,11.549,7.639,300.0,1.503,0.0,7.75,26.515,0.0,0.0,0.002,0.66,0.0,40.07,39.669,40.703,1.0,500.0,1.0,1.0,1.0,1.0,1.0,1.0,1.0,1.0,1.0,0.177,11.06,4.752,8.366,10.063,40.197,4.272,21.533,11.523,17.255,19.947,0.0,2.61,5.19,1.34,5.4350000000000005,0.13,2.61,5.2,1.31,5.41
1676266,Dimensional / Alignment,2.69,5.28,11.364,7.639,300.0,1.503,0.0,7.75,26.515,0.0,0.0,0.002,0.66,0.0,40.07,40.424,41.095,1.0,500.0,1.0,1.0,1.0,1.0,1.0,1.0,1.0,1.0,1.0,0.288,11.052,4.784,8.368,10.049,40.57,4.392,21.422,11.503,17.183,19.837,0.0,2.61,5.19,1.34,5.4350000000000005,0.13,2.61,5.2,1.31,5.41
1626711,Dimensional / Alignment,2.69,5.28,11.582,7.639,300.0,1.503,0.0,7.75,26.515,0.0,0.0,0.001,0.66,0.0,40.07,39.338,39.576,1.0,500.0,1.0,1.0,1.0,1.0,1.0,1.0,1.0,1.0,1.0,0.363,10.709,5.935,8.837,10.027,39.325,10.0,100.0,100.0,100.0,100.0,0.0,2.61,5.19,1.34,5.4350000000000005,0.13,2.61,5.2,1.31,5.41
1626711,Dimensional / Alignment,2.69,5.28,11.631,7.639,300.0,1.503,0.0,7.75,26.515,0.0,0.0,0.002,0.66,0.0,40.07,39.542,39.397,1.0,500.0,1.0,1.0,1.0,1.0,1.0,1.0,1.0,1.0,1.0,0.239,11.009,4.853,8.417,10.052,35.368,10.0,100.0,100.0,100.0,100.0,0.0,2.61,5.19,1.34,5.4350000000000005,0.13,2.61,5.2,1.31,5.41
1626711,Dimensional / Alignment,2.69,5.28,11.638,7.639,300.0,1.503,0.0,7.75,26.515,0.0,0.0,0.001,0.66,0.0,40.07,40.019,40.311,1.0,500.0,1.0,1.0,1.0,1.0,1.0,1.0,1.0,1.0,1.0,0.662,10.063,6.614,10.072,10.09,39.089,10.0,19.927,19.876,19.938,19.958,0.0,2.61,5.19,1.34,5.4350000000000005,0.13,2.61,5.2,1.31,5.41
1626711,Dimensional / Alignment,2.69,5.28,11.53,7.639,300.0,1.503,0.0,7.75,26.515,0.0,0.0,0.001,0.66,0.0,40.07,39.579,40.121,1.0,500.0,1.0,1.0,1.0,1.0,1.0,1.0,1.0,1.0,1.0,0.216,11.085,4.778,8.354,10.061,50.0,-0.0,-0.001,-0.001,-0.001,-0.001,0.0,2.61,5.19,1.34,5.4350000000000005,0.13,2.61,5.2,1.31,5.41
1626711,Dimensional / Alignment,2.69,5.28,11.579,7.639,300.0,1.503,0.0,7.75,26.515,0.0,0.0,0.001,0.66,0.0,40.07,39.66,40.201,1.0,500.0,1.0,1.0,1.0,1.0,1.0,1.0,1.0,1.0,1.0,0.662,10.151,6.363,9.855,10.071,39.814,5.737,19.99,18.35,19.531,19.87,0.0,2.61,5.19,1.34,5.4350000000000005,0.13,2.61,5.2,1.31,5.41
1509446,ASIC / EEPROM,2.69,5.28,8.07,7.639,300.0,1.503,0.0,7.75,26.515,0.0,0.0,0.001,0.66,0.0,40.07,39.98,40.544,1.0,500.0,1.0,1.0,1.0,1.0,1.0,1.0,1.0,1.0,1.0,0.193,10.1815,5.160500000000001,8.5145,9.791,39.947,4.151,20.458,12.899,17.499,19.529,0.0,2.61,5.19,1.34,5.4350000000000005,0.13,2.61,5.2,1.31,5.41
1509446,ASIC / EEPROM,2.69,5.28,8.07,7.639,300.0,1.503,0.0,7.75,26.515,0.0,0.0,0.001,0.66,0.0,40.07,39.98,40.544,1.0,500.0,1.0,1.0,1.0,1.0,1.0,1.0,1.0,1.0,1.0,0.193,10.1815,5.160500000000001,8.5145,9.791,39.947,4.151,20.458,12.899,17.499,19.529,0.0,2.61,5.19,1.34,5.4350000000000005,0.13,2.61,5.2,1.31,5.41
1509446,ASIC / EEPROM,2.69,5.28,8.07,7.639,300.0,1.503,0.0,7.75,26.515,0.0,0.0,0.001,0.66,0.0,40.07,39.98,40.544,1.0,500.0,1.0,1.0,1.0,1.0,1.0,1.0,1.0,1.0,1.0,0.193,10.1815,5.160500000000001,8.5145,9.791,39.947,4.151,20.458,12.899,17.499,19.529,0.0,2.61,5.19,1.34,5.4350000000000005,0.13,2.61,5.2,1.31,5.41
2021914,Dimensional / Alignment,0.93,0.0,7.85,8.32,0.0,0.0,0.94,9.8,360.0,3.76,0.0,0.0,0.66,0.0,40.2,40.79,40.4,1.0,500.0,1.0,1.0,1.0,1.0,1.0,1.0,1.0,1.0,1.0,0.193,10.1815,5.160500000000001,8.5145,9.791,39.947,4.151,20.458,12.899,17.499,19.529,0.0,2.61,5.19,1.34,5.4350000000000005,0.13,2.61,5.2,1.31,5.41
2021914,Dimensional / Alignment,2.4,0.16,8.65,7.94,300.0,1.64,0.0,7.75,25.52,0.0,0.0,0.0,0.66,0.0,40.28,41.02,40.47,1.0,500.0,1.0,1.0,1.0,1.0,1.0,1.0,1.0,1.0,1.0,0.193,10.1815,5.160500000000001,8.5145,9.791,39.947,4.151,20.458,12.899,17.499,19.529,0.0,2.61,5.19,1.34,5.4350000000000005,0.13,2.61,5.2,1.31,5.41
2021914,Dimensional / Alignment,2.69,0.28,8.39,7.74,300.0,1.63,0.0,7.75,26.12,0.0,0.0,0.0,0.66,0.0,40.39,41.3,40.61,1.0,500.0,1.0,1.0,1.0,1.0,1.0,1.0,1.0,1.0,1.0,0.193,10.1815,5.160500000000001,8.5145,9.791,39.947,4.151,20.458,12.899,17.499,19.529,0.0,2.61,5.19,1.34,5.4350000000000005,0.13,2.61,5.2,1.31,5.41
2021914,Dimensional / Alignment,2.63,0.36,8.4,7.76,300.0,1.62,0.0,7.75,26.1,0.0,0.0,0.0,0.66,0.0,40.5,40.92,39.95,1.0,500.0,1.0,1.0,1.0,1.0,1.0,1.0,1.0,1.0,1.0,0.193,10.1815,5.160500000000001,8.5145,9.791,39.947,4.151,20.458,12.899,17.499,19.529,0.0,2.61,5.19,1.34,5.4350000000000005,0.13,2.61,5.2,1.31,5.41
1652762,Dimensional / Alignment,2.69,5.28,6.613,7.639,300.0,1.503,0.0,7.75,26.515,0.0,0.0,0.002,0.66,0.0,40.07,40.087,40.363,1.0,500.0,1.0,1.0,1.0,1.0,1.0,1.0,1.0,1.0,1.0,0.662,4.916,4.665,4.866,4.915,39.947,4.151,20.458,12.899,17.499,19.529,0.0,2.61,5.19,1.34,5.4350000000000005,0.13,2.61,5.2,1.31,5.41
1652762,Dimensional / Alignment,2.69,5.28,6.447,7.639,300.0,1.503,0.0,7.75,26.515,0.0,0.0,0.001,0.66,0.0,40.07,39.763,40.591,1.0,500.0,1.0,1.0,1.0,1.0,1.0,1.0,1.0,1.0,1.0,0.44,5.05,3.939,4.708,4.95,39.947,4.151,20.458,12.899,17.499,19.529,0.0,2.61,5.19,1.34,5.4350000000000005,0.13,2.61,5.2,1.31,5.41
1652762,Dimensional / Alignment,2.69,5.28,6.532,7.639,300.0,1.503,0.0,7.75,26.515,0.0,0.0,0.001,0.66,0.0,40.07,39.352,40.645,1.0,500.0,1.0,1.0,1.0,1.0,1.0,1.0,1.0,1.0,1.0,0.379,5.112,3.558,4.588,4.944,39.947,4.151,20.458,12.899,17.499,19.529,0.0,2.61,5.19,1.34,5.4350000000000005,0.13,2.61,5.2,1.31,5.41
1652762,Dimensional / Alignment,2.69,5.28,6.42,7.639,300.0,1.503,0.0,7.75,26.515,0.0,0.0,0.001,0.66,0.0,40.07,40.145,40.62,1.0,500.0,1.0,1.0,1.0,1.0,1.0,1.0,1.0,1.0,1.0,0.341,5.213,3.217,4.46,4.952,39.947,4.151,20.458,12.899,17.499,19.529,0.0,2.61,5.19,1.34,5.4350000000000005,0.13,2.61,5.2,1.31,5.41
1652762,Dimensional / Alignment,2.69,5.28,6.511,7.639,300.0,1.503,0.0,7.75,26.515,0.0,0.0,0.001,0.66,0.0,40.07,39.961,40.655,1.0,500.0,1.0,1.0,1.0,1.0,1.0,1.0,1.0,1.0,1.0,0.315,5.233,3.148,4.435,4.955,39.947,4.151,20.458,12.899,17.499,19.529,0.0,2.61,5.19,1.34,5.4350000000000005,0.13,2.61,5.2,1.31,5.41
1652762,Dimensional / Alignment,2.69,5.28,6.654,7.639,300.0,1.503,0.0,7.75,26.515,0.0,0.0,0.001,0.66,0.0,40.07,40.205,40.509,1.0,500.0,1.0,1.0,1.0,1.0,1.0,1.0,1.0,1.0,1.0,0.322,5.298,2.92,4.327,4.945,39.947,4.151,20.458,12.899,17.499,19.529,0.0,2.61,5.19,1.34,5.4350000000000005,0.13,2.61,5.2,1.31,5.41
1652762,Dimensional / Alignment,2.69,5.28,6.476,7.639,300.0,1.503,0.0,7.75,26.515,0.0,0.0,0.001,0.66,0.0,40.07,39.93,40.309,1.0,500.0,1.0,1.0,1.0,1.0,1.0,1.0,1.0,1.0,1.0,0.322,5.316,2.881,4.309,4.948,39.947,4.151,20.458,12.899,17.499,19.529,0.0,2.61,5.19,1.34,5.4350000000000005,0.13,2.61,5.2,1.31,5.41
1652762,Dimensional / Alignment,2.69,5.28,6.497,7.639,300.0,1.503,0.0,7.75,26.515,0.0,0.0,0.001,0.66,0.0,40.07,40.149,40.814,1.0,500.0,1.0,1.0,1.0,1.0,1.0,1.0,1.0,1.0,1.0,0.321,5.31,2.861,4.295,4.938,39.947,4.151,20.458,12.899,17.499,19.529,0.0,2.61,5.19,1.34,5.4350000000000005,0.13,2.61,5.2,1.31,5.41
1652762,Dimensional / Alignment,2.69,5.28,6.54,7.639,300.0,1.503,0.0,7.75,26.515,0.0,0.0,0.001,0.66,0.0,40.07,39.858,40.55,1.0,500.0,1.0,1.0,1.0,1.0,1.0,1.0,1.0,1.0,1.0,0.329,5.314,2.86,4.284,4.93,39.947,4.151,20.458,12.899,17.499,19.529,0.0,2.61,5.19,1.34,5.4350000000000005,0.13,2.61,5.2,1.31,5.41
1652762,Dimensional / Alignment,2.69,5.28,6.653,7.639,300.0,1.503,0.0,7.75,26.515,0.0,0.0,0.001,0.66,0.0,40.07,39.82,40.502,1.0,500.0,1.0,1.0,1.0,1.0,1.0,1.0,1.0,1.0,1.0,0.3,5.307,2.854,4.29,4.935,39.947,4.151,20.458,12.899,17.499,19.529,0.0,2.61,5.19,1.34,5.4350000000000005,0.13,2.61,5.2,1.31,5.41
1652762,Dimensional / Alignment,2.69,5.28,6.406,7.639,300.0,1.503,0.0,7.75,26.515,0.0,0.0,0.001,0.66,0.0,40.07,39.969,40.478,1.0,500.0,1.0,1.0,1.0,1.0,1.0,1.0,1.0,1.0,1.0,0.299,5.358,2.84,4.293,4.958,39.947,4.151,20.458,12.899,17.499,19.529,0.0,2.61,5.19,1.34,5.4350000000000005,0.13,2.61,5.2,1.31,5.41
1561827,Coil,2.69,5.28,8.07,7.639,300.0,1.503,0.0,7.75,26.515,0.0,0.0,0.001,0.66,0.0,40.07,39.98,40.544,1.0,500.0,1.0,1.0,1.0,1.0,1.0,1.0,1.0,1.0,1.0,0.193,10.1815,5.160500000000001,8.5145,9.791,39.947,4.151,20.458,12.899,17.499,19.529,0.0,2.61,5.19,1.34,5.4350000000000005,0.13,2.61,5.2,1.31,5.41
1561827,Coil,2.69,5.28,8.07,7.639,300.0,1.503,0.0,7.75,26.515,0.0,0.0,0.001,0.66,0.0,40.07,39.98,40.544,1.0,500.0,1.0,1.0,1.0,1.0,1.0,1.0,1.0,1.0,1.0,0.193,10.1815,5.160500000000001,8.5145,9.791,39.947,4.151,20.458,12.899,17.499,19.529,0.0,2.61,5.19,1.34,5.4350000000000005,0.13,2.61,5.2,1.31,5.41
1561827,Coil,2.69,5.28,8.07,7.639,300.0,1.503,0.0,7.75,26.515,0.0,0.0,0.001,0.66,0.0,40.07,39.98,40.544,1.0,500.0,1.0,1.0,1.0,1.0,1.0,1.0,1.0,1.0,1.0,0.193,10.1815,5.160500000000001,8.5145,9.791,39.947,4.151,20.458,12.899,17.499,19.529,0.0,2.61,5.19,1.34,5.4350000000000005,0.13,2.61,5.2,1.31,5.41
1669632,Dimensional / Alignment,2.69,5.28,8.07,7.639,300.0,1.503,0.0,7.75,26.515,0.0,0.0,0.001,0.66,0.0,40.07,39.98,40.544,1.0,500.0,1.0,1.0,1.0,1.0,1.0,1.0,1.0,1.0,1.0,0.193,10.1815,5.160500000000001,8.5145,9.791,39.947,4.151,20.458,12.899,17.499,19.529,0.0,2.61,5.19,1.34,5.4350000000000005,0.13,2.61,5.2,1.31,5.41
1669632,Dimensional / Alignment,2.69,5.28,8.07,7.639,300.0,1.503,0.0,7.75,26.515,0.0,0.0,0.001,0.66,0.0,40.07,39.98,40.544,1.0,500.0,1.0,1.0,1.0,1.0,1.0,1.0,1.0,1.0,1.0,0.193,10.1815,5.160500000000001,8.5145,9.791,39.947,4.151,20.458,12.899,17.499,19.529,0.0,2.61,5.19,1.34,5.4350000000000005,0.13,2.61,5.2,1.31,5.41
1669632,Dimensional / Alignment,2.69,5.28,8.07,7.639,300.0,1.503,0.0,7.75,26.515,0.0,0.0,0.001,0.66,0.0,40.07,39.98,40.544,1.0,500.0,1.0,1.0,1.0,1.0,1.0,1.0,1.0,1.0,1.0,0.193,10.1815,5.160500000000001,8.5145,9.791,39.947,4.151,20.458,12.899,17.499,19.529,0.0,2.61,5.19,1.34,5.4350000000000005,0.13,2.61,5.2,1.31,5.41
1669632,Dimensional / Alignment,2.69,5.28,8.07,7.639,300.0,1.503,0.0,7.75,26.515,0.0,0.0,0.001,0.66,0.0,40.07,39.98,40.544,1.0,500.0,1.0,1.0,1.0,1.0,1.0,1.0,1.0,1.0,1.0,0.193,10.1815,5.160500000000001,8.5145,9.791,39.947,4.151,20.458,12.899,17.499,19.529,0.0,2.61,5.19,1.34,5.4350000000000005,0.13,2.61,5.2,1.31,5.41
1669632,Dimensional / Alignment,2.69,5.28,8.07,7.639,300.0,1.503,0.0,7.75,26.515,0.0,0.0,0.001,0.66,0.0,40.07,39.98,40.544,1.0,500.0,1.0,1.0,1.0,1.0,1.0,1.0,1.0,1.0,1.0,0.193,10.1815,5.160500000000001,8.5145,9.791,39.947,4.151,20.458,12.899,17.499,19.529,0.0,2.61,5.19,1.34,5.4350000000000005,0.13,2.61,5.2,1.31,5.41
1669632,Dimensional / Alignment,2.69,5.28,8.07,7.639,300.0,1.503,0.0,7.75,26.515,0.0,0.0,0.001,0.66,0.0,40.07,39.98,40.544,1.0,500.0,1.0,1.0,1.0,1.0,1.0,1.0,1.0,1.0,1.0,0.193,10.1815,5.160500000000001,8.5145,9.791,39.947,4.151,20.458,12.899,17.499,19.529,0.0,2.61,5.19,1.34,5.4350000000000005,0.13,2.61,5.2,1.31,5.41
2004882,Flex / PCB / Solder / Wiring,2.69,5.28,8.07,7.639,300.0,1.503,0.0,7.75,26.515,0.0,0.0,0.001,0.66,0.0,40.07,39.98,40.544,1.0,500.0,1.0,1.0,1.0,1.0,1.0,1.0,1.0,1.0,1.0,0.193,10.1815,5.160500000000001,8.5145,9.791,39.947,4.151,20.458,12.899,17.499,19.529,0.0,2.61,5.19,1.34,5.4350000000000005,0.13,2.61,5.2,1.31,5.41
2004882,Flex / PCB / Solder / Wiring,2.69,5.28,8.07,7.639,300.0,1.503,0.0,7.75,26.515,0.0,0.0,0.001,0.66,0.0,40.07,39.98,40.544,1.0,500.0,1.0,1.0,1.0,1.0,1.0,1.0,1.0,1.0,1.0,0.193,10.1815,5.160500000000001,8.5145,9.791,39.947,4.151,20.458,12.899,17.499,19.529,0.0,2.61,5.19,1.34,5.4350000000000005,0.13,2.61,5.2,1.31,5.41
2004882,Flex / PCB / Solder / Wiring,2.69,5.28,8.07,7.639,300.0,1.503,0.0,7.75,26.515,0.0,0.0,0.001,0.66,0.0,40.07,39.98,40.544,1.0,500.0,1.0,1.0,1.0,1.0,1.0,1.0,1.0,1.0,1.0,0.193,10.1815,5.160500000000001,8.5145,9.791,39.947,4.151,20.458,12.899,17.499,19.529,0.0,2.61,5.19,1.34,5.4350000000000005,0.13,2.61,5.2,1.31,5.41
2004882,Flex / PCB / Solder / Wiring,2.69,5.28,8.07,7.639,300.0,1.503,0.0,7.75,26.515,0.0,0.0,0.001,0.66,0.0,40.07,39.98,40.544,1.0,500.0,1.0,1.0,1.0,1.0,1.0,1.0,1.0,1.0,1.0,0.193,10.1815,5.160500000000001,8.5145,9.791,39.947,4.151,20.458,12.899,17.499,19.529,0.0,2.61,5.19,1.34,5.4350000000000005,0.13,2.61,5.2,1.31,5.41
2004882,Flex / PCB / Solder / Wiring,2.69,5.28,8.07,7.639,300.0,1.503,0.0,7.75,26.515,0.0,0.0,0.001,0.66,0.0,40.07,39.98,40.544,1.0,500.0,1.0,1.0,1.0,1.0,1.0,1.0,1.0,1.0,1.0,0.193,10.1815,5.160500000000001,8.5145,9.791,39.947,4.151,20.458,12.899,17.499,19.529,0.0,2.61,5.19,1.34,5.4350000000000005,0.13,2.61,5.2,1.31,5.41
2004882,Flex / PCB / Solder / Wiring,2.69,5.28,8.07,7.639,300.0,1.503,0.0,7.75,26.515,0.0,0.0,0.001,0.66,0.0,40.07,39.98,40.544,1.0,500.0,1.0,1.0,1.0,1.0,1.0,1.0,1.0,1.0,1.0,0.193,10.1815,5.160500000000001,8.5145,9.791,39.947,4.151,20.458,12.899,17.499,19.529,0.0,2.61,5.19,1.34,5.4350000000000005,0.13,2.61,5.2,1.31,5.41
2004882,Flex / PCB / Solder / Wiring,2.69,5.28,8.07,7.639,300.0,1.503,0.0,7.75,26.515,0.0,0.0,0.001,0.66,0.0,40.07,39.98,40.544,1.0,500.0,1.0,1.0,1.0,1.0,1.0,1.0,1.0,1.0,1.0,0.193,10.1815,5.160500000000001,8.5145,9.791,39.947,4.151,20.458,12.899,17.499,19.529,0.0,2.61,5.19,1.34,5.4350000000000005,0.13,2.61,5.2,1.31,5.41
2004882,Flex / PCB / Solder / Wiring,2.69,5.28,8.07,7.639,300.0,1.503,0.0,7.75,26.515,0.0,0.0,0.001,0.66,0.0,40.07,39.98,40.544,1.0,500.0,1.0,1.0,1.0,1.0,1.0,1.0,1.0,1.0,1.0,0.193,10.1815,5.160500000000001,8.5145,9.791,39.947,4.151,20.458,12.899,17.499,19.529,0.0,2.61,5.19,1.34,5.4350000000000005,0.13,2.61,5.2,1.31,5.41
2004882,Flex / PCB / Solder / Wiring,2.69,5.28,8.07,7.639,300.0,1.503,0.0,7.75,26.515,0.0,0.0,0.001,0.66,0.0,40.07,39.98,40.544,1.0,500.0,1.0,1.0,1.0,1.0,1.0,1.0,1.0,1.0,1.0,0.193,10.1815,5.160500000000001,8.5145,9.791,39.947,4.151,20.458,12.899,17.499,19.529,0.0,2.61,5.19,1.34,5.4350000000000005,0.13,2.61,5.2,1.31,5.41
2004882,Flex / PCB / Solder / Wiring,2.69,5.28,8.07,7.639,300.0,1.503,0.0,7.75,26.515,0.0,0.0,0.001,0.66,0.0,40.07,39.98,40.544,1.0,500.0,1.0,1.0,1.0,1.0,1.0,1.0,1.0,1.0,1.0,0.193,10.1815,5.160500000000001,8.5145,9.791,39.947,4.151,20.458,12.899,17.499,19.529,0.0,2.61,5.19,1.34,5.4350000000000005,0.13,2.61,5.2,1.31,5.41
2004882,Flex / PCB / Solder / Wiring,2.69,5.28,8.07,7.639,300.0,1.503,0.0,7.75,26.515,0.0,0.0,0.001,0.66,0.0,40.07,39.98,40.544,1.0,500.0,1.0,1.0,1.0,1.0,1.0,1.0,1.0,1.0,1.0,0.193,10.1815,5.160500000000001,8.5145,9.791,39.947,4.151,20.458,12.899,17.499,19.529,0.0,2.61,5.19,1.34,5.4350000000000005,0.13,2.61,5.2,1.31,5.41
2004882,Flex / PCB / Solder / Wiring,2.69,5.28,8.07,7.639,300.0,1.503,0.0,7.75,26.515,0.0,0.0,0.001,0.66,0.0,40.07,39.98,40.544,1.0,500.0,1.0,1.0,1.0,1.0,1.0,1.0,1.0,1.0,1.0,0.193,10.1815,5.160500000000001,8.5145,9.791,39.947,4.151,20.458,12.899,17.499,19.529,0.0,2.61,5.19,1.34,5.4350000000000005,0.13,2.61,5.2,1.31,5.41
2004882,Flex / PCB / Solder / Wiring,2.69,5.28,8.07,7.639,300.0,1.503,0.0,7.75,26.515,0.0,0.0,0.001,0.66,0.0,40.07,39.98,40.544,1.0,500.0,1.0,1.0,1.0,1.0,1.0,1.0,1.0,1.0,1.0,0.193,10.1815,5.160500000000001,8.5145,9.791,39.947,4.151,20.458,12.899,17.499,19.529,0.0,2.61,5.19,1.34,5.4350000000000005,0.13,2.61,5.2,1.31,5.41
2004882,Flex / PCB / Solder / Wiring,2.69,5.28,8.07,7.639,300.0,1.503,0.0,7.75,26.515,0.0,0.0,0.001,0.66,0.0,40.07,39.98,40.544,1.0,500.0,1.0,1.0,1.0,1.0,1.0,1.0,1.0,1.0,1.0,0.193,10.1815,5.160500000000001,8.5145,9.791,39.947,4.151,20.458,12.899,17.499,19.529,0.0,2.61,5.19,1.34,5.4350000000000005,0.13,2.61,5.2,1.31,5.41
2004882,Flex / PCB / Solder / Wiring,2.69,5.28,8.07,7.639,300.0,1.503,0.0,7.75,26.515,0.0,0.0,0.001,0.66,0.0,40.07,39.98,40.544,1.0,500.0,1.0,1.0,1.0,1.0,1.0,1.0,1.0,1.0,1.0,0.193,10.1815,5.160500000000001,8.5145,9.791,39.947,4.151,20.458,12.899,17.499,19.529,0.0,2.61,5.19,1.34,5.4350000000000005,0.13,2.61,5.2,1.31,5.41
1558104,Flex / PCB / Solder / Wiring,2.69,5.28,8.07,7.639,300.0,1.503,0.0,7.75,26.515,0.0,0.0,0.001,0.66,0.0,40.07,39.98,40.544,1.0,500.0,1.0,1.0,1.0,1.0,1.0,1.0,1.0,1.0,0.0,0.193,10.1815,5.160500000000001,8.5145,9.791,39.947,4.151,20.458,12.899,17.499,19.529,0.0,2.61,5.19,1.34,5.4350000000000005,0.13,2.61,5.2,1.31,5.41
1558104,Flex / PCB / Solder / Wiring,2.69,5.28,8.07,7.639,300.0,1.503,0.0,7.75,26.515,0.0,0.0,0.001,0.66,0.0,40.07,39.98,40.544,1.0,500.0,1.0,1.0,1.0,1.0,1.0,1.0,1.0,1.0,1.0,0.193,10.1815,5.160500000000001,8.5145,9.791,39.947,4.151,20.458,12.899,17.499,19.529,0.0,2.61,5.19,1.34,5.4350000000000005,0.13,2.61,5.2,1.31,5.41
1558104,Flex / PCB / Solder / Wiring,2.69,5.28,8.07,7.639,300.0,1.503,0.0,7.75,26.515,0.0,0.0,0.001,0.66,0.0,40.07,39.98,40.544,1.0,500.0,1.0,1.0,1.0,1.0,1.0,1.0,1.0,1.0,1.0,0.193,10.1815,5.160500000000001,8.5145,9.791,39.947,4.151,20.458,12.899,17.499,19.529,0.0,2.61,5.19,1.34,5.4350000000000005,0.13,2.61,5.2,1.31,5.41
1558104,Flex / PCB / Solder / Wiring,2.69,5.28,8.07,7.639,300.0,1.503,0.0,7.75,26.515,0.0,0.0,0.001,0.66,0.0,40.07,39.98,40.544,1.0,500.0,1.0,1.0,1.0,1.0,1.0,1.0,1.0,1.0,1.0,0.193,10.1815,5.160500000000001,8.5145,9.791,39.947,4.151,20.458,12.899,17.499,19.529,0.0,2.61,5.19,1.34,5.4350000000000005,0.13,2.61,5.2,1.31,5.41
2041716,Flex / PCB / Solder / Wiring,2.69,5.28,8.07,7.639,300.0,1.503,0.0,7.75,26.515,0.0,0.0,0.001,0.66,0.0,40.07,39.98,40.544,1.0,500.0,1.0,1.0,1.0,1.0,1.0,1.0,1.0,1.0,1.0,0.193,10.1815,5.160500000000001,8.5145,9.791,39.947,4.151,20.458,12.899,17.499,19.529,0.0,2.61,5.19,1.34,5.4350000000000005,0.13,2.61,5.2,1.31,5.41
2041716,Flex / PCB / Solder / Wiring,2.69,5.28,8.07,7.639,300.0,1.503,0.0,7.75,26.515,0.0,0.0,0.001,0.66,0.0,40.07,39.98,40.544,1.0,500.0,1.0,1.0,1.0,1.0,1.0,1.0,1.0,1.0,1.0,0.193,10.1815,5.160500000000001,8.5145,9.791,39.947,4.151,20.458,12.899,17.499,19.529,0.0,2.61,5.19,1.34,5.4350000000000005,0.13,2.61,5.2,1.31,5.41
2041716,Flex / PCB / Solder / Wiring,2.69,5.28,8.07,7.639,300.0,1.503,0.0,7.75,26.515,0.0,0.0,0.001,0.66,0.0,40.07,39.98,40.544,1.0,500.0,1.0,1.0,1.0,1.0,1.0,1.0,1.0,1.0,1.0,0.193,10.1815,5.160500000000001,8.5145,9.791,39.947,4.151,20.458,12.899,17.499,19.529,0.0,2.61,5.19,1.34,5.4350000000000005,0.13,2.61,5.2,1.31,5.41
2041716,Flex / PCB / Solder / Wiring,2.69,5.28,8.07,7.639,300.0,1.503,0.0,7.75,26.515,0.0,0.0,0.001,0.66,0.0,40.07,39.98,40.544,1.0,500.0,1.0,1.0,1.0,1.0,1.0,1.0,1.0,1.0,1.0,0.193,10.1815,5.160500000000001,8.5145,9.791,39.947,4.151,20.458,12.899,17.499,19.529,0.0,2.61,5.19,1.34,5.4350000000000005,0.13,2.61,5.2,1.31,5.41
2041716,Flex / PCB / Solder / Wiring,2.69,5.28,8.07,7.639,300.0,1.503,0.0,7.75,26.515,0.0,0.0,0.001,0.66,0.0,40.07,39.98,40.544,1.0,500.0,1.0,1.0,1.0,1.0,1.0,1.0,1.0,1.0,1.0,0.193,10.1815,5.160500000000001,8.5145,9.791,39.947,4.151,20.458,12.899,17.499,19.529,0.0,2.61,5.19,1.34,5.4350000000000005,0.13,2.61,5.2,1.31,5.41
2041716,Flex / PCB / Solder / Wiring,2.69,5.28,8.07,7.639,300.0,1.503,0.0,7.75,26.515,0.0,0.0,0.001,0.66,0.0,40.07,39.98,40.544,1.0,500.0,1.0,1.0,1.0,1.0,1.0,1.0,1.0,1.0,1.0,0.193,10.1815,5.160500000000001,8.5145,9.791,39.947,4.151,20.458,12.899,17.499,19.529,0.0,2.61,5.19,1.34,5.4350000000000005,0.13,2.61,5.2,1.31,5.41
2041716,Flex / PCB / Solder / Wiring,2.69,5.28,8.07,7.639,300.0,1.503,0.0,7.75,26.515,0.0,0.0,0.001,0.66,0.0,40.07,39.98,40.544,1.0,500.0,1.0,1.0,1.0,1.0,1.0,1.0,1.0,1.0,1.0,0.193,10.1815,5.160500000000001,8.5145,9.791,39.947,4.151,20.458,12.899,17.499,19.529,0.0,2.61,5.19,1.34,5.4350000000000005,0.13,2.61,5.2,1.31,5.41
2041716,Flex / PCB / Solder / Wiring,2.69,5.28,8.07,7.639,300.0,1.503,0.0,7.75,26.515,0.0,0.0,0.001,0.66,0.0,40.07,39.98,40.544,1.0,500.0,1.0,1.0,1.0,1.0,1.0,1.0,1.0,1.0,1.0,0.193,10.1815,5.160500000000001,8.5145,9.791,39.947,4.151,20.458,12.899,17.499,19.529,0.0,2.61,5.19,1.34,5.4350000000000005,0.13,2.61,5.2,1.31,5.41
2041716,Flex / PCB / Solder / Wiring,2.69,5.28,8.07,7.639,300.0,1.503,0.0,7.75,26.515,0.0,0.0,0.001,0.66,0.0,40.07,39.98,40.544,1.0,500.0,1.0,1.0,1.0,1.0,1.0,1.0,1.0,1.0,1.0,0.193,10.1815,5.160500000000001,8.5145,9.791,39.947,4.151,20.458,12.899,17.499,19.529,0.0,2.61,5.19,1.34,5.4350000000000005,0.13,2.61,5.2,1.31,5.41
2041716,Flex / PCB / Solder / Wiring,2.69,5.28,8.07,7.639,300.0,1.503,0.0,7.75,26.515,0.0,0.0,0.001,0.66,0.0,40.07,39.98,40.544,1.0,500.0,1.0,1.0,1.0,1.0,1.0,1.0,1.0,1.0,1.0,0.193,10.1815,5.160500000000001,8.5145,9.791,39.947,4.151,20.458,12.899,17.499,19.529,0.0,2.61,5.19,1.34,5.4350000000000005,0.13,2.61,5.2,1.31,5.41
2044301,ASIC / EEPROM,2.69,5.28,8.07,7.639,300.0,1.503,0.0,7.75,26.515,0.0,0.0,0.001,0.66,0.0,40.07,39.98,40.544,1.0,500.0,1.0,1.0,1.0,1.0,1.0,1.0,1.0,1.0,1.0,0.193,10.1815,5.160500000000001,8.5145,9.791,39.947,4.151,20.458,12.899,17.499,19.529,0.0,2.61,5.19,1.34,5.4350000000000005,0.13,2.61,5.2,1.31,5.41
2044301,ASIC / EEPROM,2.69,5.28,8.07,7.639,300.0,1.503,0.0,7.75,26.515,0.0,0.0,0.001,0.66,0.0,40.07,39.98,40.544,1.0,500.0,1.0,1.0,1.0,1.0,1.0,1.0,1.0,1.0,1.0,0.193,10.1815,5.160500000000001,8.5145,9.791,39.947,4.151,20.458,12.899,17.499,19.529,0.0,2.61,5.19,1.34,5.4350000000000005,0.13,2.61,5.2,1.31,5.41
2044301,ASIC / EEPROM,2.69,5.28,8.07,7.639,300.0,1.503,0.0,7.75,26.515,0.0,0.0,0.001,0.66,0.0,40.07,39.98,40.544,1.0,500.0,1.0,1.0,1.0,1.0,1.0,1.0,1.0,1.0,1.0,0.193,10.1815,5.160500000000001,8.5145,9.791,39.947,4.151,20.458,12.899,17.499,19.529,0.0,2.61,5.19,1.34,5.4350000000000005,0.13,2.61,5.2,1.31,5.41
2044301,ASIC / EEPROM,2.69,5.28,8.07,7.639,300.0,1.503,0.0,7.75,26.515,0.0,0.0,0.001,0.66,0.0,40.07,39.98,40.544,1.0,500.0,1.0,1.0,1.0,1.0,1.0,1.0,1.0,1.0,1.0,0.193,10.1815,5.160500000000001,8.5145,9.791,39.947,4.151,20.458,12.899,17.499,19.529,0.0,2.61,5.19,1.34,5.4350000000000005,0.13,2.61,5.2,1.31,5.41
1541994,Flex / PCB / Solder / Wiring,2.69,5.28,8.07,7.639,300.0,1.503,0.0,7.75,26.515,0.0,0.0,0.001,0.66,0.0,40.07,39.98,40.544,1.0,500.0,1.0,1.0,1.0,1.0,1.0,1.0,1.0,1.0,1.0,0.193,10.1815,5.160500000000001,8.5145,9.791,39.947,4.151,20.458,12.899,17.499,19.529,0.0,2.61,5.19,1.34,5.4350000000000005,0.13,2.61,5.2,1.31,5.41
1541994,Flex / PCB / Solder / Wiring,2.69,5.28,8.07,7.639,300.0,1.503,0.0,7.75,26.515,0.0,0.0,0.001,0.66,0.0,40.07,39.98,40.544,1.0,500.0,1.0,1.0,1.0,1.0,1.0,1.0,1.0,1.0,1.0,0.193,10.1815,5.160500000000001,8.5145,9.791,39.947,4.151,20.458,12.899,17.499,19.529,0.0,2.61,5.19,1.34,5.4350000000000005,0.13,2.61,5.2,1.31,5.41
1541994,Flex / PCB / Solder / Wiring,2.69,5.28,8.07,7.639,300.0,1.503,0.0,7.75,26.515,0.0,0.0,0.001,0.66,0.0,40.07,39.98,40.544,1.0,500.0,1.0,1.0,1.0,1.0,1.0,1.0,1.0,1.0,1.0,0.193,10.1815,5.160500000000001,8.5145,9.791,39.947,4.151,20.458,12.899,17.499,19.529,0.0,2.61,5.19,1.34,5.4350000000000005,0.13,2.61,5.2,1.31,5.41
1541994,Flex / PCB / Solder / Wiring,2.69,5.28,8.07,7.639,300.0,1.503,0.0,7.75,26.515,0.0,0.0,0.001,0.66,0.0,40.07,39.98,40.544,1.0,500.0,1.0,1.0,1.0,1.0,1.0,1.0,1.0,1.0,1.0,0.193,10.1815,5.160500000000001,8.5145,9.791,39.947,4.151,20.458,12.899,17.499,19.529,0.0,2.61,5.19,1.34,5.4350000000000005,0.13,2.61,5.2,1.31,5.41
1541994,Flex / PCB / Solder / Wiring,2.69,5.28,8.07,7.639,300.0,1.503,0.0,7.75,26.515,0.0,0.0,0.001,0.66,0.0,40.07,39.98,40.544,1.0,500.0,1.0,1.0,1.0,1.0,1.0,1.0,1.0,1.0,1.0,0.193,10.1815,5.160500000000001,8.5145,9.791,39.947,4.151,20.458,12.899,17.499,19.529,0.0,2.61,5.19,1.34,5.4350000000000005,0.13,2.61,5.2,1.31,5.41
2039983,Coil,2.69,5.28,8.07,7.639,300.0,1.503,0.0,7.75,26.515,0.0,0.0,0.001,0.66,0.0,40.07,39.98,40.544,1.0,500.0,1.0,1.0,1.0,1.0,1.0,1.0,1.0,1.0,1.0,0.193,10.1815,5.160500000000001,8.5145,9.791,39.947,4.151,20.458,12.899,17.499,19.529,0.0,2.61,5.19,1.34,5.4350000000000005,0.13,2.61,5.2,1.31,5.41
2039983,Coil,2.69,5.28,8.07,7.639,300.0,1.503,0.0,7.75,26.515,0.0,0.0,0.001,0.66,0.0,40.07,39.98,40.544,1.0,500.0,1.0,1.0,1.0,1.0,1.0,1.0,1.0,1.0,1.0,0.193,10.1815,5.160500000000001,8.5145,9.791,39.947,4.151,20.458,12.899,17.499,19.529,0.0,2.61,5.19,1.34,5.4350000000000005,0.13,2.61,5.2,1.31,5.41
2039983,Coil,2.69,5.28,8.07,7.639,300.0,1.503,0.0,7.75,26.515,0.0,0.0,0.001,0.66,0.0,40.07,39.98,40.544,1.0,500.0,1.0,1.0,1.0,1.0,1.0,1.0,1.0,1.0,1.0,0.193,10.1815,5.160500000000001,8.5145,9.791,39.947,4.151,20.458,12.899,17.499,19.529,0.0,2.61,5.19,1.34,5.4350000000000005,0.13,2.61,5.2,1.31,5.41
2039983,Coil,2.69,5.28,8.07,7.639,300.0,1.503,0.0,7.75,26.515,0.0,0.0,0.001,0.66,0.0,40.07,39.98,40.544,1.0,500.0,1.0,1.0,1.0,1.0,1.0,1.0,1.0,1.0,1.0,0.193,10.1815,5.160500000000001,8.5145,9.791,39.947,4.151,20.458,12.899,17.499,19.529,0.0,2.61,5.19,1.34,5.4350000000000005,0.13,2.61,5.2,1.31,5.41
2039983,Coil,2.69,5.28,8.07,7.639,300.0,1.503,0.0,7.75,26.515,0.0,0.0,0.001,0.66,0.0,40.07,39.98,40.544,1.0,500.0,1.0,1.0,1.0,1.0,1.0,1.0,1.0,1.0,1.0,0.193,10.1815,5.160500000000001,8.5145,9.791,39.947,4.151,20.458,12.899,17.499,19.529,0.0,2.61,5.19,1.34,5.4350000000000005,0.13,2.61,5.2,1.31,5.41
1559792,Dimensional / Alignment,2.69,5.28,5.63,7.639,300.0,1.503,0.0,7.75,26.515,0.0,0.0,0.0,0.66,0.0,39.99,40.69,41.42,1.0,500.0,1.0,1.0,1.0,1.0,1.0,1.0,1.0,1.0,1.0,0.193,10.1815,5.160500000000001,8.5145,9.791,40.27,4.151,20.458,12.899,17.499,19.529,0.0,2.53,5.13,9.83,9.92,0.11,2.54,5.14,10.11,10.36
1559792,Dimensional / Alignment,2.69,5.28,4.99,7.639,300.0,1.503,0.0,7.75,26.515,0.0,0.0,0.0,0.66,0.0,40.73,40.3,41.54,1.0,500.0,1.0,1.0,1.0,1.0,1.0,1.0,1.0,1.0,1.0,0.193,10.1815,5.160500000000001,8.5145,9.791,40.04,4.151,20.458,12.899,17.499,19.529,0.0,2.66,5.16,1.11,5.24,0.11,2.67,5.16,1.09,5.2
1559792,Dimensional / Alignment,2.69,5.28,5.02,7.639,300.0,1.503,0.0,7.75,26.515,0.0,0.0,0.0,0.66,0.0,40.13,40.87,42.24,1.0,500.0,1.0,1.0,1.0,1.0,1.0,1.0,1.0,1.0,1.0,0.193,10.1815,5.160500000000001,8.5145,9.791,40.42,4.151,20.458,12.899,17.499,19.529,-0.01,2.49,5.16,1.1,5.23,0.11,2.49,5.16,1.07,5.18
1559792,Dimensional / Alignment,2.69,5.28,4.97,7.639,300.0,1.503,0.0,7.75,26.515,0.0,0.0,0.0,0.66,0.0,40.17,40.68,41.37,1.0,500.0,1.0,1.0,1.0,1.0,1.0,1.0,1.0,1.0,1.0,0.193,10.1815,5.160500000000001,8.5145,9.791,40.28,4.151,20.458,12.899,17.499,19.529,0.0,2.57,5.15,1.1,5.23,0.12,2.58,5.16,1.09,5.19
1559792,Dimensional / Alignment,2.69,5.28,4.98,7.639,300.0,1.503,0.0,7.75,26.515,0.0,0.0,0.0,0.66,0.0,40.36,39.61,42.05,1.0,500.0,1.0,1.0,1.0,1.0,1.0,1.0,1.0,1.0,1.0,0.193,10.1815,5.160500000000001,8.5145,9.791,40.64,4.151,20.458,12.899,17.499,19.529,0.0,2.65,5.17,1.14,5.21,0.16,2.65,5.17,1.12,5.17
1481144,Dimensional / Alignment,3.12,2.52,8.32,7.68,300.0,1.77,0.0,7.75,26.66,0.0,0.0,0.0,0.66,0.0,38.72,39.95,39.18,1.0,500.0,1.0,1.0,1.0,1.0,1.0,1.0,1.0,1.0,1.0,0.193,10.1815,5.160500000000001,8.5145,9.791,39.947,4.151,20.458,12.899,17.499,19.529,0.0,2.61,5.19,1.34,5.4350000000000005,0.13,2.61,5.2,1.31,5.41
1481144,Dimensional / Alignment,3.12,2.52,8.32,7.68,300.0,1.77,0.0,7.75,26.66,0.0,0.0,0.0,0.66,0.0,38.72,39.95,39.18,1.0,500.0,1.0,1.0,1.0,1.0,1.0,1.0,1.0,1.0,1.0,0.193,10.1815,5.160500000000001,8.5145,9.791,39.947,4.151,20.458,12.899,17.499,19.529,0.0,2.61,5.19,1.34,5.4350000000000005,0.13,2.61,5.2,1.31,5.41
1550386,Dimensional / Alignment,2.69,5.28,6.749,7.639,300.0,1.503,0.0,7.75,26.515,0.0,0.0,0.002,0.66,0.0,40.07,39.45,39.794,1.0,500.0,1.0,1.0,1.0,1.0,1.0,1.0,1.0,1.0,1.0,0.237,-1.0,-1.0,8.734,10.032,39.947,4.151,20.458,12.899,17.499,19.529,0.0,2.61,5.19,1.34,5.4350000000000005,0.13,2.61,5.2,1.31,5.41
1550386,Dimensional / Alignment,2.69,5.28,6.631,7.639,300.0,1.503,0.0,7.75,26.515,0.0,0.0,0.002,0.66,0.0,40.07,38.896,39.467,1.0,500.0,1.0,1.0,1.0,1.0,1.0,1.0,1.0,1.0,1.0,0.259,-1.0,6.016,8.824,9.976,39.947,4.151,20.458,12.899,17.499,19.529,0.0,2.61,5.19,1.34,5.4350000000000005,0.13,2.61,5.2,1.31,5.41
1550386,Dimensional / Alignment,2.69,5.28,6.824,7.639,300.0,1.503,0.0,7.75,26.515,0.0,0.0,0.002,0.66,0.0,40.07,39.197,40.588,1.0,500.0,1.0,1.0,1.0,1.0,1.0,1.0,1.0,1.0,1.0,6.114,10.013,6.611,10.016,10.025,39.947,4.151,20.458,12.899,17.499,19.529,0.0,2.61,5.19,1.34,5.4350000000000005,0.13,2.61,5.2,1.31,5.41
1550386,Dimensional / Alignment,2.69,5.28,6.796,7.639,300.0,1.503,0.0,7.75,26.515,0.0,0.0,0.002,0.66,0.0,40.07,39.112,39.933,1.0,500.0,1.0,1.0,1.0,1.0,1.0,1.0,1.0,1.0,1.0,3.04,10.025,6.611,9.952,10.014,39.947,4.151,20.458,12.899,17.499,19.529,0.0,2.61,5.19,1.34,5.4350000000000005,0.13,2.61,5.2,1.31,5.41
1550386,Dimensional / Alignment,2.69,5.28,6.715,7.639,300.0,1.503,0.0,7.75,26.515,0.0,0.0,0.001,0.66,0.0,40.07,39.103,39.634,1.0,500.0,1.0,1.0,1.0,1.0,1.0,1.0,1.0,1.0,1.0,2.1,10.073,6.547,9.923,10.053,39.947,4.151,20.458,12.899,17.499,19.529,0.0,2.61,5.19,1.34,5.4350000000000005,0.13,2.61,5.2,1.31,5.41
1550386,Dimensional / Alignment,2.69,5.28,6.819,7.639,300.0,1.503,0.0,7.75,26.515,0.0,0.0,0.002,0.66,0.0,40.07,39.115,40.222,1.0,500.0,1.0,1.0,1.0,1.0,1.0,1.0,1.0,1.0,1.0,0.25,10.255,6.319,9.321,9.991,39.947,4.151,20.458,12.899,17.499,19.529,0.0,2.61,5.19,1.34,5.4350000000000005,0.13,2.61,5.2,1.31,5.41
1550386,Dimensional / Alignment,2.69,5.28,6.839,7.639,300.0,1.503,0.0,7.75,26.515,0.0,0.0,0.002,0.66,0.0,40.07,39.377,39.363,1.0,500.0,1.0,1.0,1.0,1.0,1.0,1.0,1.0,1.0,1.0,0.233,10.682,5.962,8.852,10.06,39.947,4.151,20.458,12.899,17.499,19.529,0.0,2.61,5.19,1.34,5.4350000000000005,0.13,2.61,5.2,1.31,5.41
1550386,Dimensional / Alignment,2.69,5.28,6.802,7.639,300.0,1.503,0.0,7.75,26.515,0.0,0.0,0.002,0.66,0.0,40.07,39.034,39.664,1.0,500.0,1.0,1.0,1.0,1.0,1.0,1.0,1.0,1.0,1.0,0.221,10.642,5.93,8.825,10.03,39.947,4.151,20.458,12.899,17.499,19.529,0.0,2.61,5.19,1.34,5.4350000000000005,0.13,2.61,5.2,1.31,5.41
1550386,Dimensional / Alignment,2.69,5.28,6.86,7.639,300.0,1.503,0.0,7.75,26.515,0.0,0.0,0.001,0.66,0.0,40.07,39.28,40.208,1.0,500.0,1.0,1.0,1.0,1.0,1.0,1.0,1.0,1.0,1.0,0.321,10.7,5.809,8.756,10.027,39.947,4.151,20.458,12.899,17.499,19.529,0.0,2.61,5.19,1.34,5.4350000000000005,0.13,2.61,5.2,1.31,5.41
1550386,Dimensional / Alignment,2.69,5.28,6.881,7.639,300.0,1.503,0.0,7.75,26.515,0.0,0.0,0.002,0.66,0.0,40.07,38.943,39.419,1.0,500.0,1.0,1.0,1.0,1.0,1.0,1.0,1.0,1.0,1.0,0.22,10.643,5.778,8.731,10.003,39.947,4.151,20.458,12.899,17.499,19.529,0.0,2.61,5.19,1.34,5.4350000000000005,0.13,2.61,5.2,1.31,5.41
1550386,Dimensional / Alignment,2.69,5.28,6.778,7.639,300.0,1.503,0.0,7.75,26.515,0.0,0.0,0.002,0.66,0.0,40.07,39.447,39.515,1.0,500.0,1.0,1.0,1.0,1.0,1.0,1.0,1.0,1.0,1.0,0.287,10.665,5.761,8.717,10.007,39.947,4.151,20.458,12.899,17.499,19.529,0.0,2.61,5.19,1.34,5.4350000000000005,0.13,2.61,5.2,1.31,5.41
1550386,Dimensional / Alignment,2.69,5.28,6.754,7.639,300.0,1.503,0.0,7.75,26.515,0.0,0.0,0.002,0.66,0.0,40.07,38.713,40.128,1.0,500.0,1.0,1.0,1.0,1.0,1.0,1.0,1.0,1.0,1.0,0.146,10.71,5.721,8.728,10.048,39.947,4.151,20.458,12.899,17.499,19.529,0.0,2.61,5.19,1.34,5.4350000000000005,0.13,2.61,5.2,1.31,5.41
1550386,Dimensional / Alignment,2.69,5.28,6.788,7.639,300.0,1.503,0.0,7.75,26.515,0.0,0.0,0.001,0.66,0.0,40.07,39.2,39.939,1.0,500.0,1.0,1.0,1.0,1.0,1.0,1.0,1.0,1.0,1.0,0.173,10.773,5.622,8.682,10.034,39.947,4.151,20.458,12.899,17.499,19.529,0.0,2.61,5.19,1.34,5.4350000000000005,0.13,2.61,5.2,1.31,5.41
1488086,Flex / PCB / Solder / Wiring,2.69,5.28,12.55,7.639,300.0,1.503,0.0,7.75,26.515,0.0,0.0,0.0,0.66,0.0,40.07,40.16,41.44,1.0,500.0,1.0,1.0,1.0,1.0,1.0,1.0,1.0,1.0,1.0,5.99,9.78,5.99,9.79,9.79,33.72,10.21,19.45,19.47,19.5,19.52,0.0,2.61,5.19,1.34,5.4350000000000005,0.13,2.61,5.2,1.31,5.41
1488086,Flex / PCB / Solder / Wiring,2.69,5.28,12.57,7.639,300.0,1.503,0.0,7.75,26.515,0.0,0.0,0.0,0.66,0.0,40.07,40.01,41.28,1.0,500.0,1.0,1.0,1.0,1.0,1.0,1.0,1.0,1.0,1.0,5.99,9.78,5.99,9.8,9.79,33.66,10.2,19.61,19.59,19.59,19.59,0.0,2.61,5.19,1.34,5.4350000000000005,0.13,2.61,5.2,1.31,5.41
1488086,Flex / PCB / Solder / Wiring,2.69,5.28,12.55,7.639,300.0,1.503,0.0,7.75,26.515,0.0,0.0,0.0,0.66,0.0,40.07,40.16,41.44,1.0,500.0,1.0,1.0,1.0,1.0,1.0,1.0,1.0,1.0,1.0,5.99,9.78,5.99,9.79,9.79,33.72,10.21,19.45,19.47,19.5,19.52,0.0,2.61,5.19,1.34,5.4350000000000005,0.13,2.61,5.2,1.31,5.41
1488086,Flex / PCB / Solder / Wiring,2.69,5.28,12.57,7.639,300.0,1.503,0.0,7.75,26.515,0.0,0.0,0.0,0.66,0.0,40.07,40.01,41.28,1.0,500.0,1.0,1.0,1.0,1.0,1.0,1.0,1.0,1.0,1.0,5.99,9.78,5.99,9.8,9.79,33.66,10.2,19.61,19.59,19.59,19.59,0.0,2.61,5.19,1.34,5.4350000000000005,0.13,2.61,5.2,1.31,5.41
1488086,Flex / PCB / Solder / Wiring,2.69,5.28,12.55,7.639,300.0,1.503,0.0,7.75,26.515,0.0,0.0,0.0,0.66,0.0,40.07,40.16,41.44,1.0,500.0,1.0,1.0,1.0,1.0,1.0,1.0,1.0,1.0,1.0,5.99,9.78,5.99,9.79,9.79,33.72,10.21,19.45,19.47,19.5,19.52,0.0,2.61,5.19,1.34,5.4350000000000005,0.13,2.61,5.2,1.31,5.41
1488086,Flex / PCB / Solder / Wiring,2.69,5.28,12.57,7.639,300.0,1.503,0.0,7.75,26.515,0.0,0.0,0.0,0.66,0.0,40.07,40.01,41.28,1.0,500.0,1.0,1.0,1.0,1.0,1.0,1.0,1.0,1.0,1.0,5.99,9.78,5.99,9.8,9.79,33.66,10.2,19.61,19.59,19.59,19.59,0.0,2.61,5.19,1.34,5.4350000000000005,0.13,2.61,5.2,1.31,5.41
2009405,ASIC / EEPROM,2.69,5.28,8.07,7.639,300.0,1.503,0.0,7.75,26.515,0.0,0.0,0.001,0.66,0.0,40.07,39.98,40.544,1.0,500.0,1.0,1.0,1.0,1.0,1.0,1.0,1.0,1.0,1.0,0.193,10.1815,5.160500000000001,8.5145,9.791,39.947,4.151,20.458,12.899,17.499,19.529,0.0,2.61,5.19,1.34,5.4350000000000005,0.13,2.61,5.2,1.31,5.41
2009405,ASIC / EEPROM,2.69,5.28,8.07,7.639,300.0,1.503,0.0,7.75,26.515,0.0,0.0,0.001,0.66,0.0,40.07,39.98,40.544,1.0,500.0,1.0,1.0,1.0,1.0,1.0,1.0,1.0,1.0,1.0,0.193,10.1815,5.160500000000001,8.5145,9.791,39.947,4.151,20.458,12.899,17.499,19.529,0.0,2.61,5.19,1.34,5.4350000000000005,0.13,2.61,5.2,1.31,5.41
2009405,ASIC / EEPROM,2.69,5.28,8.07,7.639,300.0,1.503,0.0,7.75,26.515,0.0,0.0,0.001,0.66,0.0,40.07,39.98,40.544,1.0,500.0,1.0,1.0,1.0,1.0,1.0,1.0,1.0,1.0,1.0,0.193,10.1815,5.160500000000001,8.5145,9.791,39.947,4.151,20.458,12.899,17.499,19.529,0.0,2.61,5.19,1.34,5.4350000000000005,0.13,2.61,5.2,1.31,5.41
1497808,ASIC / EEPROM,2.69,5.28,8.07,7.639,300.0,1.503,0.0,7.75,26.515,0.0,0.0,0.001,0.66,0.0,40.07,39.98,40.544,1.0,500.0,1.0,1.0,1.0,1.0,1.0,1.0,1.0,1.0,1.0,0.193,10.1815,5.160500000000001,8.5145,9.791,39.947,4.151,20.458,12.899,17.499,19.529,0.0,2.61,5.19,1.34,5.4350000000000005,0.13,2.61,5.2,1.31,5.41
1497808,ASIC / EEPROM,2.69,5.28,8.07,7.639,300.0,1.503,0.0,7.75,26.515,0.0,0.0,0.001,0.66,0.0,40.07,39.98,40.544,1.0,500.0,1.0,1.0,1.0,1.0,1.0,1.0,1.0,1.0,1.0,0.193,10.1815,5.160500000000001,8.5145,9.791,39.947,4.151,20.458,12.899,17.499,19.529,0.0,2.61,5.19,1.34,5.4350000000000005,0.13,2.61,5.2,1.31,5.41
1497808,ASIC / EEPROM,2.69,5.28,8.07,7.639,300.0,1.503,0.0,7.75,26.515,0.0,0.0,0.001,0.66,0.0,40.07,39.98,40.544,1.0,500.0,1.0,1.0,1.0,1.0,1.0,1.0,1.0,1.0,1.0,0.193,10.1815,5.160500000000001,8.5145,9.791,39.947,4.151,20.458,12.899,17.499,19.529,0.0,2.61,5.19,1.34,5.4350000000000005,0.13,2.61,5.2,1.31,5.41
1610172,Dimensional / Alignment,2.69,5.28,6.954,7.639,300.0,1.503,0.0,7.75,26.515,0.0,0.0,0.0,0.66,0.0,40.07,40.314,40.926,1.0,500.0,1.0,1.0,1.0,1.0,1.0,1.0,1.0,1.0,1.0,6.615,9.979,6.615,10.006,10.009,39.947,4.151,20.458,12.899,17.499,19.529,0.0,2.61,5.19,1.34,5.4350000000000005,0.13,2.61,5.2,1.31,5.41
1610172,Dimensional / Alignment,2.69,5.28,6.896,7.639,300.0,1.503,0.0,7.75,26.515,0.0,0.0,0.0,0.66,0.0,40.07,40.258,41.13,1.0,500.0,1.0,1.0,1.0,1.0,1.0,1.0,1.0,1.0,1.0,1.329,10.022,6.459,9.801,9.988,39.947,4.151,20.458,12.899,17.499,19.529,0.0,2.61,5.19,1.34,5.4350000000000005,0.13,2.61,5.2,1.31,5.41
1610172,Dimensional / Alignment,2.69,5.28,6.835,7.639,300.0,1.503,0.0,7.75,26.515,0.0,0.0,0.0,0.66,0.0,40.07,39.768,40.618,1.0,500.0,1.0,1.0,1.0,1.0,1.0,1.0,1.0,1.0,1.0,0.276,10.562,6.07,8.868,10.018,39.947,4.151,20.458,12.899,17.499,19.529,0.0,2.61,5.19,1.34,5.4350000000000005,0.13,2.61,5.2,1.31,5.41
1610172,Dimensional / Alignment,2.69,5.28,6.807,7.639,300.0,1.503,0.0,7.75,26.515,0.0,0.0,0.0,0.66,0.0,40.07,40.393,40.798,1.0,500.0,1.0,1.0,1.0,1.0,1.0,1.0,1.0,1.0,1.0,0.279,10.817,5.823,8.72,10.011,39.947,4.151,20.458,12.899,17.499,19.529,0.0,2.61,5.19,1.34,5.4350000000000005,0.13,2.61,5.2,1.31,5.41
1610172,Dimensional / Alignment,2.69,5.28,6.919,7.639,300.0,1.503,0.0,7.75,26.515,0.0,0.0,0.0,0.66,0.0,40.07,40.28,40.671,1.0,500.0,1.0,1.0,1.0,1.0,1.0,1.0,1.0,1.0,1.0,0.238,10.64,5.785,8.694,9.975,39.947,4.151,20.458,12.899,17.499,19.529,0.0,2.61,5.19,1.34,5.4350000000000005,0.13,2.61,5.2,1.31,5.41
1520194,ASIC / EEPROM,2.69,5.28,8.07,7.639,300.0,1.503,0.0,7.75,26.515,0.0,0.0,0.001,0.66,0.0,40.07,39.98,40.544,1.0,500.0,1.0,1.0,1.0,1.0,1.0,1.0,1.0,1.0,1.0,0.193,10.1815,5.160500000000001,8.5145,9.791,39.947,4.151,20.458,12.899,17.499,19.529,0.0,2.61,5.19,1.34,5.4350000000000005,0.13,2.61,5.2,1.31,5.41
1520194,ASIC / EEPROM,2.69,5.28,8.07,7.639,300.0,1.503,0.0,7.75,26.515,0.0,0.0,0.001,0.66,0.0,40.07,39.98,40.544,1.0,500.0,1.0,1.0,1.0,1.0,1.0,1.0,1.0,1.0,1.0,0.193,10.1815,5.160500000000001,8.5145,9.791,39.947,4.151,20.458,12.899,17.499,19.529,0.0,2.61,5.19,1.34,5.4350000000000005,0.13,2.61,5.2,1.31,5.41
1520194,ASIC / EEPROM,2.69,5.28,8.07,7.639,300.0,1.503,0.0,7.75,26.515,0.0,0.0,0.001,0.66,0.0,40.07,39.98,40.544,1.0,500.0,1.0,1.0,1.0,1.0,1.0,1.0,1.0,1.0,1.0,0.193,10.1815,5.160500000000001,8.5145,9.791,39.947,4.151,20.458,12.899,17.499,19.529,0.0,2.61,5.19,1.34,5.4350000000000005,0.13,2.61,5.2,1.31,5.41
1520194,ASIC / EEPROM,2.69,5.28,8.07,7.639,300.0,1.503,0.0,7.75,26.515,0.0,0.0,0.001,0.66,0.0,40.07,39.98,40.544,1.0,500.0,1.0,1.0,1.0,1.0,1.0,1.0,1.0,1.0,1.0,0.193,10.1815,5.160500000000001,8.5145,9.791,39.947,4.151,20.458,12.899,17.499,19.529,0.0,2.61,5.19,1.34,5.4350000000000005,0.13,2.61,5.2,1.31,5.41
1520194,ASIC / EEPROM,2.69,5.28,8.07,7.639,300.0,1.503,0.0,7.75,26.515,0.0,0.0,0.001,0.66,0.0,40.07,39.98,40.544,1.0,500.0,1.0,1.0,1.0,1.0,1.0,1.0,1.0,1.0,1.0,0.193,10.1815,5.160500000000001,8.5145,9.791,39.947,4.151,20.458,12.899,17.499,19.529,0.0,2.61,5.19,1.34,5.4350000000000005,0.13,2.61,5.2,1.31,5.41
1520194,ASIC / EEPROM,2.69,5.28,8.07,7.639,300.0,1.503,0.0,7.75,26.515,0.0,0.0,0.001,0.66,0.0,40.07,39.98,40.544,1.0,500.0,1.0,1.0,1.0,1.0,1.0,1.0,1.0,1.0,1.0,0.193,10.1815,5.160500000000001,8.5145,9.791,39.947,4.151,20.458,12.899,17.499,19.529,0.0,2.61,5.19,1.34,5.4350000000000005,0.13,2.61,5.2,1.31,5.41
1520194,ASIC / EEPROM,2.69,5.28,8.07,7.639,300.0,1.503,0.0,7.75,26.515,0.0,0.0,0.001,0.66,0.0,40.07,39.98,40.544,1.0,500.0,1.0,1.0,1.0,1.0,1.0,1.0,1.0,1.0,1.0,0.193,10.1815,5.160500000000001,8.5145,9.791,39.947,4.151,20.458,12.899,17.499,19.529,0.0,2.61,5.19,1.34,5.4350000000000005,0.13,2.61,5.2,1.31,5.41
1520194,ASIC / EEPROM,2.69,5.28,8.07,7.639,300.0,1.503,0.0,7.75,26.515,0.0,0.0,0.001,0.66,0.0,40.07,39.98,40.544,1.0,500.0,1.0,1.0,1.0,1.0,1.0,1.0,1.0,1.0,1.0,0.193,10.1815,5.160500000000001,8.5145,9.791,39.947,4.151,20.458,12.899,17.499,19.529,0.0,2.61,5.19,1.34,5.4350000000000005,0.13,2.61,5.2,1.31,5.41
1520194,ASIC / EEPROM,2.69,5.28,8.07,7.639,300.0,1.503,0.0,7.75,26.515,0.0,0.0,0.001,0.66,0.0,40.07,39.98,40.544,1.0,500.0,1.0,1.0,1.0,1.0,1.0,1.0,1.0,1.0,1.0,0.193,10.1815,5.160500000000001,8.5145,9.791,39.947,4.151,20.458,12.899,17.499,19.529,0.0,2.61,5.19,1.34,5.4350000000000005,0.13,2.61,5.2,1.31,5.41
1520194,ASIC / EEPROM,2.69,5.28,8.07,7.639,300.0,1.503,0.0,7.75,26.515,0.0,0.0,0.001,0.66,0.0,40.07,39.98,40.544,1.0,500.0,1.0,1.0,1.0,1.0,1.0,1.0,1.0,1.0,1.0,0.193,10.1815,5.160500000000001,8.5145,9.791,39.947,4.151,20.458,12.899,17.499,19.529,0.0,2.61,5.19,1.34,5.4350000000000005,0.13,2.61,5.2,1.31,5.41
1520194,ASIC / EEPROM,2.69,5.28,8.07,7.639,300.0,1.503,0.0,7.75,26.515,0.0,0.0,0.001,0.66,0.0,40.07,39.98,40.544,1.0,500.0,1.0,1.0,1.0,1.0,1.0,1.0,1.0,1.0,1.0,0.193,10.1815,5.160500000000001,8.5145,9.791,39.947,4.151,20.458,12.899,17.499,19.529,0.0,2.61,5.19,1.34,5.4350000000000005,0.13,2.61,5.2,1.31,5.41
1520194,ASIC / EEPROM,2.69,5.28,8.07,7.639,300.0,1.503,0.0,7.75,26.515,0.0,0.0,0.001,0.66,0.0,40.07,39.98,40.544,1.0,500.0,1.0,1.0,1.0,1.0,1.0,1.0,1.0,1.0,1.0,0.193,10.1815,5.160500000000001,8.5145,9.791,39.947,4.151,20.458,12.899,17.499,19.529,0.0,2.61,5.19,1.34,5.4350000000000005,0.13,2.61,5.2,1.31,5.41
1520194,ASIC / EEPROM,2.69,5.28,8.07,7.639,300.0,1.503,0.0,7.75,26.515,0.0,0.0,0.001,0.66,0.0,40.07,39.98,40.544,1.0,500.0,1.0,1.0,1.0,1.0,1.0,1.0,1.0,1.0,1.0,0.193,10.1815,5.160500000000001,8.5145,9.791,39.947,4.151,20.458,12.899,17.499,19.529,0.0,2.61,5.19,1.34,5.4350000000000005,0.13,2.61,5.2,1.31,5.41
1614897,Dimensional / Alignment,2.69,5.28,6.938,7.639,300.0,1.503,0.0,7.75,26.515,0.0,0.0,0.0,0.66,0.0,40.07,40.141,41.156,1.0,500.0,1.0,1.0,1.0,1.0,1.0,1.0,1.0,1.0,1.0,6.614,9.977,6.614,9.985,9.994,39.947,4.151,20.458,12.899,17.499,19.529,0.0,2.61,5.19,1.34,5.4350000000000005,0.13,2.61,5.2,1.31,5.41
1614897,Dimensional / Alignment,2.69,5.28,6.871,7.639,300.0,1.503,0.0,7.75,26.515,0.0,0.0,0.0,0.66,0.0,40.07,39.992,40.666,1.0,500.0,1.0,1.0,1.0,1.0,1.0,1.0,1.0,1.0,1.0,6.542,10.022,6.614,10.025,10.034,39.947,4.151,20.458,12.899,17.499,19.529,0.0,2.61,5.19,1.34,5.4350000000000005,0.13,2.61,5.2,1.31,5.41
1614897,Dimensional / Alignment,2.69,5.28,6.739,7.639,300.0,1.503,0.0,7.75,26.515,0.0,0.0,0.0,0.66,0.0,40.07,39.939,40.705,1.0,500.0,1.0,1.0,1.0,1.0,1.0,1.0,1.0,1.0,1.0,5.252,10.002,6.614,9.966,10.008,39.947,4.151,20.458,12.899,17.499,19.529,0.0,2.61,5.19,1.34,5.4350000000000005,0.13,2.61,5.2,1.31,5.41
1614897,Dimensional / Alignment,2.69,5.28,6.843,7.639,300.0,1.503,0.0,7.75,26.515,0.0,0.0,0.0,0.66,0.0,40.07,40.121,40.66,1.0,500.0,1.0,1.0,1.0,1.0,1.0,1.0,1.0,1.0,1.0,0.401,10.117,6.172,9.628,9.995,39.947,4.151,20.458,12.899,17.499,19.529,0.0,2.61,5.19,1.34,5.4350000000000005,0.13,2.61,5.2,1.31,5.41
1614897,Dimensional / Alignment,2.69,5.28,6.873,7.639,300.0,1.503,0.0,7.75,26.515,0.0,0.0,0.0,0.66,0.0,40.07,40.001,40.401,1.0,500.0,1.0,1.0,1.0,1.0,1.0,1.0,1.0,1.0,1.0,0.228,10.116,6.16,9.556,9.979,39.947,4.151,20.458,12.899,17.499,19.529,0.0,2.61,5.19,1.34,5.4350000000000005,0.13,2.61,5.2,1.31,5.41
1493823,Dimensional / Alignment,2.69,5.28,9.711,7.639,300.0,1.503,0.0,7.75,26.515,0.0,0.0,0.0,0.66,0.0,40.07,40.256,40.343,1.0,500.0,1.0,1.0,1.0,1.0,1.0,1.0,1.0,1.0,1.0,0.071,0.073,0.071,0.074,0.074,40.154,3.984,3.988,3.988,3.988,3.988,0.0,2.61,5.19,1.34,5.4350000000000005,0.13,2.61,5.2,1.31,5.41
1493823,Dimensional / Alignment,2.69,5.28,8.68,7.639,300.0,1.503,0.0,7.75,26.515,0.0,0.0,0.0,0.66,0.0,40.07,40.019,40.797,1.0,500.0,1.0,1.0,1.0,1.0,1.0,1.0,1.0,1.0,1.0,0.069,0.072,0.069,0.072,0.072,39.918,3.989,3.992,3.992,3.993,3.993,0.0,2.61,5.19,1.34,5.4350000000000005,0.13,2.61,5.2,1.31,5.41
1493823,Dimensional / Alignment,2.69,5.28,9.448,7.639,300.0,1.503,0.0,7.75,26.515,0.0,0.0,0.0,0.66,0.0,40.07,39.916,40.461,1.0,500.0,1.0,1.0,1.0,1.0,1.0,1.0,1.0,1.0,1.0,0.07,0.072,0.07,0.072,0.072,40.183,3.999,4.002,4.003,4.003,4.003,0.0,2.61,5.19,1.34,5.4350000000000005,0.13,2.61,5.2,1.31,5.41
1493823,Dimensional / Alignment,2.69,5.28,9.559,7.639,300.0,1.503,0.0,7.75,26.515,0.0,0.0,0.0,0.66,0.0,40.07,40.129,39.922,1.0,500.0,1.0,1.0,1.0,1.0,1.0,1.0,1.0,1.0,1.0,0.193,0.139,0.136,0.138,0.139,39.981,4.151,4.164,4.165,4.165,4.165,0.0,2.61,5.19,1.34,5.4350000000000005,0.13,2.61,5.2,1.31,5.41
1493823,Dimensional / Alignment,2.69,5.28,12.49,7.639,300.0,1.503,0.0,7.75,26.515,0.0,0.0,0.0,0.66,0.0,40.07,40.226,40.748,1.0,500.0,1.0,1.0,1.0,1.0,1.0,1.0,1.0,1.0,1.0,0.073,12.006,6.259,12.007,12.007,40.479,4.247,23.191,15.792,23.192,23.192,0.0,2.61,5.19,1.34,5.4350000000000005,0.13,2.61,5.2,1.31,5.41
1493823,Dimensional / Alignment,2.69,5.28,10.14,7.639,300.0,1.503,0.0,7.75,26.515,0.0,0.0,0.0,0.66,0.0,40.07,39.85,41.34,1.0,500.0,1.0,1.0,1.0,1.0,1.0,1.0,1.0,1.0,1.0,1.34,9.8,5.99,9.52,9.71,36.03,6.25,19.59,17.87,19.15,19.44,0.0,2.61,5.19,1.34,5.4350000000000005,0.13,2.61,5.2,1.31,5.41
1493823,Dimensional / Alignment,2.69,5.28,11.59,7.639,300.0,1.503,0.0,7.75,26.515,0.0,0.0,0.0,0.66,0.0,40.07,40.12,41.42,1.0,500.0,1.0,1.0,1.0,1.0,1.0,1.0,1.0,1.0,1.0,1.2,9.77,5.98,9.45,9.67,36.12,5.76,19.46,17.62,18.94,19.3,0.0,2.61,5.19,1.34,5.4350000000000005,0.13,2.61,5.2,1.31,5.41
1484731,Coil,2.69,5.28,8.07,7.639,300.0,1.503,0.0,7.75,26.515,0.0,0.0,0.001,0.66,0.0,40.07,39.98,40.544,1.0,500.0,1.0,1.0,1.0,1.0,1.0,1.0,1.0,1.0,1.0,0.193,10.1815,5.160500000000001,8.5145,9.791,39.947,4.151,20.458,12.899,17.499,19.529,0.0,2.61,5.19,1.34,5.4350000000000005,0.13,2.61,5.2,1.31,5.41
1484731,Coil,2.69,5.28,8.07,7.639,300.0,1.503,0.0,7.75,26.515,0.0,0.0,0.001,0.66,0.0,40.07,39.98,40.544,1.0,500.0,1.0,1.0,1.0,1.0,1.0,1.0,1.0,1.0,1.0,0.193,10.1815,5.160500000000001,8.5145,9.791,39.947,4.151,20.458,12.899,17.499,19.529,0.0,2.61,5.19,1.34,5.4350000000000005,0.13,2.61,5.2,1.31,5.41
1484731,Coil,2.69,5.28,8.07,7.639,300.0,1.503,0.0,7.75,26.515,0.0,0.0,0.001,0.66,0.0,40.07,39.98,40.544,1.0,500.0,1.0,1.0,1.0,1.0,1.0,1.0,1.0,1.0,1.0,0.193,10.1815,5.160500000000001,8.5145,9.791,39.947,4.151,20.458,12.899,17.499,19.529,0.0,2.61,5.19,1.34,5.4350000000000005,0.13,2.61,5.2,1.31,5.41
1484731,Coil,2.69,5.28,8.07,7.639,300.0,1.503,0.0,7.75,26.515,0.0,0.0,0.001,0.66,0.0,40.07,39.98,40.544,1.0,500.0,1.0,1.0,1.0,1.0,1.0,1.0,1.0,1.0,1.0,0.193,10.1815,5.160500000000001,8.5145,9.791,39.947,4.151,20.458,12.899,17.499,19.529,0.0,2.61,5.19,1.34,5.4350000000000005,0.13,2.61,5.2,1.31,5.41
1484731,Coil,2.69,5.28,8.07,7.639,300.0,1.503,0.0,7.75,26.515,0.0,0.0,0.001,0.66,0.0,40.07,39.98,40.544,1.0,500.0,1.0,1.0,1.0,1.0,1.0,1.0,1.0,1.0,1.0,0.193,10.1815,5.160500000000001,8.5145,9.791,39.947,4.151,20.458,12.899,17.499,19.529,0.0,2.61,5.19,1.34,5.4350000000000005,0.13,2.61,5.2,1.31,5.41
1484731,Coil,2.69,5.28,8.07,7.639,300.0,1.503,0.0,7.75,26.515,0.0,0.0,0.001,0.66,0.0,40.07,39.98,40.544,1.0,500.0,1.0,1.0,1.0,1.0,1.0,1.0,1.0,1.0,1.0,0.193,10.1815,5.160500000000001,8.5145,9.791,39.947,4.151,20.458,12.899,17.499,19.529,0.0,2.61,5.19,1.34,5.4350000000000005,0.13,2.61,5.2,1.31,5.41
1484731,Coil,2.69,5.28,8.07,7.639,300.0,1.503,0.0,7.75,26.515,0.0,0.0,0.001,0.66,0.0,40.07,39.98,40.544,1.0,500.0,1.0,1.0,1.0,1.0,1.0,1.0,1.0,1.0,1.0,0.193,10.1815,5.160500000000001,8.5145,9.791,39.947,4.151,20.458,12.899,17.499,19.529,0.0,2.61,5.19,1.34,5.4350000000000005,0.13,2.61,5.2,1.31,5.41
1484731,Coil,2.69,5.28,8.07,7.639,300.0,1.503,0.0,7.75,26.515,0.0,0.0,0.001,0.66,0.0,40.07,39.98,40.544,1.0,500.0,1.0,1.0,1.0,1.0,1.0,1.0,1.0,1.0,1.0,0.193,10.1815,5.160500000000001,8.5145,9.791,39.947,4.151,20.458,12.899,17.499,19.529,0.0,2.61,5.19,1.34,5.4350000000000005,0.13,2.61,5.2,1.31,5.41
1484731,Coil,2.69,5.28,8.07,7.639,300.0,1.503,0.0,7.75,26.515,0.0,0.0,0.001,0.66,0.0,40.07,39.98,40.544,1.0,500.0,1.0,1.0,1.0,1.0,1.0,1.0,1.0,1.0,1.0,0.193,10.1815,5.160500000000001,8.5145,9.791,39.947,4.151,20.458,12.899,17.499,19.529,0.0,2.61,5.19,1.34,5.4350000000000005,0.13,2.61,5.2,1.31,5.41
1484731,Coil,2.69,5.28,8.07,7.639,300.0,1.503,0.0,7.75,26.515,0.0,0.0,0.001,0.66,0.0,40.07,39.98,40.544,1.0,500.0,1.0,1.0,1.0,1.0,1.0,1.0,1.0,1.0,1.0,0.193,10.1815,5.160500000000001,8.5145,9.791,39.947,4.151,20.458,12.899,17.499,19.529,0.0,2.61,5.19,1.34,5.4350000000000005,0.13,2.61,5.2,1.31,5.41
1484731,Coil,2.69,5.28,8.07,7.639,300.0,1.503,0.0,7.75,26.515,0.0,0.0,0.001,0.66,0.0,40.07,39.98,40.544,1.0,500.0,1.0,1.0,1.0,1.0,1.0,1.0,1.0,1.0,1.0,0.193,10.1815,5.160500000000001,8.5145,9.791,39.947,4.151,20.458,12.899,17.499,19.529,0.0,2.61,5.19,1.34,5.4350000000000005,0.13,2.61,5.2,1.31,5.41
1484731,Coil,2.69,5.28,8.07,7.639,300.0,1.503,0.0,7.75,26.515,0.0,0.0,0.001,0.66,0.0,40.07,39.98,40.544,1.0,500.0,1.0,1.0,1.0,1.0,1.0,1.0,1.0,1.0,1.0,0.193,10.1815,5.160500000000001,8.5145,9.791,39.947,4.151,20.458,12.899,17.499,19.529,0.0,2.61,5.19,1.34,5.4350000000000005,0.13,2.61,5.2,1.31,5.41
1677583,Flex / PCB / Solder / Wiring,2.69,5.28,10.008,7.639,300.0,1.503,0.0,7.75,26.515,0.0,0.0,0.003,0.66,0.0,40.07,39.988,40.329,1.0,500.0,1.0,1.0,1.0,1.0,1.0,1.0,1.0,1.0,1.0,0.271,0.271,0.271,0.272,0.272,40.078,10.0,100.0,100.0,100.0,100.0,0.0,2.61,5.19,1.34,5.4350000000000005,0.13,2.61,5.2,1.31,5.41
1677583,Flex / PCB / Solder / Wiring,2.69,5.28,10.052,7.639,300.0,1.503,0.0,7.75,26.515,0.0,0.0,0.003,0.66,0.0,40.07,40.11,40.31,1.0,500.0,1.0,1.0,1.0,1.0,1.0,1.0,1.0,1.0,1.0,0.293,0.291,0.292,0.292,0.291,40.197,10.0,100.0,100.0,100.0,100.0,0.0,2.61,5.19,1.34,5.4350000000000005,0.13,2.61,5.2,1.31,5.41
1677583,Flex / PCB / Solder / Wiring,2.69,5.28,11.495,7.639,300.0,1.503,0.0,7.75,26.515,0.0,0.0,0.003,0.66,0.0,40.07,40.381,40.505,1.0,500.0,1.0,1.0,1.0,1.0,1.0,1.0,1.0,1.0,1.0,0.325,10.742,6.314,9.156,10.196,38.312,10.0,100.0,100.0,100.0,100.0,0.0,2.61,5.19,1.34,5.4350000000000005,0.13,2.61,5.2,1.31,5.41
1677583,Flex / PCB / Solder / Wiring,2.69,5.28,11.418,7.639,300.0,1.503,0.0,7.75,26.515,0.0,0.0,0.003,0.66,0.0,40.07,40.276,40.499,1.0,500.0,1.0,1.0,1.0,1.0,1.0,1.0,1.0,1.0,1.0,0.234,10.782,5.271,8.701,10.078,4.57,10.0,100.0,100.0,100.0,100.0,0.0,2.61,5.19,1.34,5.4350000000000005,0.13,2.61,5.2,1.31,5.41
1677583,Flex / PCB / Solder / Wiring,2.69,5.28,11.452,7.639,300.0,1.503,0.0,7.75,26.515,0.0,0.0,0.003,0.66,0.0,40.07,40.305,40.488,1.0,500.0,1.0,1.0,1.0,1.0,1.0,1.0,1.0,1.0,1.0,0.189,10.811,5.19,8.681,10.088,40.309,10.0,100.0,100.0,100.0,100.0,0.0,2.61,5.19,1.34,5.4350000000000005,0.13,2.61,5.2,1.31,5.41
1677583,Flex / PCB / Solder / Wiring,2.69,5.28,11.377,7.639,300.0,1.503,0.0,7.75,26.515,0.0,0.0,0.003,0.66,0.0,40.07,40.375,40.454,1.0,500.0,1.0,1.0,1.0,1.0,1.0,1.0,1.0,1.0,1.0,0.125,10.873,4.998,8.563,10.075,32.313,10.0,100.0,100.0,100.0,100.0,0.0,2.61,5.19,1.34,5.4350000000000005,0.13,2.61,5.2,1.31,5.41
1677583,Flex / PCB / Solder / Wiring,2.69,5.28,8.07,7.639,300.0,1.503,0.0,7.75,26.515,0.0,0.0,0.001,0.66,0.0,40.07,39.98,40.544,1.0,500.0,1.0,1.0,1.0,1.0,1.0,1.0,1.0,1.0,1.0,0.193,10.1815,5.160500000000001,8.5145,9.791,39.947,4.151,20.458,12.899,17.499,19.529,0.0,2.61,5.19,1.34,5.4350000000000005,0.13,2.61,5.2,1.31,5.41
1677583,Flex / PCB / Solder / Wiring,2.69,5.28,8.07,7.639,300.0,1.503,0.0,7.75,26.515,0.0,0.0,0.001,0.66,0.0,40.07,39.98,40.544,1.0,500.0,1.0,1.0,1.0,1.0,1.0,1.0,1.0,1.0,1.0,0.193,10.1815,5.160500000000001,8.5145,9.791,39.947,4.151,20.458,12.899,17.499,19.529,0.0,2.61,5.19,1.34,5.4350000000000005,0.13,2.61,5.2,1.31,5.41
2008815,Dimensional / Alignment,0.0,0.0,-1074118478.0,-1074118478.0,-1074118478.0,1.503,-1074118478.0,-1074118478.0,26.62,0.0,-1074118478.0,0.005,0.662,0.002,-1074118478.0,39.98,-1074118478.0,1.0,500.0,1.0,1.0,1.0,1.0,1.0,1.0,1.0,1.0,1.0,0.193,10.1815,5.160500000000001,8.5145,9.791,39.947,4.151,20.458,12.899,17.499,19.529,0.0,2.61,5.19,1.34,5.4350000000000005,0.13,2.61,5.2,1.31,5.41
2008815,Dimensional / Alignment,0.0,0.0,-1074118478.0,-1074118478.0,-1074118478.0,1.244,-1074118478.0,-1074118478.0,26.396,0.0,-1074118478.0,0.0,0.661,0.0,-1074118478.0,39.98,-1074118478.0,1.0,500.0,1.0,1.0,1.0,1.0,1.0,1.0,1.0,1.0,1.0,0.193,10.1815,5.160500000000001,8.5145,9.791,39.947,4.151,20.458,12.899,17.499,19.529,0.0,2.61,5.19,1.34,5.4350000000000005,0.13,2.61,5.2,1.31,5.41
1637346,Dimensional / Alignment,2.69,5.28,11.575,7.639,300.0,1.503,0.0,7.75,26.515,0.0,0.0,0.003,0.66,0.0,40.07,39.324,39.124,1.0,500.0,1.0,1.0,1.0,1.0,1.0,1.0,1.0,1.0,1.0,0.22,10.932,4.996,8.508,10.061,39.242,10.0,100.0,100.0,100.0,100.0,0.0,2.61,5.19,1.34,5.4350000000000005,0.13,2.61,5.2,1.31,5.41
1637346,Dimensional / Alignment,2.69,5.28,11.559,7.639,300.0,1.503,0.0,7.75,26.515,0.0,0.0,0.002,0.66,0.0,40.07,39.228,40.423,1.0,500.0,1.0,1.0,1.0,1.0,1.0,1.0,1.0,1.0,1.0,0.402,10.881,5.252,8.639,10.08,39.167,4.57,21.148,12.235,17.592,19.872,0.0,2.61,5.19,1.34,5.4350000000000005,0.13,2.61,5.2,1.31,5.41
1637346,Dimensional / Alignment,2.69,5.28,11.457,7.639,300.0,1.503,0.0,7.75,26.515,0.0,0.0,0.002,0.66,0.0,40.07,39.772,39.799,1.0,500.0,1.0,1.0,1.0,1.0,1.0,1.0,1.0,1.0,1.0,0.238,11.071,4.645,8.303,10.062,39.183,4.323,21.491,11.3,17.094,19.879,0.0,2.61,5.19,1.34,5.4350000000000005,0.13,2.61,5.2,1.31,5.41
1637346,Dimensional / Alignment,2.69,5.28,11.511,7.639,300.0,1.503,0.0,7.75,26.515,0.0,0.0,0.002,0.66,0.0,40.07,39.354,39.971,1.0,500.0,1.0,1.0,1.0,1.0,1.0,1.0,1.0,1.0,1.0,0.261,11.109,4.657,8.352,10.106,38.858,4.338,21.463,11.277,17.116,19.882,0.0,2.61,5.19,1.34,5.4350000000000005,0.13,2.61,5.2,1.31,5.41
1637346,Dimensional / Alignment,2.69,5.28,11.804,7.639,300.0,1.503,0.0,7.75,26.515,0.0,0.0,0.002,0.66,0.0,40.07,38.68,40.466,1.0,500.0,1.0,1.0,1.0,1.0,1.0,1.0,1.0,1.0,1.0,0.109,11.053,4.665,8.335,10.056,38.682,4.114,21.461,11.335,17.149,19.882,0.0,2.61,5.19,1.34,5.4350000000000005,0.13,2.61,5.2,1.31,5.41
1637346,Dimensional / Alignment,2.69,5.28,11.657,7.639,300.0,1.503,0.0,7.75,26.515,0.0,0.0,0.002,0.66,0.0,40.07,39.418,40.559,1.0,500.0,1.0,1.0,1.0,1.0,1.0,1.0,1.0,1.0,1.0,0.221,11.018,4.722,8.338,10.025,39.775,4.273,21.313,11.372,17.074,19.739,0.0,2.61,5.19,1.34,5.4350000000000005,0.13,2.61,5.2,1.31,5.41
1637346,Dimensional / Alignment,2.69,5.28,11.562,7.639,300.0,1.503,0.0,7.75,26.515,0.0,0.0,0.002,0.66,0.0,40.07,39.265,40.354,1.0,500.0,1.0,1.0,1.0,1.0,1.0,1.0,1.0,1.0,1.0,0.087,11.043,4.751,8.402,10.084,38.701,4.1,21.41,11.459,17.227,19.894,0.0,2.61,5.19,1.34,5.4350000000000005,0.13,2.61,5.2,1.31,5.41
1637346,Dimensional / Alignment,2.69,5.28,11.957,7.639,300.0,1.503,0.0,7.75,26.515,0.0,0.0,0.002,0.66,0.0,40.07,39.31,40.853,1.0,500.0,1.0,1.0,1.0,1.0,1.0,1.0,1.0,1.0,1.0,0.127,11.046,4.767,8.42,10.097,39.643,4.15,21.448,11.494,17.286,19.947,0.0,2.61,5.19,1.34,5.4350000000000005,0.13,2.61,5.2,1.31,5.41
1671670,Coil,2.69,5.28,8.07,7.639,300.0,1.503,0.0,7.75,26.515,0.0,0.0,0.001,0.66,0.0,40.07,39.98,40.544,1.0,500.0,1.0,1.0,1.0,1.0,1.0,1.0,1.0,1.0,1.0,0.193,10.1815,5.160500000000001,8.5145,9.791,39.947,4.151,20.458,12.899,17.499,19.529,0.0,2.61,5.19,1.34,5.4350000000000005,0.13,2.61,5.2,1.31,5.41
1485209,Coil,2.69,5.28,8.07,7.639,300.0,1.503,0.0,7.75,26.515,0.0,0.0,0.001,0.66,0.0,40.07,39.98,40.544,1.0,500.0,1.0,1.0,1.0,1.0,1.0,1.0,1.0,1.0,1.0,0.193,10.1815,5.160500000000001,8.5145,9.791,39.947,4.151,20.458,12.899,17.499,19.529,0.0,2.61,5.19,1.34,5.4350000000000005,0.13,2.61,5.2,1.31,5.41
1485209,Coil,2.69,5.28,8.07,7.639,300.0,1.503,0.0,7.75,26.515,0.0,0.0,0.001,0.66,0.0,40.07,39.98,40.544,1.0,500.0,1.0,1.0,1.0,1.0,1.0,1.0,1.0,1.0,1.0,0.193,10.1815,5.160500000000001,8.5145,9.791,39.947,4.151,20.458,12.899,17.499,19.529,0.0,2.61,5.19,1.34,5.4350000000000005,0.13,2.61,5.2,1.31,5.41
1485209,Coil,2.69,5.28,8.07,7.639,300.0,1.503,0.0,7.75,26.515,0.0,0.0,0.001,0.66,0.0,40.07,39.98,40.544,1.0,500.0,1.0,1.0,1.0,1.0,1.0,1.0,1.0,1.0,1.0,0.193,10.1815,5.160500000000001,8.5145,9.791,39.947,4.151,20.458,12.899,17.499,19.529,0.0,2.61,5.19,1.34,5.4350000000000005,0.13,2.61,5.2,1.31,5.41
1567704,Dimensional / Alignment,2.69,5.28,4.95,7.639,300.0,1.503,0.0,7.75,26.515,0.0,0.0,0.0,0.66,0.0,39.7,40.95,41.17,1.0,500.0,1.0,1.0,1.0,1.0,1.0,1.0,1.0,1.0,1.0,0.193,10.1815,5.160500000000001,8.5145,9.791,39.38,4.151,20.458,12.899,17.499,19.529,0.0,2.67,5.21,1.37,5.48,0.14,2.67,5.22,1.23,5.42
1567704,Dimensional / Alignment,2.69,5.28,4.87,7.639,300.0,1.503,0.0,7.75,26.515,0.0,0.0,0.0,0.66,0.0,40.65,40.8,41.57,1.0,500.0,1.0,1.0,1.0,1.0,1.0,1.0,1.0,1.0,1.0,0.193,10.1815,5.160500000000001,8.5145,9.791,39.87,4.151,20.458,12.899,17.499,19.529,0.0,2.63,4.81,1.37,5.15,0.14,2.63,4.81,1.38,5.11
1567704,Dimensional / Alignment,2.69,5.28,4.97,7.639,300.0,1.503,0.0,7.75,26.515,0.0,0.0,0.0,0.66,0.0,40.95,39.97,41.75,1.0,500.0,1.0,1.0,1.0,1.0,1.0,1.0,1.0,1.0,1.0,0.193,10.1815,5.160500000000001,8.5145,9.791,40.27,4.151,20.458,12.899,17.499,19.529,0.0,2.66,5.28,1.36,5.52,0.13,2.66,5.28,1.31,5.49
1567704,Dimensional / Alignment,2.69,5.28,4.87,7.639,300.0,1.503,0.0,7.75,26.515,0.0,0.0,0.0,0.66,0.0,39.47,39.86,41.48,1.0,500.0,1.0,1.0,1.0,1.0,1.0,1.0,1.0,1.0,1.0,0.193,10.1815,5.160500000000001,8.5145,9.791,40.42,4.151,20.458,12.899,17.499,19.529,0.0,2.58,5.22,1.36,5.49,0.14,2.59,5.22,1.35,5.47
1567704,Dimensional / Alignment,2.69,5.28,4.91,7.639,300.0,1.503,0.0,7.75,26.515,0.0,0.0,0.0,0.66,0.0,40.4,40.44,41.37,1.0,500.0,1.0,1.0,1.0,1.0,1.0,1.0,1.0,1.0,1.0,0.193,10.1815,5.160500000000001,8.5145,9.791,40.94,4.151,20.458,12.899,17.499,19.529,0.0,2.6,5.26,1.35,5.49,0.15,2.6,5.26,1.34,5.45
1567704,Dimensional / Alignment,2.69,5.28,4.96,7.639,300.0,1.503,0.0,7.75,26.515,0.0,0.0,0.0,0.66,0.0,40.9,39.37,41.08,1.0,500.0,1.0,1.0,1.0,1.0,1.0,1.0,1.0,1.0,1.0,0.193,10.1815,5.160500000000001,8.5145,9.791,40.17,4.151,20.458,12.899,17.499,19.529,0.0,2.59,5.27,1.35,5.51,0.11,2.59,5.28,1.35,5.5
1567704,Dimensional / Alignment,2.69,5.28,4.94,7.639,300.0,1.503,0.0,7.75,26.515,0.0,0.0,0.0,0.66,0.0,41.08,40.38,42.2,1.0,500.0,1.0,1.0,1.0,1.0,1.0,1.0,1.0,1.0,1.0,0.193,10.1815,5.160500000000001,8.5145,9.791,40.95,4.151,20.458,12.899,17.499,19.529,0.0,2.52,5.18,1.34,5.51,0.12,2.52,5.18,1.31,5.45
1567704,Dimensional / Alignment,2.69,5.28,4.91,7.639,300.0,1.503,0.0,7.75,26.515,0.0,0.0,0.0,0.66,0.0,40.2,39.89,42.04,1.0,500.0,1.0,1.0,1.0,1.0,1.0,1.0,1.0,1.0,1.0,0.193,10.1815,5.160500000000001,8.5145,9.791,40.45,4.151,20.458,12.899,17.499,19.529,0.0,2.56,5.18,1.34,5.44,0.13,2.57,5.18,1.34,5.42
1567704,Dimensional / Alignment,2.69,5.28,5.04,7.639,300.0,1.503,0.0,7.75,26.515,0.0,0.0,0.0,0.66,0.0,40.21,40.2,40.78,1.0,500.0,1.0,1.0,1.0,1.0,1.0,1.0,1.0,1.0,1.0,0.193,10.1815,5.160500000000001,8.5145,9.791,40.48,4.151,20.458,12.899,17.499,19.529,0.0,2.63,5.17,1.33,5.43,0.13,2.64,5.19,1.31,5.4
1567704,Dimensional / Alignment,2.69,5.28,5.0,7.639,300.0,1.503,0.0,7.75,26.515,0.0,0.0,0.0,0.66,0.0,39.93,40.56,42.62,1.0,500.0,1.0,1.0,1.0,1.0,1.0,1.0,1.0,1.0,1.0,0.193,10.1815,5.160500000000001,8.5145,9.791,40.64,4.151,20.458,12.899,17.499,19.529,0.0,2.61,5.19,1.31,5.42,0.13,2.61,5.2,1.25,5.38
1567704,Dimensional / Alignment,2.69,5.28,4.95,7.639,300.0,1.503,0.0,7.75,26.515,0.0,0.0,0.0,0.66,0.0,39.7,40.95,41.17,1.0,500.0,1.0,1.0,1.0,1.0,1.0,1.0,1.0,1.0,1.0,0.193,10.1815,5.160500000000001,8.5145,9.791,39.38,4.151,20.458,12.899,17.499,19.529,0.0,2.67,5.21,1.37,5.48,0.14,2.67,5.22,1.23,5.42
1567704,Dimensional / Alignment,2.69,5.28,4.87,7.639,300.0,1.503,0.0,7.75,26.515,0.0,0.0,0.0,0.66,0.0,40.65,40.8,41.57,1.0,500.0,1.0,1.0,1.0,1.0,1.0,1.0,1.0,1.0,1.0,0.193,10.1815,5.160500000000001,8.5145,9.791,39.87,4.151,20.458,12.899,17.499,19.529,0.0,2.63,4.81,1.37,5.15,0.14,2.63,4.81,1.38,5.11
1567704,Dimensional / Alignment,2.69,5.28,4.97,7.639,300.0,1.503,0.0,7.75,26.515,0.0,0.0,0.0,0.66,0.0,40.95,39.97,41.75,1.0,500.0,1.0,1.0,1.0,1.0,1.0,1.0,1.0,1.0,1.0,0.193,10.1815,5.160500000000001,8.5145,9.791,40.27,4.151,20.458,12.899,17.499,19.529,0.0,2.66,5.28,1.36,5.52,0.13,2.66,5.28,1.31,5.49
1567704,Dimensional / Alignment,2.69,5.28,4.87,7.639,300.0,1.503,0.0,7.75,26.515,0.0,0.0,0.0,0.66,0.0,39.47,39.86,41.48,1.0,500.0,1.0,1.0,1.0,1.0,1.0,1.0,1.0,1.0,1.0,0.193,10.1815,5.160500000000001,8.5145,9.791,40.42,4.151,20.458,12.899,17.499,19.529,0.0,2.58,5.22,1.36,5.49,0.14,2.59,5.22,1.35,5.47
1567704,Dimensional / Alignment,2.69,5.28,4.91,7.639,300.0,1.503,0.0,7.75,26.515,0.0,0.0,0.0,0.66,0.0,40.4,40.44,41.37,1.0,500.0,1.0,1.0,1.0,1.0,1.0,1.0,1.0,1.0,1.0,0.193,10.1815,5.160500000000001,8.5145,9.791,40.94,4.151,20.458,12.899,17.499,19.529,0.0,2.6,5.26,1.35,5.49,0.15,2.6,5.26,1.34,5.45
1567704,Dimensional / Alignment,2.69,5.28,4.96,7.639,300.0,1.503,0.0,7.75,26.515,0.0,0.0,0.0,0.66,0.0,40.9,39.37,41.08,1.0,500.0,1.0,1.0,1.0,1.0,1.0,1.0,1.0,1.0,1.0,0.193,10.1815,5.160500000000001,8.5145,9.791,40.17,4.151,20.458,12.899,17.499,19.529,0.0,2.59,5.27,1.35,5.51,0.11,2.59,5.28,1.35,5.5
1567704,Dimensional / Alignment,2.69,5.28,4.94,7.639,300.0,1.503,0.0,7.75,26.515,0.0,0.0,0.0,0.66,0.0,41.08,40.38,42.2,1.0,500.0,1.0,1.0,1.0,1.0,1.0,1.0,1.0,1.0,1.0,0.193,10.1815,5.160500000000001,8.5145,9.791,40.95,4.151,20.458,12.899,17.499,19.529,0.0,2.52,5.18,1.34,5.51,0.12,2.52,5.18,1.31,5.45
1567704,Dimensional / Alignment,2.69,5.28,4.91,7.639,300.0,1.503,0.0,7.75,26.515,0.0,0.0,0.0,0.66,0.0,40.2,39.89,42.04,1.0,500.0,1.0,1.0,1.0,1.0,1.0,1.0,1.0,1.0,1.0,0.193,10.1815,5.160500000000001,8.5145,9.791,40.45,4.151,20.458,12.899,17.499,19.529,0.0,2.56,5.18,1.34,5.44,0.13,2.57,5.18,1.34,5.42
1567704,Dimensional / Alignment,2.69,5.28,5.04,7.639,300.0,1.503,0.0,7.75,26.515,0.0,0.0,0.0,0.66,0.0,40.21,40.2,40.78,1.0,500.0,1.0,1.0,1.0,1.0,1.0,1.0,1.0,1.0,1.0,0.193,10.1815,5.160500000000001,8.5145,9.791,40.48,4.151,20.458,12.899,17.499,19.529,0.0,2.63,5.17,1.33,5.43,0.13,2.64,5.19,1.31,5.4
1567704,Dimensional / Alignment,2.69,5.28,5.0,7.639,300.0,1.503,0.0,7.75,26.515,0.0,0.0,0.0,0.66,0.0,39.93,40.56,42.62,1.0,500.0,1.0,1.0,1.0,1.0,1.0,1.0,1.0,1.0,1.0,0.193,10.1815,5.160500000000001,8.5145,9.791,40.64,4.151,20.458,12.899,17.499,19.529,0.0,2.61,5.19,1.31,5.42,0.13,2.61,5.2,1.25,5.38
1598774,Dimensional / Alignment,2.69,5.28,10.597,7.639,300.0,1.503,0.0,7.75,26.515,0.0,0.0,0.004,0.66,0.0,40.07,39.476,39.42,1.0,500.0,1.0,1.0,1.0,1.0,1.0,1.0,1.0,1.0,1.0,0.063,10.206,5.475,8.74,9.768,4.598,10.0,100.0,100.0,100.0,100.0,0.0,2.61,5.19,1.34,5.4350000000000005,0.13,2.61,5.2,1.31,5.41
1598774,Dimensional / Alignment,2.69,5.28,10.637,7.639,300.0,1.503,0.0,7.75,26.515,0.0,0.0,0.003,0.66,0.0,40.07,39.855,39.648,1.0,500.0,1.0,1.0,1.0,1.0,1.0,1.0,1.0,1.0,1.0,0.036,10.201,5.441,8.735,9.774,39.2,10.0,100.0,100.0,100.0,100.0,0.0,2.61,5.19,1.34,5.4350000000000005,0.13,2.61,5.2,1.31,5.41
1598774,Dimensional / Alignment,2.69,5.28,10.581,7.639,300.0,1.503,0.0,7.75,26.515,0.0,0.0,0.003,0.66,0.0,40.07,39.163,39.313,1.0,500.0,1.0,1.0,1.0,1.0,1.0,1.0,1.0,1.0,1.0,0.05,10.195,5.501,8.76,9.776,4.451,10.0,100.0,100.0,100.0,100.0,0.0,2.61,5.19,1.34,5.4350000000000005,0.13,2.61,5.2,1.31,5.41
1598774,Dimensional / Alignment,2.69,5.28,10.622,7.639,300.0,1.503,0.0,7.75,26.515,0.0,0.0,0.003,0.66,0.0,40.07,38.879,39.393,1.0,500.0,1.0,1.0,1.0,1.0,1.0,1.0,1.0,1.0,1.0,0.038,10.198,5.369,8.702,9.764,4.161,10.0,100.0,100.0,100.0,100.0,0.0,2.61,5.19,1.34,5.4350000000000005,0.13,2.61,5.2,1.31,5.41
1598774,Dimensional / Alignment,2.69,5.28,10.771,7.639,300.0,1.503,0.0,7.75,26.515,0.0,0.0,0.002,0.66,0.0,40.07,40.126,39.655,1.0,500.0,1.0,1.0,1.0,1.0,1.0,1.0,1.0,1.0,1.0,0.071,10.083,6.126,8.978,9.77,40.266,4.083,19.97,13.709,18.217,19.475,0.0,2.61,5.19,1.34,5.4350000000000005,0.13,2.61,5.2,1.31,5.41
1598774,Dimensional / Alignment,2.69,5.28,10.501,7.639,300.0,1.503,0.0,7.75,26.515,0.0,0.0,0.002,0.66,0.0,40.07,39.45,39.873,1.0,500.0,1.0,1.0,1.0,1.0,1.0,1.0,1.0,1.0,1.0,0.037,10.145,5.699,8.832,9.769,39.914,3.996,20.003,12.968,17.925,19.406,0.0,2.61,5.19,1.34,5.4350000000000005,0.13,2.61,5.2,1.31,5.41
1598774,Dimensional / Alignment,2.69,5.28,10.799,7.639,300.0,1.503,0.0,7.75,26.515,0.0,0.0,0.002,0.66,0.0,40.07,39.18,39.764,1.0,500.0,1.0,1.0,1.0,1.0,1.0,1.0,1.0,1.0,1.0,0.069,10.148,5.695,8.826,9.765,38.991,4.056,19.925,12.912,17.842,19.324,0.0,2.61,5.19,1.34,5.4350000000000005,0.13,2.61,5.2,1.31,5.41
1598774,Dimensional / Alignment,2.69,5.28,10.636,7.639,300.0,1.503,0.0,7.75,26.515,0.0,0.0,0.002,0.66,0.0,40.07,39.134,39.169,1.0,500.0,1.0,1.0,1.0,1.0,1.0,1.0,1.0,1.0,1.0,0.038,10.156,5.686,8.826,9.768,39.224,4.002,20.05,12.98,17.95,19.443,0.0,2.61,5.19,1.34,5.4350000000000005,0.13,2.61,5.2,1.31,5.41
1598774,Dimensional / Alignment,2.69,5.28,10.646,7.639,300.0,1.503,0.0,7.75,26.515,0.0,0.0,0.002,0.66,0.0,40.07,39.256,39.669,1.0,500.0,1.0,1.0,1.0,1.0,1.0,1.0,1.0,1.0,1.0,0.076,10.146,5.666,8.82,9.768,39.431,4.017,19.816,12.788,17.737,19.226,0.0,2.61,5.19,1.34,5.4350000000000005,0.13,2.61,5.2,1.31,5.41
1677577,Dimensional / Alignment,2.69,5.28,8.254,7.639,300.0,1.503,0.0,7.75,26.515,0.0,0.0,0.0,0.66,0.0,40.07,40.94,41.589,1.0,500.0,1.0,1.0,1.0,1.0,1.0,1.0,1.0,1.0,1.0,0.05,5.183,2.872,4.402,4.929,41.157,0.841,5.025,3.142,4.389,4.818,0.0,2.61,5.19,1.34,5.4350000000000005,0.13,2.61,5.2,1.31,5.41
1677577,Dimensional / Alignment,2.69,5.28,8.317,7.639,300.0,1.503,0.0,7.75,26.515,0.0,0.0,0.0,0.66,0.0,40.07,40.696,41.578,1.0,500.0,1.0,1.0,1.0,1.0,1.0,1.0,1.0,1.0,1.0,0.076,5.195,2.88,4.399,4.932,41.146,0.867,5.012,3.132,4.364,4.798,0.0,2.61,5.19,1.34,5.4350000000000005,0.13,2.61,5.2,1.31,5.41
1677577,Dimensional / Alignment,2.69,5.28,8.291,7.639,300.0,1.503,0.0,7.75,26.515,0.0,0.0,0.0,0.66,0.0,40.07,40.721,41.635,1.0,500.0,1.0,1.0,1.0,1.0,1.0,1.0,1.0,1.0,1.0,0.072,5.186,2.882,4.395,4.926,41.071,0.863,5.018,3.141,4.373,4.807,0.0,2.61,5.19,1.34,5.4350000000000005,0.13,2.61,5.2,1.31,5.41
1677577,Dimensional / Alignment,2.69,5.28,8.168,7.639,300.0,1.503,0.0,7.75,26.515,0.0,0.0,0.0,0.66,0.0,40.07,40.827,41.475,1.0,500.0,1.0,1.0,1.0,1.0,1.0,1.0,1.0,1.0,1.0,0.059,5.179,2.885,4.397,4.924,41.186,0.865,5.032,3.158,4.393,4.823,0.0,2.61,5.19,1.34,5.4350000000000005,0.13,2.61,5.2,1.31,5.41
1677577,Dimensional / Alignment,2.69,5.28,8.255,7.639,300.0,1.503,0.0,7.75,26.515,0.0,0.0,0.0,0.66,0.0,40.07,40.791,41.552,1.0,500.0,1.0,1.0,1.0,1.0,1.0,1.0,1.0,1.0,1.0,0.051,5.168,2.975,4.438,4.929,40.869,0.849,5.009,3.221,4.411,4.815,0.0,2.61,5.19,1.34,5.4350000000000005,0.13,2.61,5.2,1.31,5.41
1518550,ASIC / EEPROM,2.69,5.28,8.07,7.639,300.0,1.503,0.0,7.75,26.515,0.0,0.0,0.001,0.66,0.0,40.07,39.98,40.544,1.0,500.0,1.0,1.0,1.0,1.0,1.0,1.0,1.0,1.0,1.0,0.193,10.1815,5.160500000000001,8.5145,9.791,39.947,4.151,20.458,12.899,17.499,19.529,0.0,2.61,5.19,1.34,5.4350000000000005,0.13,2.61,5.2,1.31,5.41
1518550,ASIC / EEPROM,2.69,5.28,8.07,7.639,300.0,1.503,0.0,7.75,26.515,0.0,0.0,0.001,0.66,0.0,40.07,39.98,40.544,1.0,500.0,1.0,1.0,1.0,1.0,1.0,1.0,1.0,1.0,1.0,0.193,10.1815,5.160500000000001,8.5145,9.791,39.947,4.151,20.458,12.899,17.499,19.529,0.0,2.61,5.19,1.34,5.4350000000000005,0.13,2.61,5.2,1.31,5.41
1518550,ASIC / EEPROM,2.69,5.28,8.07,7.639,300.0,1.503,0.0,7.75,26.515,0.0,0.0,0.001,0.66,0.0,40.07,39.98,40.544,1.0,500.0,1.0,1.0,1.0,1.0,1.0,1.0,1.0,1.0,1.0,0.193,10.1815,5.160500000000001,8.5145,9.791,39.947,4.151,20.458,12.899,17.499,19.529,0.0,2.61,5.19,1.34,5.4350000000000005,0.13,2.61,5.2,1.31,5.41
1518550,ASIC / EEPROM,2.69,5.28,8.07,7.639,300.0,1.503,0.0,7.75,26.515,0.0,0.0,0.001,0.66,0.0,40.07,39.98,40.544,1.0,500.0,1.0,1.0,1.0,1.0,1.0,1.0,1.0,1.0,1.0,0.193,10.1815,5.160500000000001,8.5145,9.791,39.947,4.151,20.458,12.899,17.499,19.529,0.0,2.61,5.19,1.34,5.4350000000000005,0.13,2.61,5.2,1.31,5.41
1518550,ASIC / EEPROM,2.69,5.28,8.07,7.639,300.0,1.503,0.0,7.75,26.515,0.0,0.0,0.001,0.66,0.0,40.07,39.98,40.544,1.0,500.0,1.0,1.0,1.0,1.0,1.0,1.0,1.0,1.0,1.0,0.193,10.1815,5.160500000000001,8.5145,9.791,39.947,4.151,20.458,12.899,17.499,19.529,0.0,2.61,5.19,1.34,5.4350000000000005,0.13,2.61,5.2,1.31,5.41
1518550,ASIC / EEPROM,2.69,5.28,8.07,7.639,300.0,1.503,0.0,7.75,26.515,0.0,0.0,0.001,0.66,0.0,40.07,39.98,40.544,1.0,500.0,1.0,1.0,1.0,1.0,1.0,1.0,1.0,1.0,1.0,0.193,10.1815,5.160500000000001,8.5145,9.791,39.947,4.151,20.458,12.899,17.499,19.529,0.0,2.61,5.19,1.34,5.4350000000000005,0.13,2.61,5.2,1.31,5.41
1518550,ASIC / EEPROM,2.69,5.28,8.07,7.639,300.0,1.503,0.0,7.75,26.515,0.0,0.0,0.001,0.66,0.0,40.07,39.98,40.544,1.0,500.0,1.0,1.0,1.0,1.0,1.0,1.0,1.0,1.0,1.0,0.193,10.1815,5.160500000000001,8.5145,9.791,39.947,4.151,20.458,12.899,17.499,19.529,0.0,2.61,5.19,1.34,5.4350000000000005,0.13,2.61,5.2,1.31,5.41
1518550,ASIC / EEPROM,2.69,5.28,8.07,7.639,300.0,1.503,0.0,7.75,26.515,0.0,0.0,0.001,0.66,0.0,40.07,39.98,40.544,1.0,500.0,1.0,1.0,1.0,1.0,1.0,1.0,1.0,1.0,1.0,0.193,10.1815,5.160500000000001,8.5145,9.791,39.947,4.151,20.458,12.899,17.499,19.529,0.0,2.61,5.19,1.34,5.4350000000000005,0.13,2.61,5.2,1.31,5.41
1518550,ASIC / EEPROM,2.69,5.28,8.07,7.639,300.0,1.503,0.0,7.75,26.515,0.0,0.0,0.001,0.66,0.0,40.07,39.98,40.544,1.0,500.0,1.0,1.0,1.0,1.0,1.0,1.0,1.0,1.0,1.0,0.193,10.1815,5.160500000000001,8.5145,9.791,39.947,4.151,20.458,12.899,17.499,19.529,0.0,2.61,5.19,1.34,5.4350000000000005,0.13,2.61,5.2,1.31,5.41
1518550,ASIC / EEPROM,2.69,5.28,8.07,7.639,300.0,1.503,0.0,7.75,26.515,0.0,0.0,0.001,0.66,0.0,40.07,39.98,40.544,1.0,500.0,1.0,1.0,1.0,1.0,1.0,1.0,1.0,1.0,1.0,0.193,10.1815,5.160500000000001,8.5145,9.791,39.947,4.151,20.458,12.899,17.499,19.529,0.0,2.61,5.19,1.34,5.4350000000000005,0.13,2.61,5.2,1.31,5.41
1518550,ASIC / EEPROM,2.69,5.28,8.07,7.639,300.0,1.503,0.0,7.75,26.515,0.0,0.0,0.001,0.66,0.0,40.07,39.98,40.544,1.0,500.0,1.0,1.0,1.0,1.0,1.0,1.0,1.0,1.0,1.0,0.193,10.1815,5.160500000000001,8.5145,9.791,39.947,4.151,20.458,12.899,17.499,19.529,0.0,2.61,5.19,1.34,5.4350000000000005,0.13,2.61,5.2,1.31,5.41
1493255,ASIC / EEPROM,2.69,5.28,8.07,7.639,300.0,1.503,0.0,7.75,26.515,0.0,0.0,0.001,0.66,0.0,40.07,39.98,40.544,1.0,500.0,1.0,1.0,1.0,1.0,1.0,1.0,1.0,1.0,1.0,0.193,10.1815,5.160500000000001,8.5145,9.791,39.947,4.151,20.458,12.899,17.499,19.529,0.0,2.61,5.19,1.34,5.4350000000000005,0.13,2.61,5.2,1.31,5.41
1493255,ASIC / EEPROM,2.69,5.28,8.07,7.639,300.0,1.503,0.0,7.75,26.515,0.0,0.0,0.001,0.66,0.0,40.07,39.98,40.544,1.0,500.0,1.0,1.0,1.0,1.0,1.0,1.0,1.0,1.0,1.0,0.193,10.1815,5.160500000000001,8.5145,9.791,39.947,4.151,20.458,12.899,17.499,19.529,0.0,2.61,5.19,1.34,5.4350000000000005,0.13,2.61,5.2,1.31,5.41
1493255,ASIC / EEPROM,2.69,5.28,8.07,7.639,300.0,1.503,0.0,7.75,26.515,0.0,0.0,0.001,0.66,0.0,40.07,39.98,40.544,1.0,500.0,1.0,1.0,1.0,1.0,1.0,1.0,1.0,1.0,1.0,0.193,10.1815,5.160500000000001,8.5145,9.791,39.947,4.151,20.458,12.899,17.499,19.529,0.0,2.61,5.19,1.34,5.4350000000000005,0.13,2.61,5.2,1.31,5.41
1493255,ASIC / EEPROM,2.69,5.28,8.07,7.639,300.0,1.503,0.0,7.75,26.515,0.0,0.0,0.001,0.66,0.0,40.07,39.98,40.544,1.0,500.0,1.0,1.0,1.0,1.0,1.0,1.0,1.0,1.0,1.0,0.193,10.1815,5.160500000000001,8.5145,9.791,39.947,4.151,20.458,12.899,17.499,19.529,0.0,2.61,5.19,1.34,5.4350000000000005,0.13,2.61,5.2,1.31,5.41
1493255,ASIC / EEPROM,2.69,5.28,8.07,7.639,300.0,1.503,0.0,7.75,26.515,0.0,0.0,0.001,0.66,0.0,40.07,39.98,40.544,1.0,500.0,1.0,1.0,1.0,1.0,1.0,1.0,1.0,1.0,1.0,0.193,10.1815,5.160500000000001,8.5145,9.791,39.947,4.151,20.458,12.899,17.499,19.529,0.0,2.61,5.19,1.34,5.4350000000000005,0.13,2.61,5.2,1.31,5.41
1493255,ASIC / EEPROM,2.69,5.28,8.07,7.639,300.0,1.503,0.0,7.75,26.515,0.0,0.0,0.001,0.66,0.0,40.07,39.98,40.544,1.0,500.0,1.0,1.0,1.0,1.0,1.0,1.0,1.0,1.0,1.0,0.193,10.1815,5.160500000000001,8.5145,9.791,39.947,4.151,20.458,12.899,17.499,19.529,0.0,2.61,5.19,1.34,5.4350000000000005,0.13,2.61,5.2,1.31,5.41
1493255,ASIC / EEPROM,2.69,5.28,8.07,7.639,300.0,1.503,0.0,7.75,26.515,0.0,0.0,0.001,0.66,0.0,40.07,39.98,40.544,1.0,500.0,1.0,1.0,1.0,1.0,1.0,1.0,1.0,1.0,1.0,0.193,10.1815,5.160500000000001,8.5145,9.791,39.947,4.151,20.458,12.899,17.499,19.529,0.0,2.61,5.19,1.34,5.4350000000000005,0.13,2.61,5.2,1.31,5.41
1493255,ASIC / EEPROM,2.69,5.28,8.07,7.639,300.0,1.503,0.0,7.75,26.515,0.0,0.0,0.001,0.66,0.0,40.07,39.98,40.544,1.0,500.0,1.0,1.0,1.0,1.0,1.0,1.0,1.0,1.0,1.0,0.193,10.1815,5.160500000000001,8.5145,9.791,39.947,4.151,20.458,12.899,17.499,19.529,0.0,2.61,5.19,1.34,5.4350000000000005,0.13,2.61,5.2,1.31,5.41
2036956,Dimensional / Alignment,2.395,0.0,8.188,8.342,277.83,1.209,0.0,7.75,26.006,0.0,0.0,0.0,0.659,0.0,39.548,40.815,40.071,1.0,500.0,1.0,1.0,1.0,1.0,1.0,1.0,1.0,1.0,1.0,0.193,10.1815,5.160500000000001,8.5145,9.791,39.947,4.151,20.458,12.899,17.499,19.529,0.0,2.61,5.19,1.34,5.4350000000000005,0.13,2.61,5.2,1.31,5.41
2036956,Dimensional / Alignment,1.927,0.0,8.246,8.415,277.83,1.25,0.0,7.75,26.375,0.0,0.0,0.0,0.661,0.0,39.933,40.591,40.083,1.0,500.0,1.0,1.0,1.0,1.0,1.0,1.0,1.0,1.0,1.0,0.193,10.1815,5.160500000000001,8.5145,9.791,39.947,4.151,20.458,12.899,17.499,19.529,0.0,2.61,5.19,1.34,5.4350000000000005,0.13,2.61,5.2,1.31,5.41
1516087,ASIC / EEPROM,2.69,5.28,8.07,7.639,300.0,1.503,0.0,7.75,26.515,0.0,0.0,0.001,0.66,0.0,40.07,39.98,40.544,1.0,500.0,1.0,1.0,1.0,1.0,1.0,1.0,1.0,1.0,1.0,0.193,10.1815,5.160500000000001,8.5145,9.791,39.947,4.151,20.458,12.899,17.499,19.529,0.0,2.61,5.19,1.34,5.4350000000000005,0.13,2.61,5.2,1.31,5.41
1516087,ASIC / EEPROM,2.69,5.28,8.07,7.639,300.0,1.503,0.0,7.75,26.515,0.0,0.0,0.001,0.66,0.0,40.07,39.98,40.544,1.0,500.0,1.0,1.0,1.0,1.0,1.0,1.0,1.0,1.0,1.0,0.193,10.1815,5.160500000000001,8.5145,9.791,39.947,4.151,20.458,12.899,17.499,19.529,0.0,2.61,5.19,1.34,5.4350000000000005,0.13,2.61,5.2,1.31,5.41
1516087,ASIC / EEPROM,2.69,5.28,8.07,7.639,300.0,1.503,0.0,7.75,26.515,0.0,0.0,0.001,0.66,0.0,40.07,39.98,40.544,1.0,500.0,1.0,0.0,1.0,1.0,1.0,1.0,1.0,1.0,1.0,0.193,10.1815,5.160500000000001,8.5145,9.791,39.947,4.151,20.458,12.899,17.499,19.529,0.0,2.61,5.19,1.34,5.4350000000000005,0.13,2.61,5.2,1.31,5.41
1516087,ASIC / EEPROM,2.69,5.28,8.07,7.639,300.0,1.503,0.0,7.75,26.515,0.0,0.0,0.001,0.66,0.0,40.07,39.98,40.544,1.0,500.0,1.0,1.0,1.0,1.0,1.0,1.0,1.0,1.0,1.0,0.193,10.1815,5.160500000000001,8.5145,9.791,39.947,4.151,20.458,12.899,17.499,19.529,0.0,2.61,5.19,1.34,5.4350000000000005,0.13,2.61,5.2,1.31,5.41
1516087,ASIC / EEPROM,2.69,5.28,8.07,7.639,300.0,1.503,0.0,7.75,26.515,0.0,0.0,0.001,0.66,0.0,40.07,39.98,40.544,1.0,500.0,1.0,1.0,1.0,1.0,1.0,1.0,1.0,1.0,1.0,0.193,10.1815,5.160500000000001,8.5145,9.791,39.947,4.151,20.458,12.899,17.499,19.529,0.0,2.61,5.19,1.34,5.4350000000000005,0.13,2.61,5.2,1.31,5.41
1485940,Flex / PCB / Solder / Wiring,2.69,5.28,8.07,7.639,300.0,1.503,0.0,7.75,26.515,0.0,0.0,0.001,0.66,0.0,40.07,39.98,40.544,1.0,500.0,1.0,1.0,1.0,1.0,1.0,1.0,1.0,1.0,1.0,0.193,10.1815,5.160500000000001,8.5145,9.791,39.947,4.151,20.458,12.899,17.499,19.529,0.0,2.61,5.19,1.34,5.4350000000000005,0.13,2.61,5.2,1.31,5.41
1485940,Flex / PCB / Solder / Wiring,2.69,5.28,8.07,7.639,300.0,1.503,0.0,7.75,26.515,0.0,0.0,0.001,0.66,0.0,40.07,39.98,40.544,1.0,500.0,1.0,1.0,1.0,1.0,1.0,1.0,1.0,1.0,1.0,0.193,10.1815,5.160500000000001,8.5145,9.791,39.947,4.151,20.458,12.899,17.499,19.529,0.0,2.61,5.19,1.34,5.4350000000000005,0.13,2.61,5.2,1.31,5.41
1485940,Flex / PCB / Solder / Wiring,2.69,5.28,8.07,7.639,300.0,1.503,0.0,7.75,26.515,0.0,0.0,0.001,0.66,0.0,40.07,39.98,40.544,1.0,500.0,1.0,1.0,1.0,1.0,1.0,1.0,1.0,1.0,1.0,0.193,10.1815,5.160500000000001,8.5145,9.791,39.947,4.151,20.458,12.899,17.499,19.529,0.0,2.61,5.19,1.34,5.4350000000000005,0.13,2.61,5.2,1.31,5.41
1488174,Flex / PCB / Solder / Wiring,2.69,5.28,6.759,7.639,300.0,1.503,0.0,7.75,26.515,0.0,0.0,0.002,0.66,0.0,40.07,39.81,40.689,1.0,500.0,1.0,1.0,1.0,1.0,1.0,1.0,1.0,1.0,1.0,0.204,10.49,6.287,8.936,9.979,39.947,4.151,20.458,12.899,17.499,19.529,0.0,2.61,5.19,1.34,5.4350000000000005,0.13,2.61,5.2,1.31,5.41
1488174,Flex / PCB / Solder / Wiring,2.69,5.28,6.815,7.639,300.0,1.503,0.0,7.75,26.515,0.0,0.0,0.001,0.66,0.0,40.07,39.916,40.533,1.0,500.0,1.0,1.0,1.0,1.0,1.0,1.0,1.0,1.0,1.0,0.238,10.669,5.921,8.789,10.008,39.947,4.151,20.458,12.899,17.499,19.529,0.0,2.61,5.19,1.34,5.4350000000000005,0.13,2.61,5.2,1.31,5.41
1488174,Flex / PCB / Solder / Wiring,2.69,5.28,8.07,7.639,300.0,1.503,0.0,7.75,26.515,0.0,0.0,0.001,0.66,0.0,40.07,39.98,40.544,1.0,500.0,1.0,1.0,1.0,1.0,1.0,1.0,1.0,1.0,1.0,0.193,10.1815,5.160500000000001,8.5145,9.791,39.947,4.151,20.458,12.899,17.499,19.529,0.0,2.61,5.19,1.34,5.4350000000000005,0.13,2.61,5.2,1.31,5.41
1488174,Flex / PCB / Solder / Wiring,2.69,5.28,8.07,7.639,300.0,1.503,0.0,7.75,26.515,0.0,0.0,0.001,0.66,0.0,40.07,39.98,40.544,1.0,500.0,1.0,1.0,1.0,1.0,1.0,1.0,1.0,1.0,1.0,0.193,10.1815,5.160500000000001,8.5145,9.791,39.947,4.151,20.458,12.899,17.499,19.529,0.0,2.61,5.19,1.34,5.4350000000000005,0.13,2.61,5.2,1.31,5.41
1488174,Flex / PCB / Solder / Wiring,2.69,5.28,8.07,7.639,300.0,1.503,0.0,7.75,26.515,0.0,0.0,0.001,0.66,0.0,40.07,39.98,40.544,1.0,500.0,1.0,1.0,1.0,1.0,1.0,1.0,1.0,1.0,1.0,0.193,10.1815,5.160500000000001,8.5145,9.791,39.947,4.151,20.458,12.899,17.499,19.529,0.0,2.61,5.19,1.34,5.4350000000000005,0.13,2.61,5.2,1.31,5.41
1488174,Flex / PCB / Solder / Wiring,2.69,5.28,8.07,7.639,300.0,1.503,0.0,7.75,26.515,0.0,0.0,0.001,0.66,0.0,40.07,39.98,40.544,1.0,500.0,1.0,1.0,1.0,1.0,1.0,1.0,1.0,1.0,1.0,0.193,10.1815,5.160500000000001,8.5145,9.791,39.947,4.151,20.458,12.899,17.499,19.529,0.0,2.61,5.19,1.34,5.4350000000000005,0.13,2.61,5.2,1.31,5.41
1488174,Flex / PCB / Solder / Wiring,2.69,5.28,8.07,7.639,300.0,1.503,0.0,7.75,26.515,0.0,0.0,0.001,0.66,0.0,40.07,39.98,40.544,1.0,500.0,1.0,1.0,1.0,1.0,1.0,1.0,1.0,1.0,1.0,0.193,10.1815,5.160500000000001,8.5145,9.791,39.947,4.151,20.458,12.899,17.499,19.529,0.0,2.61,5.19,1.34,5.4350000000000005,0.13,2.61,5.2,1.31,5.41
1603886,Dimensional / Alignment,2.69,5.28,6.941,7.639,300.0,1.503,0.0,7.75,26.515,0.0,0.0,0.002,0.66,0.0,40.07,39.979,40.893,1.0,500.0,1.0,1.0,1.0,1.0,1.0,1.0,1.0,1.0,1.0,6.616,9.982,6.616,9.988,9.998,39.947,4.151,20.458,12.899,17.499,19.529,0.0,2.61,5.19,1.34,5.4350000000000005,0.13,2.61,5.2,1.31,5.41
1603886,Dimensional / Alignment,2.69,5.28,6.943,7.639,300.0,1.503,0.0,7.75,26.515,0.0,0.0,0.001,0.66,0.0,40.07,40.298,40.868,1.0,500.0,1.0,1.0,1.0,1.0,1.0,1.0,1.0,1.0,1.0,6.54,10.01,6.616,10.019,10.028,39.947,4.151,20.458,12.899,17.499,19.529,0.0,2.61,5.19,1.34,5.4350000000000005,0.13,2.61,5.2,1.31,5.41
1603886,Dimensional / Alignment,2.69,5.28,6.68,7.639,300.0,1.503,0.0,7.75,26.515,0.0,0.0,0.002,0.66,0.0,40.07,40.242,40.55,1.0,500.0,1.0,1.0,1.0,1.0,1.0,1.0,1.0,1.0,1.0,6.47,9.999,6.616,10.003,10.019,39.947,4.151,20.458,12.899,17.499,19.529,0.0,2.61,5.19,1.34,5.4350000000000005,0.13,2.61,5.2,1.31,5.41
1603886,Dimensional / Alignment,2.69,5.28,6.802,7.639,300.0,1.503,0.0,7.75,26.515,0.0,0.0,0.001,0.66,0.0,40.07,39.573,41.005,1.0,500.0,1.0,1.0,1.0,1.0,1.0,1.0,1.0,1.0,1.0,6.381,10.008,6.616,10.005,10.021,39.947,4.151,20.458,12.899,17.499,19.529,0.0,2.61,5.19,1.34,5.4350000000000005,0.13,2.61,5.2,1.31,5.41
1603886,Dimensional / Alignment,2.69,5.28,6.751,7.639,300.0,1.503,0.0,7.75,26.515,0.0,0.0,0.001,0.66,0.0,40.07,39.904,40.752,1.0,500.0,1.0,1.0,1.0,1.0,1.0,1.0,1.0,1.0,1.0,0.335,10.117,6.1,9.651,10.003,39.947,4.151,20.458,12.899,17.499,19.529,0.0,2.61,5.19,1.34,5.4350000000000005,0.13,2.61,5.2,1.31,5.41
1603886,Dimensional / Alignment,2.69,5.28,6.896,7.639,300.0,1.503,0.0,7.75,26.515,0.0,0.0,0.002,0.66,0.0,40.07,40.053,41.281,1.0,500.0,1.0,1.0,1.0,1.0,1.0,1.0,1.0,1.0,1.0,0.242,10.66,5.714,8.712,10.014,39.947,4.151,20.458,12.899,17.499,19.529,0.0,2.61,5.19,1.34,5.4350000000000005,0.13,2.61,5.2,1.31,5.41
1517844,Flex / PCB / Solder / Wiring,2.69,5.28,11.688,7.639,300.0,1.503,0.0,7.75,26.515,0.0,0.0,0.0,0.66,0.0,40.07,40.176,40.853,1.0,500.0,1.0,1.0,1.0,1.0,1.0,1.0,1.0,1.0,1.0,0.097,10.17,6.512,9.043,9.798,39.96,4.063,20.03,14.791,18.238,19.44,0.0,2.61,5.19,1.34,5.4350000000000005,0.13,2.61,5.2,1.31,5.41
1517844,Flex / PCB / Solder / Wiring,2.69,5.28,11.713,7.639,300.0,1.503,0.0,7.75,26.515,0.0,0.0,0.002,0.66,0.0,40.07,40.173,40.844,1.0,500.0,1.0,1.0,1.0,1.0,1.0,1.0,1.0,1.0,1.0,0.07,10.198,6.55,9.007,9.79,39.951,3.984,20.072,14.663,18.183,19.425,0.0,2.61,5.19,1.34,5.4350000000000005,0.13,2.61,5.2,1.31,5.41
1517844,Flex / PCB / Solder / Wiring,2.69,5.28,11.634,7.639,300.0,1.503,0.0,7.75,26.515,0.0,0.0,0.0,0.66,0.0,40.07,40.117,40.603,1.0,500.0,1.0,1.0,1.0,1.0,1.0,1.0,1.0,1.0,1.0,0.07,10.374,6.016,8.752,9.797,39.959,4.006,20.351,13.45,17.782,19.441,0.0,2.61,5.19,1.34,5.4350000000000005,0.13,2.61,5.2,1.31,5.41
1517844,Flex / PCB / Solder / Wiring,2.69,5.28,11.652,7.639,300.0,1.503,0.0,7.75,26.515,0.0,0.0,0.0,0.66,0.0,40.07,40.038,40.814,1.0,500.0,1.0,1.0,1.0,1.0,1.0,1.0,1.0,1.0,1.0,0.071,10.371,5.961,8.679,9.763,39.722,4.024,20.336,13.367,17.663,19.38,0.0,2.61,5.19,1.34,5.4350000000000005,0.13,2.61,5.2,1.31,5.41
1517844,Flex / PCB / Solder / Wiring,2.69,5.28,11.679,7.639,300.0,1.503,0.0,7.75,26.515,0.0,0.0,0.002,0.66,0.0,40.07,40.008,40.795,1.0,500.0,1.0,1.0,1.0,1.0,1.0,1.0,1.0,1.0,1.0,0.07,10.424,5.939,8.676,9.79,39.697,4.023,20.424,13.333,17.661,19.42,0.0,2.61,5.19,1.34,5.4350000000000005,0.13,2.61,5.2,1.31,5.41
1517844,Flex / PCB / Solder / Wiring,2.69,5.28,11.819,7.639,300.0,1.503,0.0,7.75,26.515,0.0,0.0,0.0,0.66,0.0,40.07,39.868,40.553,1.0,500.0,1.0,1.0,1.0,1.0,1.0,1.0,1.0,1.0,1.0,0.155,10.4,5.916,8.689,9.786,39.929,4.175,20.39,13.296,17.685,19.421,0.0,2.61,5.19,1.34,5.4350000000000005,0.13,2.61,5.2,1.31,5.41
1517844,Flex / PCB / Solder / Wiring,2.69,5.28,11.627,7.639,300.0,1.503,0.0,7.75,26.515,0.0,0.0,0.0,0.66,0.0,40.07,40.425,40.543,1.0,500.0,1.0,1.0,1.0,1.0,1.0,1.0,1.0,1.0,1.0,0.103,10.384,5.872,8.641,9.757,39.947,4.099,20.393,13.238,17.626,19.391,0.0,2.61,5.19,1.34,5.4350000000000005,0.13,2.61,5.2,1.31,5.41
1519727,Dimensional / Alignment,2.69,5.28,12.08,7.639,300.0,1.503,0.0,7.75,26.515,0.0,0.0,0.0,0.66,0.0,40.07,40.95,41.67,1.0,500.0,1.0,1.0,1.0,1.0,1.0,1.0,1.0,1.0,1.0,6.0,10.06,6.0,10.08,10.09,34.59,10.45,19.86,19.8,19.88,19.93,0.0,2.61,5.19,1.34,5.4350000000000005,0.13,2.61,5.2,1.31,5.41
1519727,Dimensional / Alignment,2.69,5.28,10.37,7.639,300.0,1.503,0.0,7.75,26.515,0.0,0.0,0.0,0.66,0.0,40.07,39.94,42.35,1.0,500.0,1.0,1.0,1.0,1.0,1.0,1.0,1.0,1.0,1.0,6.0,10.05,6.0,10.08,10.09,35.34,10.4,19.85,19.84,19.93,19.92,0.0,2.61,5.19,1.34,5.4350000000000005,0.13,2.61,5.2,1.31,5.41
1519727,Dimensional / Alignment,2.69,5.28,12.032,7.639,300.0,1.503,0.0,7.75,26.515,0.0,0.0,0.002,0.66,0.0,40.07,40.705,40.809,1.0,500.0,1.0,1.0,1.0,1.0,1.0,1.0,1.0,1.0,1.0,0.662,10.031,6.617,10.029,10.047,39.533,10.0,19.843,19.789,19.84,19.871,0.0,2.61,5.19,1.34,5.4350000000000005,0.13,2.61,5.2,1.31,5.41
1519727,Dimensional / Alignment,2.69,5.28,11.757,7.639,300.0,1.503,0.0,7.75,26.515,0.0,0.0,0.002,0.66,0.0,40.07,40.218,41.535,1.0,500.0,1.0,1.0,1.0,1.0,1.0,1.0,1.0,1.0,1.0,0.662,10.005,6.617,10.002,10.021,40.378,10.0,19.846,19.784,19.843,19.868,0.0,2.61,5.19,1.34,5.4350000000000005,0.13,2.61,5.2,1.31,5.41
1519727,Dimensional / Alignment,2.69,5.28,12.08,7.639,300.0,1.503,0.0,7.75,26.515,0.0,0.0,0.0,0.66,0.0,40.07,40.95,41.67,1.0,500.0,1.0,1.0,1.0,1.0,1.0,1.0,1.0,1.0,1.0,6.0,10.06,6.0,10.08,10.09,34.59,10.45,19.86,19.8,19.88,19.93,0.0,2.61,5.19,1.34,5.4350000000000005,0.13,2.61,5.2,1.31,5.41
1519727,Dimensional / Alignment,2.69,5.28,10.37,7.639,300.0,1.503,0.0,7.75,26.515,0.0,0.0,0.0,0.66,0.0,40.07,39.94,42.35,1.0,500.0,1.0,1.0,1.0,1.0,1.0,1.0,1.0,1.0,1.0,6.0,10.05,6.0,10.08,10.09,35.34,10.4,19.85,19.84,19.93,19.92,0.0,2.61,5.19,1.34,5.4350000000000005,0.13,2.61,5.2,1.31,5.41
1519727,Dimensional / Alignment,2.69,5.28,12.032,7.639,300.0,1.503,0.0,7.75,26.515,0.0,0.0,0.002,0.66,0.0,40.07,40.705,40.809,1.0,500.0,1.0,1.0,1.0,1.0,1.0,1.0,1.0,1.0,1.0,0.662,10.031,6.617,10.029,10.047,39.533,10.0,19.843,19.789,19.84,19.871,0.0,2.61,5.19,1.34,5.4350000000000005,0.13,2.61,5.2,1.31,5.41
1519727,Dimensional / Alignment,2.69,5.28,11.757,7.639,300.0,1.503,0.0,7.75,26.515,0.0,0.0,0.002,0.66,0.0,40.07,40.218,41.535,1.0,500.0,1.0,1.0,1.0,1.0,1.0,1.0,1.0,1.0,1.0,0.662,10.005,6.617,10.002,10.021,40.378,10.0,19.846,19.784,19.843,19.868,0.0,2.61,5.19,1.34,5.4350000000000005,0.13,2.61,5.2,1.31,5.41
1496042,ASIC / EEPROM,2.69,5.28,8.07,7.639,300.0,1.503,0.0,7.75,26.515,0.0,0.0,0.001,0.66,0.0,40.07,39.98,40.544,1.0,500.0,1.0,1.0,1.0,1.0,1.0,1.0,1.0,1.0,1.0,0.193,10.1815,5.160500000000001,8.5145,9.791,39.947,4.151,20.458,12.899,17.499,19.529,0.0,2.61,5.19,1.34,5.4350000000000005,0.13,2.61,5.2,1.31,5.41
1496042,ASIC / EEPROM,2.69,5.28,8.07,7.639,300.0,1.503,0.0,7.75,26.515,0.0,0.0,0.001,0.66,0.0,40.07,39.98,40.544,1.0,500.0,1.0,1.0,1.0,1.0,1.0,1.0,1.0,1.0,1.0,0.193,10.1815,5.160500000000001,8.5145,9.791,39.947,4.151,20.458,12.899,17.499,19.529,0.0,2.61,5.19,1.34,5.4350000000000005,0.13,2.61,5.2,1.31,5.41
1496042,ASIC / EEPROM,2.69,5.28,8.07,7.639,300.0,1.503,0.0,7.75,26.515,0.0,0.0,0.001,0.66,0.0,40.07,39.98,40.544,1.0,500.0,1.0,1.0,1.0,1.0,1.0,1.0,1.0,1.0,1.0,0.193,10.1815,5.160500000000001,8.5145,9.791,39.947,4.151,20.458,12.899,17.499,19.529,0.0,2.61,5.19,1.34,5.4350000000000005,0.13,2.61,5.2,1.31,5.41
1496042,ASIC / EEPROM,2.69,5.28,8.07,7.639,300.0,1.503,0.0,7.75,26.515,0.0,0.0,0.001,0.66,0.0,40.07,39.98,40.544,1.0,500.0,1.0,1.0,1.0,1.0,1.0,1.0,1.0,1.0,1.0,0.193,10.1815,5.160500000000001,8.5145,9.791,39.947,4.151,20.458,12.899,17.499,19.529,0.0,2.61,5.19,1.34,5.4350000000000005,0.13,2.61,5.2,1.31,5.41
1637341,Dimensional / Alignment,2.69,5.28,8.07,7.639,300.0,1.503,0.0,7.75,26.515,0.0,0.0,0.001,0.66,0.0,40.07,39.98,40.544,1.0,500.0,1.0,1.0,1.0,1.0,1.0,1.0,1.0,1.0,1.0,0.193,10.1815,5.160500000000001,8.5145,9.791,39.947,4.151,20.458,12.899,17.499,19.529,0.0,2.61,5.19,1.34,5.4350000000000005,0.13,2.61,5.2,1.31,5.41
1637341,Dimensional / Alignment,2.69,5.28,8.07,7.639,300.0,1.503,0.0,7.75,26.515,0.0,0.0,0.001,0.66,0.0,40.07,39.98,40.544,1.0,500.0,1.0,1.0,1.0,1.0,1.0,1.0,1.0,1.0,1.0,0.193,10.1815,5.160500000000001,8.5145,9.791,39.947,4.151,20.458,12.899,17.499,19.529,0.0,2.61,5.19,1.34,5.4350000000000005,0.13,2.61,5.2,1.31,5.41
1641150,Dimensional / Alignment,2.69,5.28,8.07,7.639,300.0,1.503,0.0,7.75,26.515,0.0,0.0,0.001,0.66,0.0,40.07,39.98,40.544,1.0,500.0,1.0,1.0,1.0,1.0,1.0,1.0,1.0,1.0,1.0,0.193,10.1815,5.160500000000001,8.5145,9.791,39.947,4.151,20.458,12.899,17.499,19.529,0.0,2.61,5.19,1.34,5.4350000000000005,0.13,2.61,5.2,1.31,5.41
1641150,Dimensional / Alignment,2.69,5.28,8.07,7.639,300.0,1.503,0.0,7.75,26.515,0.0,0.0,0.001,0.66,0.0,40.07,39.98,40.544,1.0,500.0,1.0,1.0,1.0,1.0,1.0,1.0,1.0,1.0,1.0,0.193,10.1815,5.160500000000001,8.5145,9.791,39.947,4.151,20.458,12.899,17.499,19.529,0.0,2.61,5.19,1.34,5.4350000000000005,0.13,2.61,5.2,1.31,5.41
1641150,Dimensional / Alignment,2.69,5.28,8.07,7.639,300.0,1.503,0.0,7.75,26.515,0.0,0.0,0.001,0.66,0.0,40.07,39.98,40.544,1.0,500.0,1.0,1.0,1.0,1.0,1.0,1.0,1.0,1.0,1.0,0.193,10.1815,5.160500000000001,8.5145,9.791,39.947,4.151,20.458,12.899,17.499,19.529,0.0,2.61,5.19,1.34,5.4350000000000005,0.13,2.61,5.2,1.31,5.41
1641150,Dimensional / Alignment,2.69,5.28,8.07,7.639,300.0,1.503,0.0,7.75,26.515,0.0,0.0,0.001,0.66,0.0,40.07,39.98,40.544,1.0,500.0,1.0,1.0,1.0,1.0,1.0,1.0,1.0,1.0,1.0,0.193,10.1815,5.160500000000001,8.5145,9.791,39.947,4.151,20.458,12.899,17.499,19.529,0.0,2.61,5.19,1.34,5.4350000000000005,0.13,2.61,5.2,1.31,5.41
1641150,Dimensional / Alignment,2.69,5.28,8.07,7.639,300.0,1.503,0.0,7.75,26.515,0.0,0.0,0.001,0.66,0.0,40.07,39.98,40.544,1.0,500.0,1.0,1.0,1.0,1.0,1.0,1.0,1.0,1.0,1.0,0.193,10.1815,5.160500000000001,8.5145,9.791,39.947,4.151,20.458,12.899,17.499,19.529,0.0,2.61,5.19,1.34,5.4350000000000005,0.13,2.61,5.2,1.31,5.41
1641150,Dimensional / Alignment,2.69,5.28,8.07,7.639,300.0,1.503,0.0,7.75,26.515,0.0,0.0,0.001,0.66,0.0,40.07,39.98,40.544,1.0,500.0,1.0,1.0,1.0,1.0,1.0,1.0,1.0,1.0,1.0,0.193,10.1815,5.160500000000001,8.5145,9.791,39.947,4.151,20.458,12.899,17.499,19.529,0.0,2.61,5.19,1.34,5.4350000000000005,0.13,2.61,5.2,1.31,5.41
1641150,Dimensional / Alignment,2.69,5.28,8.07,7.639,300.0,1.503,0.0,7.75,26.515,0.0,0.0,0.001,0.66,0.0,40.07,39.98,40.544,1.0,500.0,1.0,1.0,1.0,1.0,1.0,1.0,1.0,1.0,1.0,0.193,10.1815,5.160500000000001,8.5145,9.791,39.947,4.151,20.458,12.899,17.499,19.529,0.0,2.61,5.19,1.34,5.4350000000000005,0.13,2.61,5.2,1.31,5.41
1641150,Dimensional / Alignment,2.69,5.28,8.07,7.639,300.0,1.503,0.0,7.75,26.515,0.0,0.0,0.001,0.66,0.0,40.07,39.98,40.544,1.0,500.0,1.0,1.0,1.0,1.0,1.0,1.0,1.0,1.0,1.0,0.193,10.1815,5.160500000000001,8.5145,9.791,39.947,4.151,20.458,12.899,17.499,19.529,0.0,2.61,5.19,1.34,5.4350000000000005,0.13,2.61,5.2,1.31,5.41
1641150,Dimensional / Alignment,2.69,5.28,8.07,7.639,300.0,1.503,0.0,7.75,26.515,0.0,0.0,0.001,0.66,0.0,40.07,39.98,40.544,1.0,500.0,1.0,1.0,1.0,1.0,1.0,1.0,1.0,1.0,1.0,0.193,10.1815,5.160500000000001,8.5145,9.791,39.947,4.151,20.458,12.899,17.499,19.529,0.0,2.61,5.19,1.34,5.4350000000000005,0.13,2.61,5.2,1.31,5.41
1641150,Dimensional / Alignment,2.69,5.28,8.07,7.639,300.0,1.503,0.0,7.75,26.515,0.0,0.0,0.001,0.66,0.0,40.07,39.98,40.544,1.0,500.0,1.0,1.0,1.0,1.0,1.0,1.0,1.0,1.0,1.0,0.193,10.1815,5.160500000000001,8.5145,9.791,39.947,4.151,20.458,12.899,17.499,19.529,0.0,2.61,5.19,1.34,5.4350000000000005,0.13,2.61,5.2,1.31,5.41
1641150,Dimensional / Alignment,2.69,5.28,8.07,7.639,300.0,1.503,0.0,7.75,26.515,0.0,0.0,0.001,0.66,0.0,40.07,39.98,40.544,1.0,500.0,1.0,1.0,1.0,1.0,1.0,1.0,1.0,1.0,1.0,0.193,10.1815,5.160500000000001,8.5145,9.791,39.947,4.151,20.458,12.899,17.499,19.529,0.0,2.61,5.19,1.34,5.4350000000000005,0.13,2.61,5.2,1.31,5.41
2028090,Coil,2.69,5.28,8.07,7.639,300.0,1.503,0.0,7.75,26.515,0.0,0.0,0.001,0.66,0.0,40.07,39.98,40.544,1.0,500.0,1.0,1.0,1.0,1.0,1.0,1.0,1.0,1.0,1.0,0.193,10.1815,5.160500000000001,8.5145,9.791,39.947,4.151,20.458,12.899,17.499,19.529,0.0,2.61,5.19,1.34,5.4350000000000005,0.13,2.61,5.2,1.31,5.41
2028090,Coil,2.69,5.28,8.07,7.639,300.0,1.503,0.0,7.75,26.515,0.0,0.0,0.001,0.66,0.0,40.07,39.98,40.544,1.0,500.0,1.0,1.0,1.0,1.0,1.0,1.0,1.0,1.0,1.0,0.193,10.1815,5.160500000000001,8.5145,9.791,39.947,4.151,20.458,12.899,17.499,19.529,0.0,2.61,5.19,1.34,5.4350000000000005,0.13,2.61,5.2,1.31,5.41
2028090,Coil,2.69,5.28,8.07,7.639,300.0,1.503,0.0,7.75,26.515,0.0,0.0,0.001,0.66,0.0,40.07,39.98,40.544,1.0,500.0,1.0,1.0,1.0,1.0,1.0,1.0,1.0,1.0,1.0,0.193,10.1815,5.160500000000001,8.5145,9.791,39.947,4.151,20.458,12.899,17.499,19.529,0.0,2.61,5.19,1.34,5.4350000000000005,0.13,2.61,5.2,1.31,5.41
2028090,Coil,2.69,5.28,8.07,7.639,300.0,1.503,0.0,7.75,26.515,0.0,0.0,0.001,0.66,0.0,40.07,39.98,40.544,1.0,500.0,1.0,1.0,1.0,1.0,1.0,1.0,1.0,1.0,1.0,0.193,10.1815,5.160500000000001,8.5145,9.791,39.947,4.151,20.458,12.899,17.499,19.529,0.0,2.61,5.19,1.34,5.4350000000000005,0.13,2.61,5.2,1.31,5.41
1644415,Coil,2.69,5.28,8.07,7.639,300.0,1.503,0.0,7.75,26.515,0.0,0.0,0.001,0.66,0.0,40.07,39.98,40.544,1.0,500.0,1.0,1.0,1.0,1.0,1.0,1.0,1.0,1.0,1.0,0.193,10.1815,5.160500000000001,8.5145,9.791,39.947,4.151,20.458,12.899,17.499,19.529,0.0,2.61,5.19,1.34,5.4350000000000005,0.13,2.61,5.2,1.31,5.41
1644415,Coil,2.69,5.28,8.07,7.639,300.0,1.503,0.0,7.75,26.515,0.0,0.0,0.001,0.66,0.0,40.07,39.98,40.544,1.0,500.0,1.0,1.0,1.0,1.0,1.0,1.0,1.0,1.0,1.0,0.193,10.1815,5.160500000000001,8.5145,9.791,39.947,4.151,20.458,12.899,17.499,19.529,0.0,2.61,5.19,1.34,5.4350000000000005,0.13,2.61,5.2,1.31,5.41
1644415,Coil,2.69,5.28,8.07,7.639,300.0,1.503,0.0,7.75,26.515,0.0,0.0,0.001,0.66,0.0,40.07,39.98,40.544,1.0,500.0,1.0,1.0,1.0,1.0,1.0,1.0,1.0,1.0,1.0,0.193,10.1815,5.160500000000001,8.5145,9.791,39.947,4.151,20.458,12.899,17.499,19.529,0.0,2.61,5.19,1.34,5.4350000000000005,0.13,2.61,5.2,1.31,5.41
1644415,Coil,2.69,5.28,8.07,7.639,300.0,1.503,0.0,7.75,26.515,0.0,0.0,0.001,0.66,0.0,40.07,39.98,40.544,1.0,500.0,1.0,1.0,1.0,1.0,1.0,1.0,1.0,1.0,1.0,0.193,10.1815,5.160500000000001,8.5145,9.791,39.947,4.151,20.458,12.899,17.499,19.529,0.0,2.61,5.19,1.34,5.4350000000000005,0.13,2.61,5.2,1.31,5.41
1644415,Coil,2.69,5.28,8.07,7.639,300.0,1.503,0.0,7.75,26.515,0.0,0.0,0.001,0.66,0.0,40.07,39.98,40.544,1.0,500.0,1.0,1.0,1.0,1.0,1.0,1.0,1.0,1.0,1.0,0.193,10.1815,5.160500000000001,8.5145,9.791,39.947,4.151,20.458,12.899,17.499,19.529,0.0,2.61,5.19,1.34,5.4350000000000005,0.13,2.61,5.2,1.31,5.41
1644415,Coil,2.69,5.28,8.07,7.639,300.0,1.503,0.0,7.75,26.515,0.0,0.0,0.001,0.66,0.0,40.07,39.98,40.544,1.0,500.0,1.0,1.0,1.0,1.0,1.0,1.0,1.0,1.0,1.0,0.193,10.1815,5.160500000000001,8.5145,9.791,39.947,4.151,20.458,12.899,17.499,19.529,0.0,2.61,5.19,1.34,5.4350000000000005,0.13,2.61,5.2,1.31,5.41
1644415,Coil,2.69,5.28,8.07,7.639,300.0,1.503,0.0,7.75,26.515,0.0,0.0,0.001,0.66,0.0,40.07,39.98,40.544,1.0,500.0,1.0,1.0,1.0,1.0,1.0,1.0,1.0,1.0,1.0,0.193,10.1815,5.160500000000001,8.5145,9.791,39.947,4.151,20.458,12.899,17.499,19.529,0.0,2.61,5.19,1.34,5.4350000000000005,0.13,2.61,5.2,1.31,5.41
1644415,Coil,2.69,5.28,8.07,7.639,300.0,1.503,0.0,7.75,26.515,0.0,0.0,0.001,0.66,0.0,40.07,39.98,40.544,1.0,500.0,1.0,1.0,1.0,1.0,1.0,1.0,1.0,1.0,1.0,0.193,10.1815,5.160500000000001,8.5145,9.791,39.947,4.151,20.458,12.899,17.499,19.529,0.0,2.61,5.19,1.34,5.4350000000000005,0.13,2.61,5.2,1.31,5.41
1523562,Dimensional / Alignment,2.69,5.28,5.02,7.639,300.0,1.503,0.0,7.75,26.515,0.0,0.0,0.0,0.66,0.0,39.44,39.65,41.15,1.0,500.0,1.0,1.0,1.0,1.0,1.0,1.0,1.0,1.0,1.0,0.193,10.1815,5.160500000000001,8.5145,9.791,39.89,4.151,20.458,12.899,17.499,19.529,0.69,3.93,5.39,1.46,5.41,0.69,3.94,5.4,1.45,5.36
1523562,Dimensional / Alignment,2.69,5.28,4.99,7.639,300.0,1.503,0.0,7.75,26.515,0.0,0.0,0.0,0.66,0.0,39.53,39.92,40.89,1.0,500.0,1.0,1.0,1.0,1.0,1.0,1.0,1.0,1.0,1.0,0.193,10.1815,5.160500000000001,8.5145,9.791,39.64,4.151,20.458,12.899,17.499,19.529,0.24,3.0,5.26,1.06,5.21,0.24,3.0,5.27,1.09,5.15
1523562,Dimensional / Alignment,2.69,5.28,5.11,7.639,300.0,1.503,0.0,7.75,26.515,0.0,0.0,0.0,0.66,0.0,39.59,39.95,41.1,1.0,500.0,1.0,1.0,1.0,1.0,1.0,1.0,1.0,1.0,1.0,0.193,10.1815,5.160500000000001,8.5145,9.791,39.55,4.151,20.458,12.899,17.499,19.529,0.21,2.78,5.09,1.08,5.09,0.21,2.78,5.1,1.07,5.06
1523562,Dimensional / Alignment,2.69,5.28,5.04,7.639,300.0,1.503,0.0,7.75,26.515,0.0,0.0,0.0,0.66,0.0,39.6,40.03,41.63,1.0,500.0,1.0,1.0,1.0,1.0,1.0,1.0,1.0,1.0,1.0,0.193,10.1815,5.160500000000001,8.5145,9.791,39.24,4.151,20.458,12.899,17.499,19.529,0.11,2.57,5.34,0.96,5.31,0.11,2.57,5.35,0.99,5.28
1523562,Dimensional / Alignment,2.69,5.28,4.97,7.639,300.0,1.503,0.0,7.75,26.515,0.0,0.0,0.0,0.66,0.0,39.28,40.29,40.91,1.0,500.0,1.0,1.0,1.0,1.0,1.0,1.0,1.0,1.0,1.0,0.193,10.1815,5.160500000000001,8.5145,9.791,39.54,4.151,20.458,12.899,17.499,19.529,0.13,2.71,5.24,1.02,5.21,0.13,2.71,5.24,1.01,5.16
1576452,Dimensional / Alignment,2.69,5.28,6.872,7.639,300.0,1.503,0.0,7.75,26.515,0.0,0.0,0.001,0.66,0.0,40.07,40.118,40.948,1.0,500.0,1.0,1.0,1.0,1.0,1.0,1.0,1.0,1.0,1.0,0.238,10.251,6.257,9.378,10.01,39.947,4.151,20.458,12.899,17.499,19.529,0.0,2.61,5.19,1.34,5.4350000000000005,0.13,2.61,5.2,1.31,5.41
1576452,Dimensional / Alignment,2.69,5.28,6.946,7.639,300.0,1.503,0.0,7.75,26.515,0.0,0.0,0.001,0.66,0.0,40.07,40.281,41.278,1.0,500.0,1.0,1.0,1.0,1.0,1.0,1.0,1.0,1.0,1.0,0.257,10.64,5.899,8.795,10.026,39.947,4.151,20.458,12.899,17.499,19.529,0.0,2.61,5.19,1.34,5.4350000000000005,0.13,2.61,5.2,1.31,5.41
1576452,Dimensional / Alignment,2.69,5.28,6.873,7.639,300.0,1.503,0.0,7.75,26.515,0.0,0.0,0.001,0.66,0.0,40.07,39.631,41.497,1.0,500.0,1.0,1.0,1.0,1.0,1.0,1.0,1.0,1.0,1.0,0.171,10.58,5.889,8.781,10.009,39.947,4.151,20.458,12.899,17.499,19.529,0.0,2.61,5.19,1.34,5.4350000000000005,0.13,2.61,5.2,1.31,5.41
1576452,Dimensional / Alignment,2.69,5.28,6.893,7.639,300.0,1.503,0.0,7.75,26.515,0.0,0.0,0.002,0.66,0.0,40.07,40.312,40.58,1.0,500.0,1.0,1.0,1.0,1.0,1.0,1.0,1.0,1.0,1.0,0.21,10.612,5.885,8.765,10.005,39.947,4.151,20.458,12.899,17.499,19.529,0.0,2.61,5.19,1.34,5.4350000000000005,0.13,2.61,5.2,1.31,5.41
1576452,Dimensional / Alignment,2.69,5.28,6.926,7.639,300.0,1.503,0.0,7.75,26.515,0.0,0.0,0.001,0.66,0.0,40.07,39.741,40.928,1.0,500.0,1.0,1.0,1.0,1.0,1.0,1.0,1.0,1.0,1.0,0.234,10.649,5.87,8.767,10.02,39.947,4.151,20.458,12.899,17.499,19.529,0.0,2.61,5.19,1.34,5.4350000000000005,0.13,2.61,5.2,1.31,5.41
1576452,Dimensional / Alignment,2.69,5.28,6.866,7.639,300.0,1.503,0.0,7.75,26.515,0.0,0.0,0.001,0.66,0.0,40.07,40.506,40.256,1.0,500.0,1.0,1.0,1.0,1.0,1.0,1.0,1.0,1.0,1.0,0.193,10.684,5.85,8.759,10.018,39.947,4.151,20.458,12.899,17.499,19.529,0.0,2.61,5.19,1.34,5.4350000000000005,0.13,2.61,5.2,1.31,5.41
1576452,Dimensional / Alignment,2.69,5.28,6.839,7.639,300.0,1.503,0.0,7.75,26.515,0.0,0.0,0.001,0.66,0.0,40.07,40.595,41.323,1.0,500.0,1.0,1.0,1.0,1.0,1.0,1.0,1.0,1.0,1.0,0.248,10.775,5.806,8.762,10.075,39.947,4.151,20.458,12.899,17.499,19.529,0.0,2.61,5.19,1.34,5.4350000000000005,0.13,2.61,5.2,1.31,5.41
1576452,Dimensional / Alignment,2.69,5.28,6.971,7.639,300.0,1.503,0.0,7.75,26.515,0.0,0.0,0.002,0.66,0.0,40.07,39.543,41.116,1.0,500.0,1.0,1.0,1.0,1.0,1.0,1.0,1.0,1.0,1.0,0.274,10.673,5.774,8.73,10.034,39.947,4.151,20.458,12.899,17.499,19.529,0.0,2.61,5.19,1.34,5.4350000000000005,0.13,2.61,5.2,1.31,5.41
1576452,Dimensional / Alignment,2.69,5.28,6.986,7.639,300.0,1.503,0.0,7.75,26.515,0.0,0.0,0.001,0.66,0.0,40.07,40.317,41.045,1.0,500.0,1.0,1.0,1.0,1.0,1.0,1.0,1.0,1.0,1.0,0.273,10.71,5.754,8.722,10.024,39.947,4.151,20.458,12.899,17.499,19.529,0.0,2.61,5.19,1.34,5.4350000000000005,0.13,2.61,5.2,1.31,5.41
1576452,Dimensional / Alignment,2.69,5.28,6.89,7.639,300.0,1.503,0.0,7.75,26.515,0.0,0.0,0.001,0.66,0.0,40.07,39.643,41.167,1.0,500.0,1.0,1.0,1.0,1.0,1.0,1.0,1.0,1.0,1.0,0.211,10.63,5.74,8.669,9.952,39.947,4.151,20.458,12.899,17.499,19.529,0.0,2.61,5.19,1.34,5.4350000000000005,0.13,2.61,5.2,1.31,5.41
1576452,Dimensional / Alignment,2.69,5.28,6.772,7.639,300.0,1.503,0.0,7.75,26.515,0.0,0.0,0.001,0.66,0.0,40.07,40.401,40.899,1.0,500.0,1.0,1.0,1.0,1.0,1.0,1.0,1.0,1.0,1.0,0.227,10.777,5.708,8.698,10.044,39.947,4.151,20.458,12.899,17.499,19.529,0.0,2.61,5.19,1.34,5.4350000000000005,0.13,2.61,5.2,1.31,5.41
1576452,Dimensional / Alignment,2.69,5.28,7.003,7.639,300.0,1.503,0.0,7.75,26.515,0.0,0.0,0.001,0.66,0.0,40.07,40.156,40.798,1.0,500.0,1.0,1.0,1.0,1.0,1.0,1.0,1.0,1.0,1.0,0.184,10.736,5.682,8.729,10.076,39.947,4.151,20.458,12.899,17.499,19.529,0.0,2.61,5.19,1.34,5.4350000000000005,0.13,2.61,5.2,1.31,5.41
1576452,Dimensional / Alignment,2.69,5.28,7.053,7.639,300.0,1.503,0.0,7.75,26.515,0.0,0.0,0.001,0.66,0.0,40.07,40.582,40.979,1.0,500.0,1.0,1.0,1.0,1.0,1.0,1.0,1.0,1.0,1.0,0.194,10.708,5.692,8.714,10.057,39.947,4.151,20.458,12.899,17.499,19.529,0.0,2.61,5.19,1.34,5.4350000000000005,0.13,2.61,5.2,1.31,5.41
1584147,Dimensional / Alignment,2.69,5.28,6.94,7.639,300.0,1.503,0.0,7.75,26.515,0.0,0.0,0.04,0.66,0.0,40.07,39.97,41.49,1.0,500.0,1.0,1.0,1.0,1.0,1.0,1.0,1.0,1.0,1.0,5.57,10.02,5.97,10.01,10.01,39.947,4.151,20.458,12.899,17.499,19.529,0.0,2.61,5.19,1.34,5.4350000000000005,0.13,2.61,5.2,1.31,5.41
1584147,Dimensional / Alignment,2.69,5.28,6.88,7.639,300.0,1.503,0.0,7.75,26.515,0.0,0.0,0.04,0.66,0.0,40.07,40.27,41.5,1.0,500.0,1.0,1.0,1.0,1.0,1.0,1.0,1.0,1.0,1.0,0.24,10.59,5.93,8.78,9.98,39.947,4.151,20.458,12.899,17.499,19.529,0.0,2.61,5.19,1.34,5.4350000000000005,0.13,2.61,5.2,1.31,5.41
1584147,Dimensional / Alignment,2.69,5.28,6.87,7.639,300.0,1.503,0.0,7.75,26.515,0.0,0.0,0.04,0.66,0.0,40.07,39.82,41.22,1.0,500.0,1.0,1.0,1.0,1.0,1.0,1.0,1.0,1.0,1.0,0.23,10.69,5.83,8.73,10.01,39.947,4.151,20.458,12.899,17.499,19.529,0.0,2.61,5.19,1.34,5.4350000000000005,0.13,2.61,5.2,1.31,5.41
1584147,Dimensional / Alignment,2.69,5.28,6.92,7.639,300.0,1.503,0.0,7.75,26.515,0.0,0.0,0.04,0.66,0.0,40.07,39.87,41.66,1.0,500.0,1.0,1.0,1.0,1.0,1.0,1.0,1.0,1.0,1.0,0.25,10.72,5.82,8.71,9.99,39.947,4.151,20.458,12.899,17.499,19.529,0.0,2.61,5.19,1.34,5.4350000000000005,0.13,2.61,5.2,1.31,5.41
1584147,Dimensional / Alignment,2.69,5.28,6.88,7.639,300.0,1.503,0.0,7.75,26.515,0.0,0.0,0.04,0.66,0.0,40.07,40.37,42.03,1.0,500.0,1.0,1.0,1.0,1.0,1.0,1.0,1.0,1.0,1.0,0.29,10.64,5.8,8.68,9.95,39.947,4.151,20.458,12.899,17.499,19.529,0.0,2.61,5.19,1.34,5.4350000000000005,0.13,2.61,5.2,1.31,5.41
1584147,Dimensional / Alignment,2.69,5.28,6.87,7.639,300.0,1.503,0.0,7.75,26.515,0.0,0.0,0.04,0.66,0.0,40.07,40.65,41.17,1.0,500.0,1.0,1.0,1.0,1.0,1.0,1.0,1.0,1.0,1.0,0.28,10.66,5.71,8.63,9.93,39.947,4.151,20.458,12.899,17.499,19.529,0.0,2.61,5.19,1.34,5.4350000000000005,0.13,2.61,5.2,1.31,5.41
2009460,ASIC / EEPROM,2.69,5.28,8.07,7.639,300.0,1.503,0.0,7.75,26.515,0.0,0.0,0.001,0.66,0.0,40.07,39.98,40.544,1.0,500.0,1.0,1.0,1.0,1.0,1.0,1.0,1.0,1.0,1.0,0.193,10.1815,5.160500000000001,8.5145,9.791,39.947,4.151,20.458,12.899,17.499,19.529,0.0,2.61,5.19,1.34,5.4350000000000005,0.13,2.61,5.2,1.31,5.41
2009460,ASIC / EEPROM,2.69,5.28,8.07,7.639,300.0,1.503,0.0,7.75,26.515,0.0,0.0,0.001,0.66,0.0,40.07,39.98,40.544,1.0,500.0,1.0,1.0,1.0,1.0,1.0,1.0,1.0,1.0,1.0,0.193,10.1815,5.160500000000001,8.5145,9.791,39.947,4.151,20.458,12.899,17.499,19.529,0.0,2.61,5.19,1.34,5.4350000000000005,0.13,2.61,5.2,1.31,5.41
2009460,ASIC / EEPROM,2.69,5.28,8.07,7.639,300.0,1.503,0.0,7.75,26.515,0.0,0.0,0.001,0.66,0.0,40.07,39.98,40.544,1.0,500.0,1.0,1.0,1.0,1.0,1.0,1.0,1.0,1.0,1.0,0.193,10.1815,5.160500000000001,8.5145,9.791,39.947,4.151,20.458,12.899,17.499,19.529,0.0,2.61,5.19,1.34,5.4350000000000005,0.13,2.61,5.2,1.31,5.41
2009460,ASIC / EEPROM,2.69,5.28,8.07,7.639,300.0,1.503,0.0,7.75,26.515,0.0,0.0,0.001,0.66,0.0,40.07,39.98,40.544,1.0,500.0,1.0,1.0,1.0,1.0,1.0,1.0,1.0,1.0,1.0,0.193,10.1815,5.160500000000001,8.5145,9.791,39.947,4.151,20.458,12.899,17.499,19.529,0.0,2.61,5.19,1.34,5.4350000000000005,0.13,2.61,5.2,1.31,5.41
2009460,ASIC / EEPROM,2.69,5.28,8.07,7.639,300.0,1.503,0.0,7.75,26.515,0.0,0.0,0.001,0.66,0.0,40.07,39.98,40.544,1.0,500.0,1.0,1.0,1.0,1.0,1.0,1.0,1.0,1.0,1.0,0.193,10.1815,5.160500000000001,8.5145,9.791,39.947,4.151,20.458,12.899,17.499,19.529,0.0,2.61,5.19,1.34,5.4350000000000005,0.13,2.61,5.2,1.31,5.41
2033535,Other / Minor Defects,2.69,5.28,8.07,7.639,300.0,1.503,0.0,7.75,26.515,0.0,0.0,0.001,0.66,0.0,40.07,39.98,40.544,1.0,500.0,1.0,1.0,1.0,1.0,1.0,1.0,1.0,0.0,1.0,0.193,10.1815,5.160500000000001,8.5145,9.791,39.947,4.151,20.458,12.899,17.499,19.529,0.0,2.61,5.19,1.34,5.4350000000000005,0.13,2.61,5.2,1.31,5.41
2033535,Other / Minor Defects,2.69,5.28,8.07,7.639,300.0,1.503,0.0,7.75,26.515,0.0,0.0,0.001,0.66,0.0,40.07,39.98,40.544,1.0,500.0,1.0,1.0,1.0,1.0,1.0,1.0,1.0,1.0,1.0,0.193,10.1815,5.160500000000001,8.5145,9.791,39.947,4.151,20.458,12.899,17.499,19.529,0.0,2.61,5.19,1.34,5.4350000000000005,0.13,2.61,5.2,1.31,5.41
1639875,Dimensional / Alignment,2.69,5.28,6.936,7.639,300.0,1.503,0.0,7.75,26.515,0.0,0.0,0.0,0.66,0.0,40.07,39.901,39.999,1.0,500.0,1.0,1.0,1.0,1.0,1.0,1.0,1.0,1.0,1.0,2.196,10.047,6.614,9.914,10.018,39.947,4.151,20.458,12.899,17.499,19.529,0.0,2.61,5.19,1.34,5.4350000000000005,0.13,2.61,5.2,1.31,5.41
1639875,Dimensional / Alignment,2.69,5.28,6.808,7.639,300.0,1.503,0.0,7.75,26.515,0.0,0.0,0.0,0.66,0.0,40.07,39.787,40.323,1.0,500.0,1.0,1.0,1.0,1.0,1.0,1.0,1.0,1.0,1.0,0.796,10.108,6.427,9.818,10.03,39.947,4.151,20.458,12.899,17.499,19.529,0.0,2.61,5.19,1.34,5.4350000000000005,0.13,2.61,5.2,1.31,5.41
1639875,Dimensional / Alignment,2.69,5.28,6.842,7.639,300.0,1.503,0.0,7.75,26.515,0.0,0.0,0.001,0.66,0.0,40.07,40.127,40.677,1.0,500.0,1.0,1.0,1.0,1.0,1.0,1.0,1.0,1.0,1.0,0.158,10.617,6.143,9.103,10.136,39.947,4.151,20.458,12.899,17.499,19.529,0.0,2.61,5.19,1.34,5.4350000000000005,0.13,2.61,5.2,1.31,5.41
1639875,Dimensional / Alignment,2.69,5.28,6.783,7.639,300.0,1.503,0.0,7.75,26.515,0.0,0.0,0.001,0.66,0.0,40.07,40.214,40.246,1.0,500.0,1.0,1.0,1.0,1.0,1.0,1.0,1.0,1.0,1.0,0.239,10.59,5.968,8.863,10.041,39.947,4.151,20.458,12.899,17.499,19.529,0.0,2.61,5.19,1.34,5.4350000000000005,0.13,2.61,5.2,1.31,5.41
1639875,Dimensional / Alignment,2.69,5.28,6.916,7.639,300.0,1.503,0.0,7.75,26.515,0.0,0.0,0.001,0.66,0.0,40.07,39.753,40.525,1.0,500.0,1.0,1.0,1.0,1.0,1.0,1.0,1.0,1.0,1.0,0.201,10.605,5.884,8.79,9.996,39.947,4.151,20.458,12.899,17.499,19.529,0.0,2.61,5.19,1.34,5.4350000000000005,0.13,2.61,5.2,1.31,5.41
1639875,Dimensional / Alignment,2.69,5.28,6.831,7.639,300.0,1.503,0.0,7.75,26.515,0.0,0.0,0.001,0.66,0.0,40.07,40.032,40.878,1.0,500.0,1.0,1.0,1.0,1.0,1.0,1.0,1.0,1.0,1.0,0.221,10.588,5.832,8.765,9.994,39.947,4.151,20.458,12.899,17.499,19.529,0.0,2.61,5.19,1.34,5.4350000000000005,0.13,2.61,5.2,1.31,5.41
1653820,Flex / PCB / Solder / Wiring,2.69,5.28,8.092,7.639,300.0,1.503,0.0,7.75,26.515,0.0,0.0,0.001,0.66,0.0,40.07,39.747,40.263,1.0,500.0,1.0,1.0,1.0,1.0,1.0,1.0,1.0,1.0,1.0,0.05,5.288,2.515,4.183,4.915,36.75,0.868,5.135,2.868,4.229,4.826,0.0,2.61,5.19,1.34,5.4350000000000005,0.13,2.61,5.2,1.31,5.41
1653820,Flex / PCB / Solder / Wiring,2.69,5.28,8.152,7.639,300.0,1.503,0.0,7.75,26.515,0.0,0.0,0.0,0.66,0.0,40.07,39.144,39.81,1.0,500.0,1.0,1.0,1.0,1.0,1.0,1.0,1.0,1.0,1.0,0.12,5.195,2.852,4.379,4.924,39.222,0.922,5.02,3.124,4.359,4.803,0.0,2.61,5.19,1.34,5.4350000000000005,0.13,2.61,5.2,1.31,5.41
1653820,Flex / PCB / Solder / Wiring,2.69,5.28,8.07,7.639,300.0,1.503,0.0,7.75,26.515,0.0,0.0,0.001,0.66,0.0,40.07,39.98,40.544,1.0,500.0,1.0,1.0,1.0,1.0,1.0,1.0,1.0,1.0,1.0,0.193,10.1815,5.160500000000001,8.5145,9.791,39.947,4.151,20.458,12.899,17.499,19.529,0.0,2.61,5.19,1.34,5.4350000000000005,0.13,2.61,5.2,1.31,5.41
1479033,Flex / PCB / Solder / Wiring,2.87,7.108,34.448,36.35,277.135,1.736,0.0,7.75,26.558,0.0,0.0,0.008,0.659,0.003,39.865,23.213,39.333,1.0,500.0,1.0,1.0,1.0,1.0,1.0,1.0,1.0,1.0,1.0,0.193,10.1815,5.160500000000001,8.5145,9.791,39.947,4.151,20.458,12.899,17.499,19.529,0.0,2.61,5.19,1.34,5.4350000000000005,0.13,2.61,5.2,1.31,5.41
1479033,Flex / PCB / Solder / Wiring,2.69,5.28,8.07,7.639,300.0,1.503,0.0,7.75,26.515,0.0,0.0,0.001,0.66,0.0,40.07,39.98,40.544,1.0,500.0,1.0,1.0,1.0,1.0,1.0,1.0,1.0,1.0,1.0,0.193,10.1815,5.160500000000001,8.5145,9.791,39.947,4.151,20.458,12.899,17.499,19.529,0.0,2.61,5.19,1.34,5.4350000000000005,0.13,2.61,5.2,1.31,5.41
1479033,Flex / PCB / Solder / Wiring,2.69,5.28,8.07,7.639,300.0,1.503,0.0,7.75,26.515,0.0,0.0,0.001,0.66,0.0,40.07,39.98,40.544,1.0,500.0,1.0,1.0,1.0,1.0,1.0,1.0,1.0,1.0,1.0,0.193,10.1815,5.160500000000001,8.5145,9.791,39.947,4.151,20.458,12.899,17.499,19.529,0.0,2.61,5.19,1.34,5.4350000000000005,0.13,2.61,5.2,1.31,5.41
1479033,Flex / PCB / Solder / Wiring,2.87,7.108,34.448,36.35,277.135,1.736,0.0,7.75,26.558,0.0,0.0,0.008,0.659,0.003,39.865,23.213,39.333,1.0,500.0,1.0,1.0,1.0,1.0,1.0,1.0,1.0,1.0,1.0,0.193,10.1815,5.160500000000001,8.5145,9.791,39.947,4.151,20.458,12.899,17.499,19.529,0.0,2.61,5.19,1.34,5.4350000000000005,0.13,2.61,5.2,1.31,5.41
1479033,Flex / PCB / Solder / Wiring,2.69,5.28,8.07,7.639,300.0,1.503,0.0,7.75,26.515,0.0,0.0,0.001,0.66,0.0,40.07,39.98,40.544,1.0,500.0,1.0,1.0,1.0,1.0,1.0,1.0,1.0,1.0,1.0,0.193,10.1815,5.160500000000001,8.5145,9.791,39.947,4.151,20.458,12.899,17.499,19.529,0.0,2.61,5.19,1.34,5.4350000000000005,0.13,2.61,5.2,1.31,5.41
1479033,Flex / PCB / Solder / Wiring,2.69,5.28,8.07,7.639,300.0,1.503,0.0,7.75,26.515,0.0,0.0,0.001,0.66,0.0,40.07,39.98,40.544,1.0,500.0,1.0,1.0,1.0,1.0,1.0,1.0,1.0,1.0,1.0,0.193,10.1815,5.160500000000001,8.5145,9.791,39.947,4.151,20.458,12.899,17.499,19.529,0.0,2.61,5.19,1.34,5.4350000000000005,0.13,2.61,5.2,1.31,5.41
1479033,Flex / PCB / Solder / Wiring,2.87,7.108,34.448,36.35,277.135,1.736,0.0,7.75,26.558,0.0,0.0,0.008,0.659,0.003,39.865,23.213,39.333,1.0,500.0,1.0,1.0,1.0,1.0,1.0,1.0,1.0,1.0,1.0,0.193,10.1815,5.160500000000001,8.5145,9.791,39.947,4.151,20.458,12.899,17.499,19.529,0.0,2.61,5.19,1.34,5.4350000000000005,0.13,2.61,5.2,1.31,5.41
1479033,Flex / PCB / Solder / Wiring,2.69,5.28,8.07,7.639,300.0,1.503,0.0,7.75,26.515,0.0,0.0,0.001,0.66,0.0,40.07,39.98,40.544,1.0,500.0,1.0,1.0,1.0,1.0,1.0,1.0,1.0,1.0,1.0,0.193,10.1815,5.160500000000001,8.5145,9.791,39.947,4.151,20.458,12.899,17.499,19.529,0.0,2.61,5.19,1.34,5.4350000000000005,0.13,2.61,5.2,1.31,5.41
1479033,Flex / PCB / Solder / Wiring,2.69,5.28,8.07,7.639,300.0,1.503,0.0,7.75,26.515,0.0,0.0,0.001,0.66,0.0,40.07,39.98,40.544,1.0,500.0,1.0,1.0,1.0,1.0,1.0,1.0,1.0,1.0,1.0,0.193,10.1815,5.160500000000001,8.5145,9.791,39.947,4.151,20.458,12.899,17.499,19.529,0.0,2.61,5.19,1.34,5.4350000000000005,0.13,2.61,5.2,1.31,5.41
1479033,Flex / PCB / Solder / Wiring,2.87,7.108,34.448,36.35,277.135,1.736,0.0,7.75,26.558,0.0,0.0,0.008,0.659,0.003,39.865,23.213,39.333,1.0,500.0,1.0,1.0,1.0,1.0,1.0,1.0,1.0,1.0,1.0,0.193,10.1815,5.160500000000001,8.5145,9.791,39.947,4.151,20.458,12.899,17.499,19.529,0.0,2.61,5.19,1.34,5.4350000000000005,0.13,2.61,5.2,1.31,5.41
1479033,Flex / PCB / Solder / Wiring,2.69,5.28,8.07,7.639,300.0,1.503,0.0,7.75,26.515,0.0,0.0,0.001,0.66,0.0,40.07,39.98,40.544,1.0,500.0,1.0,1.0,1.0,1.0,1.0,1.0,1.0,1.0,1.0,0.193,10.1815,5.160500000000001,8.5145,9.791,39.947,4.151,20.458,12.899,17.499,19.529,0.0,2.61,5.19,1.34,5.4350000000000005,0.13,2.61,5.2,1.31,5.41
1479033,Flex / PCB / Solder / Wiring,2.69,5.28,8.07,7.639,300.0,1.503,0.0,7.75,26.515,0.0,0.0,0.001,0.66,0.0,40.07,39.98,40.544,1.0,500.0,1.0,1.0,1.0,1.0,1.0,1.0,1.0,1.0,1.0,0.193,10.1815,5.160500000000001,8.5145,9.791,39.947,4.151,20.458,12.899,17.499,19.529,0.0,2.61,5.19,1.34,5.4350000000000005,0.13,2.61,5.2,1.31,5.41
1682220,ASIC / EEPROM,2.69,5.28,8.07,7.639,300.0,1.503,0.0,7.75,26.515,0.0,0.0,0.001,0.66,0.0,40.07,39.98,40.544,1.0,500.0,1.0,1.0,1.0,1.0,1.0,1.0,1.0,1.0,1.0,0.193,10.1815,5.160500000000001,8.5145,9.791,39.947,4.151,20.458,12.899,17.499,19.529,0.0,2.61,5.19,1.34,5.4350000000000005,0.13,2.61,5.2,1.31,5.41
1653723,Coil,2.69,5.28,8.07,7.639,300.0,1.503,0.0,7.75,26.515,0.0,0.0,0.001,0.66,0.0,40.07,39.98,40.544,1.0,500.0,1.0,1.0,1.0,1.0,1.0,1.0,1.0,1.0,1.0,0.193,10.1815,5.160500000000001,8.5145,9.791,39.947,4.151,20.458,12.899,17.499,19.529,0.0,2.61,5.19,1.34,5.4350000000000005,0.13,2.61,5.2,1.31,5.41
1653723,Coil,2.69,5.28,8.07,7.639,300.0,1.503,0.0,7.75,26.515,0.0,0.0,0.001,0.66,0.0,40.07,39.98,40.544,1.0,500.0,1.0,1.0,1.0,1.0,1.0,1.0,1.0,1.0,1.0,0.193,10.1815,5.160500000000001,8.5145,9.791,39.947,4.151,20.458,12.899,17.499,19.529,0.0,2.61,5.19,1.34,5.4350000000000005,0.13,2.61,5.2,1.31,5.41
1653723,Coil,2.69,5.28,8.07,7.639,300.0,1.503,0.0,7.75,26.515,0.0,0.0,0.001,0.66,0.0,40.07,39.98,40.544,1.0,500.0,1.0,1.0,1.0,1.0,1.0,1.0,1.0,1.0,1.0,0.193,10.1815,5.160500000000001,8.5145,9.791,39.947,4.151,20.458,12.899,17.499,19.529,0.0,2.61,5.19,1.34,5.4350000000000005,0.13,2.61,5.2,1.31,5.41
1653723,Coil,2.69,5.28,8.07,7.639,300.0,1.503,0.0,7.75,26.515,0.0,0.0,0.001,0.66,0.0,40.07,39.98,40.544,1.0,500.0,1.0,1.0,1.0,1.0,1.0,1.0,1.0,1.0,1.0,0.193,10.1815,5.160500000000001,8.5145,9.791,39.947,4.151,20.458,12.899,17.499,19.529,0.0,2.61,5.19,1.34,5.4350000000000005,0.13,2.61,5.2,1.31,5.41
1653723,Coil,2.69,5.28,8.07,7.639,300.0,1.503,0.0,7.75,26.515,0.0,0.0,0.001,0.66,0.0,40.07,39.98,40.544,1.0,500.0,1.0,1.0,1.0,1.0,1.0,1.0,1.0,1.0,1.0,0.193,10.1815,5.160500000000001,8.5145,9.791,39.947,4.151,20.458,12.899,17.499,19.529,0.0,2.61,5.19,1.34,5.4350000000000005,0.13,2.61,5.2,1.31,5.41
1653723,Coil,2.69,5.28,8.07,7.639,300.0,1.503,0.0,7.75,26.515,0.0,0.0,0.001,0.66,0.0,40.07,39.98,40.544,1.0,500.0,1.0,1.0,1.0,1.0,1.0,1.0,1.0,1.0,1.0,0.193,10.1815,5.160500000000001,8.5145,9.791,39.947,4.151,20.458,12.899,17.499,19.529,0.0,2.61,5.19,1.34,5.4350000000000005,0.13,2.61,5.2,1.31,5.41
1653723,Coil,2.69,5.28,8.07,7.639,300.0,1.503,0.0,7.75,26.515,0.0,0.0,0.001,0.66,0.0,40.07,39.98,40.544,1.0,500.0,1.0,1.0,1.0,1.0,1.0,1.0,1.0,1.0,1.0,0.193,10.1815,5.160500000000001,8.5145,9.791,39.947,4.151,20.458,12.899,17.499,19.529,0.0,2.61,5.19,1.34,5.4350000000000005,0.13,2.61,5.2,1.31,5.41
1653723,Coil,2.69,5.28,8.07,7.639,300.0,1.503,0.0,7.75,26.515,0.0,0.0,0.001,0.66,0.0,40.07,39.98,40.544,1.0,500.0,1.0,1.0,1.0,1.0,1.0,1.0,1.0,1.0,1.0,0.193,10.1815,5.160500000000001,8.5145,9.791,39.947,4.151,20.458,12.899,17.499,19.529,0.0,2.61,5.19,1.34,5.4350000000000005,0.13,2.61,5.2,1.31,5.41
1532565,Dimensional / Alignment,2.69,5.28,6.76,7.639,300.0,1.503,0.0,7.75,26.515,0.0,0.0,0.0,0.66,0.0,40.07,39.66,40.33,1.0,500.0,1.0,1.0,1.0,1.0,1.0,1.0,1.0,1.0,1.0,3.47,10.0,5.99,9.94,9.99,39.947,4.151,20.458,12.899,17.499,19.529,0.0,2.61,5.19,1.34,5.4350000000000005,0.13,2.61,5.2,1.31,5.41
1532565,Dimensional / Alignment,2.69,5.28,6.84,7.639,300.0,1.503,0.0,7.75,26.515,0.0,0.0,0.0,0.66,0.0,40.07,39.62,40.68,1.0,500.0,1.0,1.0,1.0,1.0,1.0,1.0,1.0,1.0,1.0,1.04,10.09,5.99,9.71,9.98,39.947,4.151,20.458,12.899,17.499,19.529,0.0,2.61,5.19,1.34,5.4350000000000005,0.13,2.61,5.2,1.31,5.41
1532565,Dimensional / Alignment,2.69,5.28,6.83,7.639,300.0,1.503,0.0,7.75,26.515,0.0,0.0,0.0,0.66,0.0,40.07,39.67,40.67,1.0,500.0,1.0,1.0,1.0,1.0,1.0,1.0,1.0,1.0,1.0,0.4,10.22,5.99,9.23,9.9,39.947,4.151,20.458,12.899,17.499,19.529,0.0,2.61,5.19,1.34,5.4350000000000005,0.13,2.61,5.2,1.31,5.41
1532565,Dimensional / Alignment,2.69,5.28,6.77,7.639,300.0,1.503,0.0,7.75,26.515,0.0,0.0,0.0,0.66,0.0,40.07,39.59,40.92,1.0,500.0,1.0,1.0,1.0,1.0,1.0,1.0,1.0,1.0,1.0,0.36,10.54,5.99,8.87,9.97,39.947,4.151,20.458,12.899,17.499,19.529,0.0,2.61,5.19,1.34,5.4350000000000005,0.13,2.61,5.2,1.31,5.41
1532565,Dimensional / Alignment,2.69,5.28,6.9,7.639,300.0,1.503,0.0,7.75,26.515,0.0,0.0,0.0,0.66,0.0,40.07,39.54,40.3,1.0,500.0,1.0,1.0,1.0,1.0,1.0,1.0,1.0,1.0,1.0,0.21,10.63,5.82,8.69,9.98,39.947,4.151,20.458,12.899,17.499,19.529,0.0,2.61,5.19,1.34,5.4350000000000005,0.13,2.61,5.2,1.31,5.41
1593693,Coil,2.69,5.28,8.07,7.639,300.0,1.503,0.0,7.75,26.515,0.0,0.0,0.001,0.66,0.0,40.07,39.98,40.544,1.0,500.0,1.0,1.0,1.0,1.0,1.0,1.0,1.0,1.0,1.0,0.193,10.1815,5.160500000000001,8.5145,9.791,39.947,4.151,20.458,12.899,17.499,19.529,0.0,2.61,5.19,1.34,5.4350000000000005,0.13,2.61,5.2,1.31,5.41
1593693,Coil,2.69,5.28,8.07,7.639,300.0,1.503,0.0,7.75,26.515,0.0,0.0,0.001,0.66,0.0,40.07,39.98,40.544,1.0,500.0,1.0,1.0,1.0,1.0,1.0,1.0,1.0,1.0,1.0,0.193,10.1815,5.160500000000001,8.5145,9.791,39.947,4.151,20.458,12.899,17.499,19.529,0.0,2.61,5.19,1.34,5.4350000000000005,0.13,2.61,5.2,1.31,5.41
1593693,Coil,2.69,5.28,8.07,7.639,300.0,1.503,0.0,7.75,26.515,0.0,0.0,0.001,0.66,0.0,40.07,39.98,40.544,1.0,500.0,1.0,1.0,1.0,1.0,1.0,1.0,1.0,1.0,1.0,0.193,10.1815,5.160500000000001,8.5145,9.791,39.947,4.151,20.458,12.899,17.499,19.529,0.0,2.61,5.19,1.34,5.4350000000000005,0.13,2.61,5.2,1.31,5.41
1593693,Coil,2.69,5.28,8.07,7.639,300.0,1.503,0.0,7.75,26.515,0.0,0.0,0.001,0.66,0.0,40.07,39.98,40.544,1.0,500.0,1.0,1.0,1.0,1.0,1.0,1.0,1.0,1.0,1.0,0.193,10.1815,5.160500000000001,8.5145,9.791,39.947,4.151,20.458,12.899,17.499,19.529,0.0,2.61,5.19,1.34,5.4350000000000005,0.13,2.61,5.2,1.31,5.41
1593693,Coil,2.69,5.28,8.07,7.639,300.0,1.503,0.0,7.75,26.515,0.0,0.0,0.001,0.66,0.0,40.07,39.98,40.544,1.0,500.0,1.0,1.0,1.0,1.0,1.0,1.0,1.0,1.0,1.0,0.193,10.1815,5.160500000000001,8.5145,9.791,39.947,4.151,20.458,12.899,17.499,19.529,0.0,2.61,5.19,1.34,5.4350000000000005,0.13,2.61,5.2,1.31,5.41
1593693,Coil,2.69,5.28,8.07,7.639,300.0,1.503,0.0,7.75,26.515,0.0,0.0,0.001,0.66,0.0,40.07,39.98,40.544,1.0,500.0,1.0,1.0,1.0,1.0,1.0,1.0,1.0,1.0,1.0,0.193,10.1815,5.160500000000001,8.5145,9.791,39.947,4.151,20.458,12.899,17.499,19.529,0.0,2.61,5.19,1.34,5.4350000000000005,0.13,2.61,5.2,1.31,5.41
1577079,Dimensional / Alignment,2.75,-0.27,5.36,7.61,0.0,0.0,0.0,9.8,360.0,0.0,0.0,0.0,0.66,0.0,39.99,36.61,40.21,1.0,500.0,1.0,1.0,1.0,1.0,1.0,1.0,1.0,1.0,1.0,0.193,10.1815,5.160500000000001,8.5145,9.791,39.947,4.151,20.458,12.899,17.499,19.529,0.0,2.61,5.19,1.34,5.4350000000000005,0.13,2.61,5.2,1.31,5.41
1548566,Flex / PCB / Solder / Wiring,2.69,5.28,8.07,7.639,300.0,1.503,0.0,7.75,26.515,0.0,0.0,0.001,0.66,0.0,40.07,39.98,40.544,1.0,500.0,1.0,1.0,1.0,1.0,1.0,1.0,1.0,1.0,1.0,0.193,10.1815,5.160500000000001,8.5145,9.791,39.947,4.151,20.458,12.899,17.499,19.529,0.0,2.61,5.19,1.34,5.4350000000000005,0.13,2.61,5.2,1.31,5.41
1548566,Flex / PCB / Solder / Wiring,2.69,5.28,8.07,7.639,300.0,1.503,0.0,7.75,26.515,0.0,0.0,0.001,0.66,0.0,40.07,39.98,40.544,1.0,500.0,1.0,1.0,1.0,1.0,1.0,1.0,1.0,1.0,1.0,0.193,10.1815,5.160500000000001,8.5145,9.791,39.947,4.151,20.458,12.899,17.499,19.529,0.0,2.61,5.19,1.34,5.4350000000000005,0.13,2.61,5.2,1.31,5.41
1548566,Flex / PCB / Solder / Wiring,2.69,5.28,8.07,7.639,300.0,1.503,0.0,7.75,26.515,0.0,0.0,0.001,0.66,0.0,40.07,39.98,40.544,1.0,500.0,1.0,1.0,1.0,1.0,1.0,1.0,1.0,1.0,1.0,0.193,10.1815,5.160500000000001,8.5145,9.791,39.947,4.151,20.458,12.899,17.499,19.529,0.0,2.61,5.19,1.34,5.4350000000000005,0.13,2.61,5.2,1.31,5.41
1548566,Other / Minor Defects,2.921,6.813,8.277,7.616,291.722,1.286,0.0,7.75,26.613,0.0,0.0,0.005,0.66,0.003,40.053,41.036,40.088,1.0,500.0,1.0,1.0,1.0,1.0,1.0,1.0,1.0,1.0,1.0,0.193,10.1815,5.160500000000001,8.5145,9.791,39.947,4.151,20.458,12.899,17.499,19.529,0.0,2.61,5.19,1.34,5.4350000000000005,0.13,2.61,5.2,1.31,5.41
1548566,Other / Minor Defects,2.941,7.174,8.152,7.461,277.83,1.302,0.0,7.75,26.375,0.0,0.0,0.006,0.66,0.003,40.332,41.552,40.388,1.0,500.0,1.0,1.0,1.0,1.0,1.0,1.0,1.0,1.0,1.0,0.193,10.1815,5.160500000000001,8.5145,9.791,39.947,4.151,20.458,12.899,17.499,19.529,0.0,2.61,5.19,1.34,5.4350000000000005,0.13,2.61,5.2,1.31,5.41
1548566,Other / Minor Defects,2.905,6.919,8.281,7.582,277.83,1.284,0.0,7.75,26.451,0.0,0.0,0.006,0.66,0.004,40.109,41.189,40.809,1.0,500.0,1.0,1.0,1.0,1.0,1.0,1.0,1.0,1.0,1.0,0.193,10.1815,5.160500000000001,8.5145,9.791,39.947,4.151,20.458,12.899,17.499,19.529,0.0,2.61,5.19,1.34,5.4350000000000005,0.13,2.61,5.2,1.31,5.41
1548566,Other / Minor Defects,2.921,6.813,8.277,7.616,291.722,1.286,0.0,7.75,26.613,0.0,0.0,0.005,0.66,0.003,40.053,41.036,40.088,1.0,500.0,1.0,1.0,1.0,1.0,1.0,1.0,1.0,1.0,1.0,0.193,10.1815,5.160500000000001,8.5145,9.791,39.947,4.151,20.458,12.899,17.499,19.529,0.0,2.61,5.19,1.34,5.4350000000000005,0.13,2.61,5.2,1.31,5.41
1548566,Other / Minor Defects,2.941,7.174,8.152,7.461,277.83,1.302,0.0,7.75,26.375,0.0,0.0,0.006,0.66,0.003,40.332,41.552,40.388,1.0,500.0,1.0,1.0,1.0,1.0,1.0,1.0,1.0,1.0,1.0,0.193,10.1815,5.160500000000001,8.5145,9.791,39.947,4.151,20.458,12.899,17.499,19.529,0.0,2.61,5.19,1.34,5.4350000000000005,0.13,2.61,5.2,1.31,5.41
1548566,Other / Minor Defects,2.905,6.919,8.281,7.582,277.83,1.284,0.0,7.75,26.451,0.0,0.0,0.006,0.66,0.004,40.109,41.189,40.809,1.0,500.0,1.0,1.0,1.0,1.0,1.0,1.0,1.0,1.0,1.0,0.193,10.1815,5.160500000000001,8.5145,9.791,39.947,4.151,20.458,12.899,17.499,19.529,0.0,2.61,5.19,1.34,5.4350000000000005,0.13,2.61,5.2,1.31,5.41
2003136,Flex / PCB / Solder / Wiring,2.69,5.28,8.07,7.639,300.0,1.503,0.0,7.75,26.515,0.0,0.0,0.001,0.66,0.0,40.07,39.98,40.544,1.0,500.0,1.0,1.0,1.0,1.0,1.0,1.0,1.0,1.0,1.0,0.193,10.1815,5.160500000000001,8.5145,9.791,39.947,4.151,20.458,12.899,17.499,19.529,0.0,2.61,5.19,1.34,5.4350000000000005,0.13,2.61,5.2,1.31,5.41
2003136,Flex / PCB / Solder / Wiring,2.69,5.28,8.07,7.639,300.0,1.503,0.0,7.75,26.515,0.0,0.0,0.001,0.66,0.0,40.07,39.98,40.544,1.0,500.0,1.0,1.0,1.0,1.0,1.0,1.0,1.0,0.0,1.0,0.193,10.1815,5.160500000000001,8.5145,9.791,39.947,4.151,20.458,12.899,17.499,19.529,0.0,2.61,5.19,1.34,5.4350000000000005,0.13,2.61,5.2,1.31,5.41
2003136,Flex / PCB / Solder / Wiring,2.69,5.28,8.07,7.639,300.0,1.503,0.0,7.75,26.515,0.0,0.0,0.001,0.66,0.0,40.07,39.98,40.544,1.0,500.0,1.0,1.0,1.0,1.0,1.0,1.0,1.0,1.0,1.0,0.193,10.1815,5.160500000000001,8.5145,9.791,39.947,4.151,20.458,12.899,17.499,19.529,0.0,2.61,5.19,1.34,5.4350000000000005,0.13,2.61,5.2,1.31,5.41
2003136,Flex / PCB / Solder / Wiring,2.69,5.28,8.07,7.639,300.0,1.503,0.0,7.75,26.515,0.0,0.0,0.001,0.66,0.0,40.07,39.98,40.544,1.0,500.0,1.0,1.0,1.0,1.0,1.0,1.0,1.0,0.0,1.0,0.193,10.1815,5.160500000000001,8.5145,9.791,39.947,4.151,20.458,12.899,17.499,19.529,0.0,2.61,5.19,1.34,5.4350000000000005,0.13,2.61,5.2,1.31,5.41
2030096,Coil,2.69,5.28,8.07,7.639,300.0,1.503,0.0,7.75,26.515,0.0,0.0,0.001,0.66,0.0,40.07,39.98,40.544,1.0,500.0,1.0,1.0,1.0,1.0,1.0,1.0,1.0,1.0,1.0,0.193,10.1815,5.160500000000001,8.5145,9.791,39.947,4.151,20.458,12.899,17.499,19.529,0.0,2.61,5.19,1.34,5.4350000000000005,0.13,2.61,5.2,1.31,5.41
2030096,Coil,2.69,5.28,8.07,7.639,300.0,1.503,0.0,7.75,26.515,0.0,0.0,0.001,0.66,0.0,40.07,39.98,40.544,1.0,500.0,1.0,1.0,1.0,1.0,1.0,1.0,1.0,1.0,1.0,0.193,10.1815,5.160500000000001,8.5145,9.791,39.947,4.151,20.458,12.899,17.499,19.529,0.0,2.61,5.19,1.34,5.4350000000000005,0.13,2.61,5.2,1.31,5.41
2030096,Coil,2.69,5.28,8.07,7.639,300.0,1.503,0.0,7.75,26.515,0.0,0.0,0.001,0.66,0.0,40.07,39.98,40.544,1.0,500.0,1.0,1.0,1.0,1.0,1.0,1.0,1.0,1.0,1.0,0.193,10.1815,5.160500000000001,8.5145,9.791,39.947,4.151,20.458,12.899,17.499,19.529,0.0,2.61,5.19,1.34,5.4350000000000005,0.13,2.61,5.2,1.31,5.41
2030096,Coil,2.69,5.28,8.07,7.639,300.0,1.503,0.0,7.75,26.515,0.0,0.0,0.001,0.66,0.0,40.07,39.98,40.544,1.0,500.0,1.0,1.0,1.0,1.0,1.0,1.0,1.0,1.0,1.0,0.193,10.1815,5.160500000000001,8.5145,9.791,39.947,4.151,20.458,12.899,17.499,19.529,0.0,2.61,5.19,1.34,5.4350000000000005,0.13,2.61,5.2,1.31,5.41
2030096,Coil,2.69,5.28,8.07,7.639,300.0,1.503,0.0,7.75,26.515,0.0,0.0,0.001,0.66,0.0,40.07,39.98,40.544,1.0,500.0,1.0,1.0,1.0,1.0,1.0,1.0,1.0,1.0,1.0,0.193,10.1815,5.160500000000001,8.5145,9.791,39.947,4.151,20.458,12.899,17.499,19.529,0.0,2.61,5.19,1.34,5.4350000000000005,0.13,2.61,5.2,1.31,5.41
2030096,Coil,2.69,5.28,8.07,7.639,300.0,1.503,0.0,7.75,26.515,0.0,0.0,0.001,0.66,0.0,40.07,39.98,40.544,1.0,500.0,1.0,1.0,1.0,1.0,1.0,1.0,1.0,1.0,1.0,0.193,10.1815,5.160500000000001,8.5145,9.791,39.947,4.151,20.458,12.899,17.499,19.529,0.0,2.61,5.19,1.34,5.4350000000000005,0.13,2.61,5.2,1.31,5.41
2030096,Coil,2.69,5.28,8.07,7.639,300.0,1.503,0.0,7.75,26.515,0.0,0.0,0.001,0.66,0.0,40.07,39.98,40.544,1.0,500.0,1.0,1.0,1.0,1.0,1.0,1.0,1.0,1.0,1.0,0.193,10.1815,5.160500000000001,8.5145,9.791,39.947,4.151,20.458,12.899,17.499,19.529,0.0,2.61,5.19,1.34,5.4350000000000005,0.13,2.61,5.2,1.31,5.41
2030096,Coil,2.69,5.28,8.07,7.639,300.0,1.503,0.0,7.75,26.515,0.0,0.0,0.001,0.66,0.0,40.07,39.98,40.544,1.0,500.0,1.0,1.0,1.0,1.0,1.0,1.0,1.0,1.0,1.0,0.193,10.1815,5.160500000000001,8.5145,9.791,39.947,4.151,20.458,12.899,17.499,19.529,0.0,2.61,5.19,1.34,5.4350000000000005,0.13,2.61,5.2,1.31,5.41
2030096,Coil,2.69,5.28,8.07,7.639,300.0,1.503,0.0,7.75,26.515,0.0,0.0,0.001,0.66,0.0,40.07,39.98,40.544,1.0,500.0,1.0,1.0,1.0,1.0,1.0,1.0,1.0,1.0,1.0,0.193,10.1815,5.160500000000001,8.5145,9.791,39.947,4.151,20.458,12.899,17.499,19.529,0.0,2.61,5.19,1.34,5.4350000000000005,0.13,2.61,5.2,1.31,5.41
2030096,Coil,2.69,5.28,8.07,7.639,300.0,1.503,0.0,7.75,26.515,0.0,0.0,0.001,0.66,0.0,40.07,39.98,40.544,1.0,500.0,1.0,1.0,1.0,1.0,1.0,1.0,1.0,1.0,1.0,0.193,10.1815,5.160500000000001,8.5145,9.791,39.947,4.151,20.458,12.899,17.499,19.529,0.0,2.61,5.19,1.34,5.4350000000000005,0.13,2.61,5.2,1.31,5.41
2030096,Coil,2.69,5.28,8.07,7.639,300.0,1.503,0.0,7.75,26.515,0.0,0.0,0.001,0.66,0.0,40.07,39.98,40.544,1.0,500.0,1.0,1.0,1.0,1.0,1.0,1.0,1.0,1.0,1.0,0.193,10.1815,5.160500000000001,8.5145,9.791,39.947,4.151,20.458,12.899,17.499,19.529,0.0,2.61,5.19,1.34,5.4350000000000005,0.13,2.61,5.2,1.31,5.41
2030096,Coil,2.69,5.28,8.07,7.639,300.0,1.503,0.0,7.75,26.515,0.0,0.0,0.001,0.66,0.0,40.07,39.98,40.544,1.0,500.0,1.0,1.0,1.0,1.0,1.0,1.0,1.0,1.0,1.0,0.193,10.1815,5.160500000000001,8.5145,9.791,39.947,4.151,20.458,12.899,17.499,19.529,0.0,2.61,5.19,1.34,5.4350000000000005,0.13,2.61,5.2,1.31,5.41
2030096,Coil,2.69,5.28,8.07,7.639,300.0,1.503,0.0,7.75,26.515,0.0,0.0,0.001,0.66,0.0,40.07,39.98,40.544,1.0,500.0,1.0,1.0,1.0,1.0,1.0,1.0,1.0,1.0,1.0,0.193,10.1815,5.160500000000001,8.5145,9.791,39.947,4.151,20.458,12.899,17.499,19.529,0.0,2.61,5.19,1.34,5.4350000000000005,0.13,2.61,5.2,1.31,5.41
1485260,Flex / PCB / Solder / Wiring,2.69,5.28,8.07,7.639,300.0,1.503,0.0,7.75,26.515,0.0,0.0,0.001,0.66,0.0,40.07,39.98,40.544,1.0,500.0,1.0,1.0,1.0,1.0,1.0,1.0,1.0,0.0,1.0,0.193,10.1815,5.160500000000001,8.5145,9.791,39.947,4.151,20.458,12.899,17.499,19.529,0.0,2.61,5.19,1.34,5.4350000000000005,0.13,2.61,5.2,1.31,5.41
1485260,Flex / PCB / Solder / Wiring,2.69,5.28,8.07,7.639,300.0,1.503,0.0,7.75,26.515,0.0,0.0,0.001,0.66,0.0,40.07,39.98,40.544,1.0,500.0,1.0,1.0,1.0,1.0,1.0,1.0,1.0,1.0,1.0,0.193,10.1815,5.160500000000001,8.5145,9.791,39.947,4.151,20.458,12.899,17.499,19.529,0.0,2.61,5.19,1.34,5.4350000000000005,0.13,2.61,5.2,1.31,5.41
1485260,Coil,2.69,5.28,8.07,7.639,300.0,1.503,0.0,7.75,26.515,0.0,0.0,0.001,0.66,0.0,40.07,39.98,40.544,1.0,500.0,1.0,1.0,1.0,1.0,1.0,1.0,1.0,0.0,1.0,0.193,10.1815,5.160500000000001,8.5145,9.791,39.947,4.151,20.458,12.899,17.499,19.529,0.0,2.61,5.19,1.34,5.4350000000000005,0.13,2.61,5.2,1.31,5.41
1485260,Coil,2.69,5.28,8.07,7.639,300.0,1.503,0.0,7.75,26.515,0.0,0.0,0.001,0.66,0.0,40.07,39.98,40.544,1.0,500.0,1.0,1.0,1.0,1.0,1.0,1.0,1.0,1.0,1.0,0.193,10.1815,5.160500000000001,8.5145,9.791,39.947,4.151,20.458,12.899,17.499,19.529,0.0,2.61,5.19,1.34,5.4350000000000005,0.13,2.61,5.2,1.31,5.41
1485260,Coil,2.69,5.28,8.07,7.639,300.0,1.503,0.0,7.75,26.515,0.0,0.0,0.001,0.66,0.0,40.07,39.98,40.544,1.0,500.0,1.0,1.0,1.0,1.0,1.0,1.0,1.0,1.0,1.0,0.193,10.1815,5.160500000000001,8.5145,9.791,39.947,4.151,20.458,12.899,17.499,19.529,0.0,2.61,5.19,1.34,5.4350000000000005,0.13,2.61,5.2,1.31,5.41
1577208,Dimensional / Alignment,2.69,5.28,10.201,7.639,300.0,1.503,0.0,7.75,26.515,0.0,0.0,0.0,0.66,0.0,40.07,39.407,40.065,1.0,500.0,1.0,1.0,1.0,1.0,1.0,1.0,1.0,1.0,1.0,0.064,10.132,6.399,9.12,9.818,39.72,4.027,19.931,15.082,18.321,19.416,0.0,2.61,5.19,1.34,5.4350000000000005,0.13,2.61,5.2,1.31,5.41
1577208,Dimensional / Alignment,2.69,5.28,10.27,7.639,300.0,1.503,0.0,7.75,26.515,0.0,0.0,0.0,0.66,0.0,40.07,39.257,39.809,1.0,500.0,1.0,1.0,1.0,1.0,1.0,1.0,1.0,1.0,1.0,0.084,10.479,5.709,8.568,9.781,39.711,4.1,20.644,13.043,17.594,19.529,0.0,2.61,5.19,1.34,5.4350000000000005,0.13,2.61,5.2,1.31,5.41
1577208,Dimensional / Alignment,2.69,5.28,10.228,7.639,300.0,1.503,0.0,7.75,26.515,0.0,0.0,0.0,0.66,0.0,40.07,39.285,40.689,1.0,500.0,1.0,1.0,1.0,1.0,1.0,1.0,1.0,1.0,1.0,0.093,10.479,5.702,8.58,9.797,39.753,4.105,20.535,12.979,17.528,19.46,0.0,2.61,5.19,1.34,5.4350000000000005,0.13,2.61,5.2,1.31,5.41
1577208,Dimensional / Alignment,2.69,5.28,10.206,7.639,300.0,1.503,0.0,7.75,26.515,0.0,0.0,0.0,0.66,0.0,40.07,39.49,40.725,1.0,500.0,1.0,1.0,1.0,1.0,1.0,1.0,1.0,1.0,1.0,0.064,10.5,5.671,8.587,9.812,39.646,4.028,20.709,12.995,17.646,19.599,0.0,2.61,5.19,1.34,5.4350000000000005,0.13,2.61,5.2,1.31,5.41
1577208,Dimensional / Alignment,2.69,5.28,10.322,7.639,300.0,1.503,0.0,7.75,26.515,0.0,0.0,0.0,0.66,0.0,40.07,39.755,40.698,1.0,500.0,1.0,1.0,1.0,1.0,1.0,1.0,1.0,1.0,1.0,0.07,10.428,5.647,8.536,9.753,40.22,4.068,20.458,12.899,17.465,19.387,0.0,2.61,5.19,1.34,5.4350000000000005,0.13,2.61,5.2,1.31,5.41
1577208,Dimensional / Alignment,2.69,5.28,10.309,7.639,300.0,1.503,0.0,7.75,26.515,0.0,0.0,0.0,0.66,0.0,40.07,39.207,39.948,1.0,500.0,1.0,1.0,1.0,1.0,1.0,1.0,1.0,1.0,1.0,0.065,10.518,5.643,8.583,9.815,40.13,4.07,20.678,12.945,17.598,19.547,0.0,2.61,5.19,1.34,5.4350000000000005,0.13,2.61,5.2,1.31,5.41
1486463,Dimensional / Alignment,2.69,5.28,9.35,7.639,300.0,1.503,0.0,7.75,26.515,0.0,0.0,0.002,0.66,0.0,40.07,40.306,40.778,1.0,500.0,1.0,1.0,1.0,1.0,1.0,1.0,1.0,1.0,1.0,0.056,0.057,0.056,0.056,0.056,40.552,0.839,0.839,0.839,0.84,0.84,0.0,2.61,5.19,1.34,5.4350000000000005,0.13,2.61,5.2,1.31,5.41
1486463,Dimensional / Alignment,2.69,5.28,8.393,7.639,300.0,1.503,0.0,7.75,26.515,0.0,0.0,0.002,0.66,0.0,40.07,40.182,40.908,1.0,500.0,1.0,1.0,1.0,1.0,1.0,1.0,1.0,1.0,1.0,0.186,5.511,2.179,4.071,4.987,40.453,0.97,5.303,2.585,4.126,4.873,0.0,2.61,5.19,1.34,5.4350000000000005,0.13,2.61,5.2,1.31,5.41
1486463,Dimensional / Alignment,2.69,5.28,8.196,7.639,300.0,1.503,0.0,7.75,26.515,0.0,0.0,0.002,0.66,0.0,40.07,39.841,40.972,1.0,500.0,1.0,1.0,1.0,1.0,1.0,1.0,1.0,1.0,1.0,0.283,5.49,2.256,4.086,4.978,40.311,1.034,5.263,2.63,4.118,4.846,0.0,2.61,5.19,1.34,5.4350000000000005,0.13,2.61,5.2,1.31,5.41
1486463,Dimensional / Alignment,2.69,5.28,8.35,7.639,300.0,1.503,0.0,7.75,26.515,0.0,0.0,0.001,0.66,0.0,40.07,40.291,40.706,1.0,500.0,1.0,1.0,1.0,1.0,1.0,1.0,1.0,1.0,1.0,0.107,5.494,2.282,4.126,4.995,40.808,0.887,5.25,2.642,4.137,4.845,0.0,2.61,5.19,1.34,5.4350000000000005,0.13,2.61,5.2,1.31,5.41
1486463,Dimensional / Alignment,2.69,5.28,8.332,7.639,300.0,1.503,0.0,7.75,26.515,0.0,0.0,0.002,0.66,0.0,40.07,39.726,40.771,1.0,500.0,1.0,1.0,1.0,1.0,1.0,1.0,1.0,1.0,1.0,0.122,5.51,2.285,4.134,5.01,40.105,0.925,5.313,2.68,4.19,4.904,0.0,2.61,5.19,1.34,5.4350000000000005,0.13,2.61,5.2,1.31,5.41
1486463,Dimensional / Alignment,2.69,5.28,8.485,7.639,300.0,1.503,0.0,7.75,26.515,0.0,0.0,0.002,0.66,0.0,40.07,40.378,40.662,1.0,500.0,1.0,1.0,1.0,1.0,1.0,1.0,1.0,1.0,1.0,0.182,5.447,2.297,4.158,4.989,40.553,0.96,5.225,2.668,4.177,4.854,0.0,2.61,5.19,1.34,5.4350000000000005,0.13,2.61,5.2,1.31,5.41
1486463,Dimensional / Alignment,2.69,5.28,8.511,7.639,300.0,1.503,0.0,7.75,26.515,0.0,0.0,0.002,0.66,0.0,40.07,39.779,40.682,1.0,500.0,1.0,1.0,1.0,1.0,1.0,1.0,1.0,1.0,1.0,0.1,5.504,2.299,4.137,5.002,40.506,0.888,5.277,2.666,4.163,4.867,0.0,2.61,5.19,1.34,5.4350000000000005,0.13,2.61,5.2,1.31,5.41
1486463,Dimensional / Alignment,2.69,5.28,8.426,7.639,300.0,1.503,0.0,7.75,26.515,0.0,0.0,0.001,0.66,0.0,40.07,40.016,40.306,1.0,500.0,1.0,1.0,1.0,1.0,1.0,1.0,1.0,1.0,1.0,0.174,5.467,2.305,4.149,5.003,40.282,0.948,5.239,2.672,4.169,4.865,0.0,2.61,5.19,1.34,5.4350000000000005,0.13,2.61,5.2,1.31,5.41
1486463,Dimensional / Alignment,2.69,5.28,8.484,7.639,300.0,1.503,0.0,7.75,26.515,0.0,0.0,0.002,0.66,0.0,40.07,40.318,40.99,1.0,500.0,1.0,1.0,1.0,1.0,1.0,1.0,1.0,1.0,1.0,0.16,5.477,2.315,4.153,4.995,40.295,0.945,5.286,2.699,4.2,4.89,0.0,2.61,5.19,1.34,5.4350000000000005,0.13,2.61,5.2,1.31,5.41
1486463,Dimensional / Alignment,2.69,5.28,8.417,7.639,300.0,1.503,0.0,7.75,26.515,0.0,0.0,0.002,0.66,0.0,40.07,40.09,40.38,1.0,500.0,1.0,1.0,1.0,1.0,1.0,1.0,1.0,1.0,1.0,0.252,5.475,2.365,4.14,4.981,40.041,1.007,5.26,2.723,4.17,4.857,0.0,2.61,5.19,1.34,5.4350000000000005,0.13,2.61,5.2,1.31,5.41
1486463,Dimensional / Alignment,2.69,5.28,8.41,7.639,300.0,1.503,0.0,7.75,26.515,0.0,0.0,0.002,0.66,0.0,40.07,40.126,40.772,1.0,500.0,1.0,1.0,1.0,1.0,1.0,1.0,1.0,1.0,1.0,0.087,5.473,2.322,4.153,4.994,40.134,0.872,5.237,2.677,4.164,4.848,0.0,2.61,5.19,1.34,5.4350000000000005,0.13,2.61,5.2,1.31,5.41
1486463,Dimensional / Alignment,2.69,5.28,8.441,7.639,300.0,1.503,0.0,7.75,26.515,0.0,0.0,0.002,0.66,0.0,40.07,40.126,40.413,1.0,500.0,1.0,1.0,1.0,1.0,1.0,1.0,1.0,1.0,1.0,0.251,5.475,2.369,4.142,4.982,40.059,1.007,5.26,2.725,4.171,4.858,0.0,2.61,5.19,1.34,5.4350000000000005,0.13,2.61,5.2,1.31,5.41
1486463,Dimensional / Alignment,2.69,5.28,8.41,7.639,300.0,1.503,0.0,7.75,26.515,0.0,0.0,0.002,0.66,0.0,40.07,39.75,40.588,1.0,500.0,1.0,1.0,1.0,1.0,1.0,1.0,1.0,1.0,1.0,0.261,5.464,2.37,4.142,4.98,40.045,1.026,5.269,2.742,4.19,4.874,0.0,2.61,5.19,1.34,5.4350000000000005,0.13,2.61,5.2,1.31,5.41
1486463,Dimensional / Alignment,2.69,5.28,8.389,7.639,300.0,1.503,0.0,7.75,26.515,0.0,0.0,0.001,0.66,0.0,40.07,40.587,41.068,1.0,500.0,1.0,1.0,1.0,1.0,1.0,1.0,1.0,1.0,1.0,0.193,5.443,2.326,4.154,4.988,40.752,0.974,5.23,2.699,4.183,4.861,0.0,2.61,5.19,1.34,5.4350000000000005,0.13,2.61,5.2,1.31,5.41
1486463,Dimensional / Alignment,2.69,5.28,8.542,7.639,300.0,1.503,0.0,7.75,26.515,0.0,0.0,0.002,0.66,0.0,40.07,40.151,40.576,1.0,500.0,1.0,1.0,1.0,1.0,1.0,1.0,1.0,1.0,1.0,0.213,5.445,2.33,4.163,4.992,40.278,0.977,5.235,2.695,4.189,4.867,0.0,2.61,5.19,1.34,5.4350000000000005,0.13,2.61,5.2,1.31,5.41
1486463,Dimensional / Alignment,2.69,5.28,8.432,7.639,300.0,1.503,0.0,7.75,26.515,0.0,0.0,0.002,0.66,0.0,40.07,39.705,40.208,1.0,500.0,1.0,1.0,1.0,1.0,1.0,1.0,1.0,1.0,1.0,0.165,5.502,2.334,4.159,5.011,40.191,0.933,5.257,2.685,4.166,4.861,0.0,2.61,5.19,1.34,5.4350000000000005,0.13,2.61,5.2,1.31,5.41
1486463,Dimensional / Alignment,2.69,5.28,8.324,7.639,300.0,1.503,0.0,7.75,26.515,0.0,0.0,0.002,0.66,0.0,40.07,39.975,40.59,1.0,500.0,1.0,1.0,1.0,1.0,1.0,1.0,1.0,1.0,1.0,0.222,5.467,2.338,4.155,4.999,40.287,0.994,5.263,2.711,4.191,4.88,0.0,2.61,5.19,1.34,5.4350000000000005,0.13,2.61,5.2,1.31,5.41
1486463,Dimensional / Alignment,2.69,5.28,8.42,7.639,300.0,1.503,0.0,7.75,26.515,0.0,0.0,0.002,0.66,0.0,40.07,39.922,40.705,1.0,500.0,1.0,1.0,1.0,1.0,1.0,1.0,1.0,1.0,1.0,0.157,5.426,2.344,4.169,4.986,40.296,0.942,5.208,2.707,4.185,4.848,0.0,2.61,5.19,1.34,5.4350000000000005,0.13,2.61,5.2,1.31,5.41
1486463,Dimensional / Alignment,2.69,5.28,8.349,7.639,300.0,1.503,0.0,7.75,26.515,0.0,0.0,0.002,0.66,0.0,40.07,39.955,40.971,1.0,500.0,1.0,1.0,1.0,1.0,1.0,1.0,1.0,1.0,1.0,0.196,5.468,2.345,4.157,5.0,40.522,0.978,5.266,2.721,4.199,4.885,0.0,2.61,5.19,1.34,5.4350000000000005,0.13,2.61,5.2,1.31,5.41
1486463,Dimensional / Alignment,2.69,5.28,8.339,7.639,300.0,1.503,0.0,7.75,26.515,0.0,0.0,0.002,0.66,0.0,40.07,40.366,40.716,1.0,500.0,1.0,1.0,1.0,1.0,1.0,1.0,1.0,1.0,1.0,0.216,5.457,2.348,4.152,4.987,40.288,0.975,5.237,2.703,4.173,4.853,0.0,2.61,5.19,1.34,5.4350000000000005,0.13,2.61,5.2,1.31,5.41
1486463,Dimensional / Alignment,2.69,5.28,8.381,7.639,300.0,1.503,0.0,7.75,26.515,0.0,0.0,0.002,0.66,0.0,40.07,39.982,40.541,1.0,500.0,1.0,1.0,1.0,1.0,1.0,1.0,1.0,1.0,1.0,0.107,5.461,2.348,4.153,4.98,40.153,0.893,5.227,2.7,4.165,4.837,0.0,2.61,5.19,1.34,5.4350000000000005,0.13,2.61,5.2,1.31,5.41
1486463,Dimensional / Alignment,2.69,5.28,8.482,7.639,300.0,1.503,0.0,7.75,26.515,0.0,0.0,0.002,0.66,0.0,40.07,40.069,40.996,1.0,500.0,1.0,1.0,1.0,1.0,1.0,1.0,1.0,1.0,1.0,0.132,5.455,2.349,4.163,4.989,40.672,0.929,5.268,2.729,4.21,4.887,0.0,2.61,5.19,1.34,5.4350000000000005,0.13,2.61,5.2,1.31,5.41
1486463,Dimensional / Alignment,2.69,5.28,8.491,7.639,300.0,1.503,0.0,7.75,26.515,0.0,0.0,0.002,0.66,0.0,40.07,40.373,40.687,1.0,500.0,1.0,1.0,1.0,1.0,1.0,1.0,1.0,1.0,1.0,0.193,5.461,2.372,4.156,4.981,40.288,0.985,5.277,2.755,4.21,4.883,0.0,2.61,5.19,1.34,5.4350000000000005,0.13,2.61,5.2,1.31,5.41
1486463,Dimensional / Alignment,2.69,5.28,8.372,7.639,300.0,1.503,0.0,7.75,26.515,0.0,0.0,0.001,0.66,0.0,40.07,39.615,40.744,1.0,500.0,1.0,1.0,1.0,1.0,1.0,1.0,1.0,1.0,1.0,0.16,5.482,2.36,4.169,5.006,40.22,0.949,5.283,2.735,4.209,4.892,0.0,2.61,5.19,1.34,5.4350000000000005,0.13,2.61,5.2,1.31,5.41
1486463,Flex / PCB / Solder / Wiring,2.69,5.28,9.35,7.639,300.0,1.503,0.0,7.75,26.515,0.0,0.0,0.002,0.66,0.0,40.07,40.306,40.778,1.0,500.0,1.0,1.0,1.0,1.0,1.0,1.0,1.0,1.0,1.0,0.056,0.057,0.056,0.056,0.056,40.552,0.839,0.839,0.839,0.84,0.84,0.0,2.61,5.19,1.34,5.4350000000000005,0.13,2.61,5.2,1.31,5.41
1676578,Dimensional / Alignment,2.69,5.28,11.331,7.639,300.0,1.503,0.0,7.75,26.515,0.0,0.0,0.001,0.66,0.0,40.07,41.085,41.289,1.0,500.0,1.0,1.0,1.0,1.0,1.0,1.0,1.0,1.0,1.0,0.662,9.748,6.616,9.757,9.765,40.727,10.0,19.386,19.362,19.401,19.415,0.0,2.61,5.19,1.34,5.4350000000000005,0.13,2.61,5.2,1.31,5.41
1676578,Dimensional / Alignment,2.69,5.28,11.284,7.639,300.0,1.503,0.0,7.75,26.515,0.0,0.0,0.001,0.66,0.0,40.07,40.767,41.66,1.0,500.0,1.0,1.0,1.0,1.0,1.0,1.0,1.0,1.0,1.0,0.065,10.45,5.953,8.696,9.81,41.034,4.04,20.554,13.413,17.766,19.528,0.0,2.61,5.19,1.34,5.4350000000000005,0.13,2.61,5.2,1.31,5.41
1676578,Dimensional / Alignment,2.69,5.28,11.435,7.639,300.0,1.503,0.0,7.75,26.515,0.0,0.0,0.001,0.66,0.0,40.07,41.113,41.475,1.0,500.0,1.0,1.0,1.0,1.0,1.0,1.0,1.0,1.0,1.0,0.075,10.474,5.727,8.565,9.762,40.879,4.105,20.522,13.027,17.499,19.394,0.0,2.61,5.19,1.34,5.4350000000000005,0.13,2.61,5.2,1.31,5.41
1487313,ASIC / EEPROM,2.69,5.28,8.07,7.639,300.0,1.503,0.0,7.75,26.515,0.0,0.0,0.001,0.66,0.0,40.07,39.98,40.544,1.0,500.0,1.0,1.0,1.0,1.0,1.0,1.0,1.0,1.0,1.0,0.193,10.1815,5.160500000000001,8.5145,9.791,39.947,4.151,20.458,12.899,17.499,19.529,0.0,2.61,5.19,1.34,5.4350000000000005,0.13,2.61,5.2,1.31,5.41
1487313,ASIC / EEPROM,2.69,5.28,8.07,7.639,300.0,1.503,0.0,7.75,26.515,0.0,0.0,0.001,0.66,0.0,40.07,39.98,40.544,1.0,500.0,1.0,1.0,1.0,1.0,1.0,1.0,1.0,1.0,1.0,0.193,10.1815,5.160500000000001,8.5145,9.791,39.947,4.151,20.458,12.899,17.499,19.529,0.0,2.61,5.19,1.34,5.4350000000000005,0.13,2.61,5.2,1.31,5.41
1487313,ASIC / EEPROM,2.69,5.28,8.07,7.639,300.0,1.503,0.0,7.75,26.515,0.0,0.0,0.001,0.66,0.0,40.07,39.98,40.544,1.0,500.0,1.0,1.0,1.0,1.0,1.0,1.0,1.0,1.0,1.0,0.193,10.1815,5.160500000000001,8.5145,9.791,39.947,4.151,20.458,12.899,17.499,19.529,0.0,2.61,5.19,1.34,5.4350000000000005,0.13,2.61,5.2,1.31,5.41
1487313,ASIC / EEPROM,2.69,5.28,8.07,7.639,300.0,1.503,0.0,7.75,26.515,0.0,0.0,0.001,0.66,0.0,40.07,39.98,40.544,1.0,500.0,1.0,1.0,1.0,1.0,1.0,1.0,1.0,1.0,1.0,0.193,10.1815,5.160500000000001,8.5145,9.791,39.947,4.151,20.458,12.899,17.499,19.529,0.0,2.61,5.19,1.34,5.4350000000000005,0.13,2.61,5.2,1.31,5.41
1487313,ASIC / EEPROM,2.69,5.28,8.07,7.639,300.0,1.503,0.0,7.75,26.515,0.0,0.0,0.001,0.66,0.0,40.07,39.98,40.544,1.0,500.0,1.0,1.0,1.0,1.0,1.0,1.0,1.0,1.0,1.0,0.193,10.1815,5.160500000000001,8.5145,9.791,39.947,4.151,20.458,12.899,17.499,19.529,0.0,2.61,5.19,1.34,5.4350000000000005,0.13,2.61,5.2,1.31,5.41
1487313,ASIC / EEPROM,2.69,5.28,8.07,7.639,300.0,1.503,0.0,7.75,26.515,0.0,0.0,0.001,0.66,0.0,40.07,39.98,40.544,1.0,500.0,1.0,1.0,1.0,1.0,1.0,1.0,1.0,1.0,1.0,0.193,10.1815,5.160500000000001,8.5145,9.791,39.947,4.151,20.458,12.899,17.499,19.529,0.0,2.61,5.19,1.34,5.4350000000000005,0.13,2.61,5.2,1.31,5.41
1487313,ASIC / EEPROM,2.69,5.28,8.07,7.639,300.0,1.503,0.0,7.75,26.515,0.0,0.0,0.001,0.66,0.0,40.07,39.98,40.544,1.0,500.0,1.0,1.0,1.0,1.0,1.0,1.0,1.0,1.0,1.0,0.193,10.1815,5.160500000000001,8.5145,9.791,39.947,4.151,20.458,12.899,17.499,19.529,0.0,2.61,5.19,1.34,5.4350000000000005,0.13,2.61,5.2,1.31,5.41
1487313,ASIC / EEPROM,2.69,5.28,8.07,7.639,300.0,1.503,0.0,7.75,26.515,0.0,0.0,0.001,0.66,0.0,40.07,39.98,40.544,1.0,500.0,1.0,1.0,1.0,1.0,1.0,1.0,1.0,1.0,1.0,0.193,10.1815,5.160500000000001,8.5145,9.791,39.947,4.151,20.458,12.899,17.499,19.529,0.0,2.61,5.19,1.34,5.4350000000000005,0.13,2.61,5.2,1.31,5.41
1496744,Flex / PCB / Solder / Wiring,2.69,5.28,11.813,7.639,300.0,1.503,0.0,7.75,26.515,0.0,0.0,0.0,0.66,0.0,40.07,41.259,40.521,1.0,500.0,1.0,1.0,1.0,1.0,1.0,1.0,1.0,1.0,1.0,0.661,10.432,6.416,9.26,10.048,40.73,8.555,20.495,15.133,18.644,19.884,0.0,2.61,5.19,1.34,5.4350000000000005,0.13,2.61,5.2,1.31,5.41
1496744,Flex / PCB / Solder / Wiring,2.69,5.28,13.63,7.639,300.0,1.503,0.0,7.75,26.515,0.0,0.0,0.0,0.66,0.0,40.07,41.064,41.526,1.0,500.0,1.0,1.0,1.0,1.0,1.0,1.0,1.0,1.0,1.0,0.236,10.676,5.381,8.71,10.005,40.753,5.021,29.41,17.064,24.835,27.853,0.0,2.61,5.19,1.34,5.4350000000000005,0.13,2.61,5.2,1.31,5.41
1496744,Flex / PCB / Solder / Wiring,2.69,5.28,8.07,7.639,300.0,1.503,0.0,7.75,26.515,0.0,0.0,0.001,0.66,0.0,40.07,39.98,40.544,1.0,500.0,1.0,1.0,1.0,1.0,1.0,1.0,1.0,1.0,1.0,0.193,10.1815,5.160500000000001,8.5145,9.791,39.947,4.151,20.458,12.899,17.499,19.529,0.0,2.61,5.19,1.34,5.4350000000000005,0.13,2.61,5.2,1.31,5.41
1496744,Flex / PCB / Solder / Wiring,2.69,5.28,8.07,7.639,300.0,1.503,0.0,7.75,26.515,0.0,0.0,0.001,0.66,0.0,40.07,39.98,40.544,1.0,500.0,1.0,1.0,1.0,1.0,1.0,1.0,1.0,1.0,1.0,0.193,10.1815,5.160500000000001,8.5145,9.791,39.947,4.151,20.458,12.899,17.499,19.529,0.0,2.61,5.19,1.34,5.4350000000000005,0.13,2.61,5.2,1.31,5.41
2005306,Flex / PCB / Solder / Wiring,2.69,5.28,8.07,7.639,300.0,1.503,0.0,7.75,26.515,0.0,0.0,0.001,0.66,0.0,40.07,39.98,40.544,1.0,500.0,0.0,1.0,1.0,1.0,1.0,1.0,1.0,1.0,1.0,0.193,10.1815,5.160500000000001,8.5145,9.791,39.947,4.151,20.458,12.899,17.499,19.529,0.0,2.61,5.19,1.34,5.4350000000000005,0.13,2.61,5.2,1.31,5.41
2005306,Flex / PCB / Solder / Wiring,2.69,5.28,8.07,7.639,300.0,1.503,0.0,7.75,26.515,0.0,0.0,0.001,0.66,0.0,40.07,39.98,40.544,1.0,500.0,1.0,1.0,1.0,1.0,1.0,1.0,1.0,1.0,1.0,0.193,10.1815,5.160500000000001,8.5145,9.791,39.947,4.151,20.458,12.899,17.499,19.529,0.0,2.61,5.19,1.34,5.4350000000000005,0.13,2.61,5.2,1.31,5.41
1592339,Other / Minor Defects,2.69,5.28,9.72,7.639,300.0,1.503,0.0,7.75,26.515,0.0,0.0,0.04,0.66,0.0,40.07,40.56,41.23,1.0,500.0,1.0,1.0,1.0,1.0,1.0,1.0,1.0,1.0,1.0,0.01,5.09,3.13,4.48,4.89,40.67,3.91,10.21,8.73,10.36,6.59,0.0,2.61,5.19,1.34,5.4350000000000005,0.13,2.61,5.2,1.31,5.41
1592339,Other / Minor Defects,2.69,5.28,9.66,7.639,300.0,1.503,0.0,7.75,26.515,0.0,0.0,0.04,0.66,0.0,40.07,40.79,42.27,1.0,500.0,1.0,1.0,1.0,1.0,1.0,1.0,1.0,1.0,1.0,0.01,5.1,3.12,4.48,4.89,40.75,3.9,10.25,8.71,10.34,6.61,0.0,2.61,5.19,1.34,5.4350000000000005,0.13,2.61,5.2,1.31,5.41
2036955,Coil,2.69,5.28,8.07,7.639,300.0,1.503,0.0,7.75,26.515,0.0,0.0,0.001,0.66,0.0,40.07,39.98,40.544,1.0,500.0,1.0,1.0,1.0,1.0,1.0,1.0,1.0,1.0,1.0,0.193,10.1815,5.160500000000001,8.5145,9.791,39.947,4.151,20.458,12.899,17.499,19.529,0.0,2.61,5.19,1.34,5.4350000000000005,0.13,2.61,5.2,1.31,5.41
2036955,Coil,2.69,5.28,8.07,7.639,300.0,1.503,0.0,7.75,26.515,0.0,0.0,0.001,0.66,0.0,40.07,39.98,40.544,1.0,500.0,1.0,1.0,1.0,1.0,1.0,1.0,1.0,1.0,1.0,0.193,10.1815,5.160500000000001,8.5145,9.791,39.947,4.151,20.458,12.899,17.499,19.529,0.0,2.61,5.19,1.34,5.4350000000000005,0.13,2.61,5.2,1.31,5.41
1541952,Dimensional / Alignment,2.69,5.28,10.27,7.639,300.0,1.503,0.0,7.75,26.515,0.0,0.0,0.003,0.66,0.0,40.07,38.939,39.171,1.0,500.0,1.0,1.0,1.0,1.0,1.0,1.0,1.0,1.0,1.0,0.217,10.878,4.837,8.446,10.033,39.042,10.0,100.0,100.0,100.0,100.0,0.0,2.61,5.19,1.34,5.4350000000000005,0.13,2.61,5.2,1.31,5.41
1541952,Dimensional / Alignment,2.69,5.28,10.259,7.639,300.0,1.503,0.0,7.75,26.515,0.0,0.0,0.004,0.66,0.0,40.07,39.526,39.438,1.0,500.0,1.0,1.0,1.0,1.0,1.0,1.0,1.0,1.0,1.0,0.239,10.788,5.072,8.565,10.028,39.68,10.0,100.0,100.0,100.0,100.0,0.0,2.61,5.19,1.34,5.4350000000000005,0.13,2.61,5.2,1.31,5.41
1541952,Dimensional / Alignment,2.69,5.28,10.328,7.639,300.0,1.503,0.0,7.75,26.515,0.0,0.0,0.002,0.66,0.0,40.07,39.163,39.819,1.0,500.0,1.0,1.0,1.0,1.0,1.0,1.0,1.0,1.0,1.0,0.228,10.931,4.686,8.369,10.032,39.814,4.326,21.342,11.41,17.256,19.909,0.0,2.61,5.19,1.34,5.4350000000000005,0.13,2.61,5.2,1.31,5.41
1541952,Dimensional / Alignment,2.69,5.28,10.389,7.639,300.0,1.503,0.0,7.75,26.515,0.0,0.0,0.002,0.66,0.0,40.07,39.44,39.912,1.0,500.0,1.0,1.0,1.0,1.0,1.0,1.0,1.0,1.0,1.0,0.218,10.988,4.777,8.399,10.053,39.049,4.312,21.39,11.537,17.27,19.9,0.0,2.61,5.19,1.34,5.4350000000000005,0.13,2.61,5.2,1.31,5.41
1541952,Dimensional / Alignment,2.69,5.28,10.332,7.639,300.0,1.503,0.0,7.75,26.515,0.0,0.0,0.003,0.66,0.0,40.07,39.081,40.026,1.0,500.0,1.0,1.0,1.0,1.0,1.0,1.0,1.0,1.0,1.0,0.184,10.902,4.78,8.433,10.054,39.633,4.223,21.375,11.573,17.42,20.006,0.0,2.61,5.19,1.34,5.4350000000000005,0.13,2.61,5.2,1.31,5.41
1541952,Dimensional / Alignment,2.69,5.28,10.356,7.639,300.0,1.503,0.0,7.75,26.515,0.0,0.0,0.003,0.66,0.0,40.07,39.078,39.755,1.0,500.0,1.0,1.0,1.0,1.0,1.0,1.0,1.0,1.0,1.0,0.199,10.913,4.78,8.433,10.054,40.284,4.295,21.37,11.59,17.404,19.987,0.0,2.61,5.19,1.34,5.4350000000000005,0.13,2.61,5.2,1.31,5.41
1541952,Dimensional / Alignment,2.69,5.28,10.27,7.639,300.0,1.503,0.0,7.75,26.515,0.0,0.0,0.003,0.66,0.0,40.07,38.939,39.171,1.0,500.0,1.0,1.0,1.0,1.0,1.0,1.0,1.0,1.0,1.0,0.217,10.878,4.837,8.446,10.033,39.042,10.0,100.0,100.0,100.0,100.0,0.0,2.61,5.19,1.34,5.4350000000000005,0.13,2.61,5.2,1.31,5.41
1541952,Dimensional / Alignment,2.69,5.28,10.259,7.639,300.0,1.503,0.0,7.75,26.515,0.0,0.0,0.004,0.66,0.0,40.07,39.526,39.438,1.0,500.0,1.0,1.0,1.0,1.0,1.0,1.0,1.0,1.0,1.0,0.239,10.788,5.072,8.565,10.028,39.68,10.0,100.0,100.0,100.0,100.0,0.0,2.61,5.19,1.34,5.4350000000000005,0.13,2.61,5.2,1.31,5.41
1541952,Dimensional / Alignment,2.69,5.28,10.328,7.639,300.0,1.503,0.0,7.75,26.515,0.0,0.0,0.002,0.66,0.0,40.07,39.163,39.819,1.0,500.0,1.0,1.0,1.0,1.0,1.0,1.0,1.0,1.0,1.0,0.228,10.931,4.686,8.369,10.032,39.814,4.326,21.342,11.41,17.256,19.909,0.0,2.61,5.19,1.34,5.4350000000000005,0.13,2.61,5.2,1.31,5.41
1541952,Dimensional / Alignment,2.69,5.28,10.389,7.639,300.0,1.503,0.0,7.75,26.515,0.0,0.0,0.002,0.66,0.0,40.07,39.44,39.912,1.0,500.0,1.0,1.0,1.0,1.0,1.0,1.0,1.0,1.0,1.0,0.218,10.988,4.777,8.399,10.053,39.049,4.312,21.39,11.537,17.27,19.9,0.0,2.61,5.19,1.34,5.4350000000000005,0.13,2.61,5.2,1.31,5.41
1541952,Dimensional / Alignment,2.69,5.28,10.332,7.639,300.0,1.503,0.0,7.75,26.515,0.0,0.0,0.003,0.66,0.0,40.07,39.081,40.026,1.0,500.0,1.0,1.0,1.0,1.0,1.0,1.0,1.0,1.0,1.0,0.184,10.902,4.78,8.433,10.054,39.633,4.223,21.375,11.573,17.42,20.006,0.0,2.61,5.19,1.34,5.4350000000000005,0.13,2.61,5.2,1.31,5.41
1541952,Dimensional / Alignment,2.69,5.28,10.356,7.639,300.0,1.503,0.0,7.75,26.515,0.0,0.0,0.003,0.66,0.0,40.07,39.078,39.755,1.0,500.0,1.0,1.0,1.0,1.0,1.0,1.0,1.0,1.0,1.0,0.199,10.913,4.78,8.433,10.054,40.284,4.295,21.37,11.59,17.404,19.987,0.0,2.61,5.19,1.34,5.4350000000000005,0.13,2.61,5.2,1.31,5.41
1541952,Dimensional / Alignment,2.69,5.28,10.27,7.639,300.0,1.503,0.0,7.75,26.515,0.0,0.0,0.003,0.66,0.0,40.07,38.939,39.171,1.0,500.0,1.0,1.0,1.0,1.0,1.0,1.0,1.0,1.0,1.0,0.217,10.878,4.837,8.446,10.033,39.042,10.0,100.0,100.0,100.0,100.0,0.0,2.61,5.19,1.34,5.4350000000000005,0.13,2.61,5.2,1.31,5.41
1541952,Dimensional / Alignment,2.69,5.28,10.259,7.639,300.0,1.503,0.0,7.75,26.515,0.0,0.0,0.004,0.66,0.0,40.07,39.526,39.438,1.0,500.0,1.0,1.0,1.0,1.0,1.0,1.0,1.0,1.0,1.0,0.239,10.788,5.072,8.565,10.028,39.68,10.0,100.0,100.0,100.0,100.0,0.0,2.61,5.19,1.34,5.4350000000000005,0.13,2.61,5.2,1.31,5.41
1541952,Dimensional / Alignment,2.69,5.28,10.328,7.639,300.0,1.503,0.0,7.75,26.515,0.0,0.0,0.002,0.66,0.0,40.07,39.163,39.819,1.0,500.0,1.0,1.0,1.0,1.0,1.0,1.0,1.0,1.0,1.0,0.228,10.931,4.686,8.369,10.032,39.814,4.326,21.342,11.41,17.256,19.909,0.0,2.61,5.19,1.34,5.4350000000000005,0.13,2.61,5.2,1.31,5.41
1541952,Dimensional / Alignment,2.69,5.28,10.389,7.639,300.0,1.503,0.0,7.75,26.515,0.0,0.0,0.002,0.66,0.0,40.07,39.44,39.912,1.0,500.0,1.0,1.0,1.0,1.0,1.0,1.0,1.0,1.0,1.0,0.218,10.988,4.777,8.399,10.053,39.049,4.312,21.39,11.537,17.27,19.9,0.0,2.61,5.19,1.34,5.4350000000000005,0.13,2.61,5.2,1.31,5.41
1541952,Dimensional / Alignment,2.69,5.28,10.332,7.639,300.0,1.503,0.0,7.75,26.515,0.0,0.0,0.003,0.66,0.0,40.07,39.081,40.026,1.0,500.0,1.0,1.0,1.0,1.0,1.0,1.0,1.0,1.0,1.0,0.184,10.902,4.78,8.433,10.054,39.633,4.223,21.375,11.573,17.42,20.006,0.0,2.61,5.19,1.34,5.4350000000000005,0.13,2.61,5.2,1.31,5.41
1541952,Dimensional / Alignment,2.69,5.28,10.356,7.639,300.0,1.503,0.0,7.75,26.515,0.0,0.0,0.003,0.66,0.0,40.07,39.078,39.755,1.0,500.0,1.0,1.0,1.0,1.0,1.0,1.0,1.0,1.0,1.0,0.199,10.913,4.78,8.433,10.054,40.284,4.295,21.37,11.59,17.404,19.987,0.0,2.61,5.19,1.34,5.4350000000000005,0.13,2.61,5.2,1.31,5.41
1535677,Dimensional / Alignment,2.69,5.28,6.771,7.639,300.0,1.503,0.0,7.75,26.515,0.0,0.0,0.002,0.66,0.0,40.07,39.12,39.412,1.0,500.0,1.0,1.0,1.0,1.0,1.0,1.0,1.0,1.0,1.0,0.289,10.498,6.35,8.984,10.001,39.947,4.151,20.458,12.899,17.499,19.529,0.0,2.61,5.19,1.34,5.4350000000000005,0.13,2.61,5.2,1.31,5.41
1535677,Dimensional / Alignment,2.69,5.28,6.822,7.639,300.0,1.503,0.0,7.75,26.515,0.0,0.0,0.001,0.66,0.0,40.07,39.065,39.52,1.0,500.0,1.0,1.0,1.0,1.0,1.0,1.0,1.0,1.0,1.0,0.239,10.515,6.205,8.916,9.989,39.947,4.151,20.458,12.899,17.499,19.529,0.0,2.61,5.19,1.34,5.4350000000000005,0.13,2.61,5.2,1.31,5.41
1535677,Dimensional / Alignment,2.69,5.28,6.895,7.639,300.0,1.503,0.0,7.75,26.515,0.0,0.0,0.001,0.66,0.0,40.07,39.066,39.223,1.0,500.0,1.0,1.0,1.0,1.0,1.0,1.0,1.0,1.0,1.0,0.248,10.66,5.744,8.715,10.001,39.947,4.151,20.458,12.899,17.499,19.529,0.0,2.61,5.19,1.34,5.4350000000000005,0.13,2.61,5.2,1.31,5.41
1535677,Dimensional / Alignment,2.69,5.28,6.932,7.639,300.0,1.503,0.0,7.75,26.515,0.0,0.0,0.001,0.66,0.0,40.07,39.581,39.58,1.0,500.0,1.0,1.0,1.0,1.0,1.0,1.0,1.0,1.0,1.0,0.247,10.675,5.72,8.707,9.987,39.947,4.151,20.458,12.899,17.499,19.529,0.0,2.61,5.19,1.34,5.4350000000000005,0.13,2.61,5.2,1.31,5.41
1494873,Other / Minor Defects,2.91,7.09,8.15,7.44,300.0,1.88,0.0,7.75,26.4,0.0,0.0,0.0,0.66,0.0,39.17,39.57,39.3,1.0,500.0,1.0,1.0,1.0,1.0,1.0,1.0,1.0,1.0,1.0,0.193,10.1815,5.160500000000001,8.5145,9.791,39.947,4.151,20.458,12.899,17.499,19.529,0.0,2.61,5.19,1.34,5.4350000000000005,0.13,2.61,5.2,1.31,5.41
1506301,ASIC / EEPROM,2.69,5.28,8.07,7.639,300.0,1.503,0.0,7.75,26.515,0.0,0.0,0.001,0.66,0.0,40.07,39.98,40.544,1.0,500.0,1.0,1.0,1.0,1.0,1.0,1.0,1.0,1.0,1.0,0.193,10.1815,5.160500000000001,8.5145,9.791,39.947,4.151,20.458,12.899,17.499,19.529,0.0,2.61,5.19,1.34,5.4350000000000005,0.13,2.61,5.2,1.31,5.41
1506301,ASIC / EEPROM,2.69,5.28,8.07,7.639,300.0,1.503,0.0,7.75,26.515,0.0,0.0,0.001,0.66,0.0,40.07,39.98,40.544,1.0,500.0,1.0,1.0,1.0,1.0,1.0,1.0,1.0,1.0,1.0,0.193,10.1815,5.160500000000001,8.5145,9.791,39.947,4.151,20.458,12.899,17.499,19.529,0.0,2.61,5.19,1.34,5.4350000000000005,0.13,2.61,5.2,1.31,5.41
1506301,ASIC / EEPROM,2.69,5.28,8.07,7.639,300.0,1.503,0.0,7.75,26.515,0.0,0.0,0.001,0.66,0.0,40.07,39.98,40.544,1.0,500.0,1.0,1.0,1.0,1.0,1.0,1.0,1.0,1.0,1.0,0.193,10.1815,5.160500000000001,8.5145,9.791,39.947,4.151,20.458,12.899,17.499,19.529,0.0,2.61,5.19,1.34,5.4350000000000005,0.13,2.61,5.2,1.31,5.41
1506301,ASIC / EEPROM,2.69,5.28,8.07,7.639,300.0,1.503,0.0,7.75,26.515,0.0,0.0,0.001,0.66,0.0,40.07,39.98,40.544,1.0,500.0,1.0,1.0,1.0,1.0,1.0,1.0,1.0,1.0,1.0,0.193,10.1815,5.160500000000001,8.5145,9.791,39.947,4.151,20.458,12.899,17.499,19.529,0.0,2.61,5.19,1.34,5.4350000000000005,0.13,2.61,5.2,1.31,5.41
1506301,ASIC / EEPROM,2.69,5.28,8.07,7.639,300.0,1.503,0.0,7.75,26.515,0.0,0.0,0.001,0.66,0.0,40.07,39.98,40.544,1.0,500.0,1.0,1.0,1.0,1.0,1.0,1.0,1.0,1.0,1.0,0.193,10.1815,5.160500000000001,8.5145,9.791,39.947,4.151,20.458,12.899,17.499,19.529,0.0,2.61,5.19,1.34,5.4350000000000005,0.13,2.61,5.2,1.31,5.41
1503152,Other / Minor Defects,3.774,3.763,8.267,7.624,264.6,0.963,0.0,7.75,26.515,0.0,0.0,0.005,0.661,0.004,40.058,40.596,39.688,1.0,500.0,1.0,1.0,1.0,1.0,1.0,1.0,1.0,1.0,1.0,0.193,10.1815,5.160500000000001,8.5145,9.791,39.947,4.151,20.458,12.899,17.499,19.529,0.0,2.61,5.19,1.34,5.4350000000000005,0.13,2.61,5.2,1.31,5.41
1636142,Dimensional / Alignment,2.69,5.28,11.894,7.639,300.0,1.503,0.0,7.75,26.515,0.0,0.0,0.0,0.66,0.0,40.07,39.873,40.237,1.0,500.0,1.0,1.0,1.0,1.0,1.0,1.0,1.0,1.0,1.0,0.207,10.864,4.366,8.034,10.071,39.923,4.271,21.139,10.839,16.637,19.848,0.0,2.61,5.19,1.34,5.4350000000000005,0.13,2.61,5.2,1.31,5.41
1636142,Dimensional / Alignment,2.69,5.28,11.901,7.639,300.0,1.503,0.0,7.75,26.515,0.0,0.0,-0.001,0.66,0.0,40.07,39.813,40.507,1.0,500.0,1.0,1.0,1.0,1.0,1.0,1.0,1.0,1.0,1.0,0.129,11.188,4.435,8.22,10.077,40.068,4.142,21.712,10.974,16.98,19.937,0.0,2.61,5.19,1.34,5.4350000000000005,0.13,2.61,5.2,1.31,5.41
1636142,Dimensional / Alignment,2.69,5.28,11.902,7.639,300.0,1.503,0.0,7.75,26.515,0.0,0.0,0.0,0.66,0.0,40.07,40.241,40.724,1.0,500.0,1.0,1.0,1.0,1.0,1.0,1.0,1.0,1.0,1.0,0.155,11.131,4.593,8.284,10.06,39.783,4.175,21.579,11.212,17.06,19.886,0.0,2.61,5.19,1.34,5.4350000000000005,0.13,2.61,5.2,1.31,5.41
1636142,Dimensional / Alignment,2.69,5.28,11.894,7.639,300.0,1.503,0.0,7.75,26.515,0.0,0.0,0.0,0.66,0.0,40.07,39.998,40.313,1.0,500.0,1.0,1.0,1.0,1.0,1.0,1.0,1.0,1.0,1.0,0.182,11.156,4.621,8.315,10.091,40.14,4.188,21.483,11.182,17.007,19.812,0.0,2.61,5.19,1.34,5.4350000000000005,0.13,2.61,5.2,1.31,5.41
1636142,Dimensional / Alignment,2.69,5.28,11.796,7.639,300.0,1.503,0.0,7.75,26.515,0.0,0.0,0.0,0.66,0.0,40.07,40.166,40.76,1.0,500.0,1.0,1.0,1.0,1.0,1.0,1.0,1.0,1.0,1.0,0.182,11.12,4.679,8.348,10.086,40.158,4.235,21.56,11.357,17.176,19.928,0.0,2.61,5.19,1.34,5.4350000000000005,0.13,2.61,5.2,1.31,5.41
1636142,Dimensional / Alignment,2.69,5.28,11.78,7.639,300.0,1.503,0.0,7.75,26.515,0.0,0.0,-0.001,0.66,0.0,40.07,39.711,40.301,1.0,500.0,1.0,1.0,1.0,1.0,1.0,1.0,1.0,1.0,1.0,0.124,11.077,4.692,8.351,10.056,39.84,4.152,21.517,11.394,17.193,19.909,0.0,2.61,5.19,1.34,5.4350000000000005,0.13,2.61,5.2,1.31,5.41
1636142,Dimensional / Alignment,2.69,5.28,11.763,7.639,300.0,1.503,0.0,7.75,26.515,0.0,0.0,-0.001,0.66,0.0,40.07,39.683,40.842,1.0,500.0,1.0,1.0,1.0,1.0,1.0,1.0,1.0,1.0,1.0,0.272,11.127,4.744,8.38,10.103,39.522,4.35,21.556,11.434,17.192,19.935,0.0,2.61,5.19,1.34,5.4350000000000005,0.13,2.61,5.2,1.31,5.41
1636142,Dimensional / Alignment,2.69,5.28,11.811,7.639,300.0,1.503,0.0,7.75,26.515,0.0,0.0,0.0,0.66,0.0,40.07,39.902,40.658,1.0,500.0,1.0,1.0,1.0,1.0,1.0,1.0,1.0,1.0,1.0,0.198,11.08,4.762,8.387,10.08,40.242,4.261,21.517,11.494,17.236,19.926,0.0,2.61,5.19,1.34,5.4350000000000005,0.13,2.61,5.2,1.31,5.41
1636142,Dimensional / Alignment,2.69,5.28,11.736,7.639,300.0,1.503,0.0,7.75,26.515,0.0,0.0,0.0,0.66,0.0,40.07,39.791,40.606,1.0,500.0,1.0,1.0,1.0,1.0,1.0,1.0,1.0,1.0,1.0,0.242,11.022,4.768,8.379,10.04,39.652,4.318,21.417,11.498,17.223,19.869,0.0,2.61,5.19,1.34,5.4350000000000005,0.13,2.61,5.2,1.31,5.41
1636142,Dimensional / Alignment,2.69,5.28,11.859,7.639,300.0,1.503,0.0,7.75,26.515,0.0,0.0,0.0,0.66,0.0,40.07,40.231,40.922,1.0,500.0,1.0,1.0,1.0,1.0,1.0,1.0,1.0,1.0,1.0,0.237,11.048,4.815,8.386,10.048,39.214,4.268,21.302,11.48,17.115,19.74,0.0,2.61,5.19,1.34,5.4350000000000005,0.13,2.61,5.2,1.31,5.41
1636142,Dimensional / Alignment,2.69,5.28,11.894,7.639,300.0,1.503,0.0,7.75,26.515,0.0,0.0,0.0,0.66,0.0,40.07,39.873,40.237,1.0,500.0,1.0,1.0,1.0,1.0,1.0,1.0,1.0,1.0,1.0,0.207,10.864,4.366,8.034,10.071,39.923,4.271,21.139,10.839,16.637,19.848,0.0,2.61,5.19,1.34,5.4350000000000005,0.13,2.61,5.2,1.31,5.41
1636142,Dimensional / Alignment,2.69,5.28,11.901,7.639,300.0,1.503,0.0,7.75,26.515,0.0,0.0,-0.001,0.66,0.0,40.07,39.813,40.507,1.0,500.0,1.0,1.0,1.0,1.0,1.0,1.0,1.0,1.0,1.0,0.129,11.188,4.435,8.22,10.077,40.068,4.142,21.712,10.974,16.98,19.937,0.0,2.61,5.19,1.34,5.4350000000000005,0.13,2.61,5.2,1.31,5.41
1636142,Dimensional / Alignment,2.69,5.28,11.902,7.639,300.0,1.503,0.0,7.75,26.515,0.0,0.0,0.0,0.66,0.0,40.07,40.241,40.724,1.0,500.0,1.0,1.0,1.0,1.0,1.0,1.0,1.0,1.0,1.0,0.155,11.131,4.593,8.284,10.06,39.783,4.175,21.579,11.212,17.06,19.886,0.0,2.61,5.19,1.34,5.4350000000000005,0.13,2.61,5.2,1.31,5.41
1636142,Dimensional / Alignment,2.69,5.28,11.894,7.639,300.0,1.503,0.0,7.75,26.515,0.0,0.0,0.0,0.66,0.0,40.07,39.998,40.313,1.0,500.0,1.0,1.0,1.0,1.0,1.0,1.0,1.0,1.0,1.0,0.182,11.156,4.621,8.315,10.091,40.14,4.188,21.483,11.182,17.007,19.812,0.0,2.61,5.19,1.34,5.4350000000000005,0.13,2.61,5.2,1.31,5.41
1636142,Dimensional / Alignment,2.69,5.28,11.796,7.639,300.0,1.503,0.0,7.75,26.515,0.0,0.0,0.0,0.66,0.0,40.07,40.166,40.76,1.0,500.0,1.0,1.0,1.0,1.0,1.0,1.0,1.0,1.0,1.0,0.182,11.12,4.679,8.348,10.086,40.158,4.235,21.56,11.357,17.176,19.928,0.0,2.61,5.19,1.34,5.4350000000000005,0.13,2.61,5.2,1.31,5.41
1636142,Dimensional / Alignment,2.69,5.28,11.78,7.639,300.0,1.503,0.0,7.75,26.515,0.0,0.0,-0.001,0.66,0.0,40.07,39.711,40.301,1.0,500.0,1.0,1.0,1.0,1.0,1.0,1.0,1.0,1.0,1.0,0.124,11.077,4.692,8.351,10.056,39.84,4.152,21.517,11.394,17.193,19.909,0.0,2.61,5.19,1.34,5.4350000000000005,0.13,2.61,5.2,1.31,5.41
1636142,Dimensional / Alignment,2.69,5.28,11.763,7.639,300.0,1.503,0.0,7.75,26.515,0.0,0.0,-0.001,0.66,0.0,40.07,39.683,40.842,1.0,500.0,1.0,1.0,1.0,1.0,1.0,1.0,1.0,1.0,1.0,0.272,11.127,4.744,8.38,10.103,39.522,4.35,21.556,11.434,17.192,19.935,0.0,2.61,5.19,1.34,5.4350000000000005,0.13,2.61,5.2,1.31,5.41
1636142,Dimensional / Alignment,2.69,5.28,11.811,7.639,300.0,1.503,0.0,7.75,26.515,0.0,0.0,0.0,0.66,0.0,40.07,39.902,40.658,1.0,500.0,1.0,1.0,1.0,1.0,1.0,1.0,1.0,1.0,1.0,0.198,11.08,4.762,8.387,10.08,40.242,4.261,21.517,11.494,17.236,19.926,0.0,2.61,5.19,1.34,5.4350000000000005,0.13,2.61,5.2,1.31,5.41
1636142,Dimensional / Alignment,2.69,5.28,11.736,7.639,300.0,1.503,0.0,7.75,26.515,0.0,0.0,0.0,0.66,0.0,40.07,39.791,40.606,1.0,500.0,1.0,1.0,1.0,1.0,1.0,1.0,1.0,1.0,1.0,0.242,11.022,4.768,8.379,10.04,39.652,4.318,21.417,11.498,17.223,19.869,0.0,2.61,5.19,1.34,5.4350000000000005,0.13,2.61,5.2,1.31,5.41
1636142,Dimensional / Alignment,2.69,5.28,11.859,7.639,300.0,1.503,0.0,7.75,26.515,0.0,0.0,0.0,0.66,0.0,40.07,40.231,40.922,1.0,500.0,1.0,1.0,1.0,1.0,1.0,1.0,1.0,1.0,1.0,0.237,11.048,4.815,8.386,10.048,39.214,4.268,21.302,11.48,17.115,19.74,0.0,2.61,5.19,1.34,5.4350000000000005,0.13,2.61,5.2,1.31,5.41
1566436,Dimensional / Alignment,2.69,5.28,6.821,7.639,300.0,1.503,0.0,7.75,26.515,0.0,0.0,0.001,0.66,0.0,40.07,41.039,41.728,1.0,500.0,1.0,1.0,1.0,1.0,1.0,1.0,1.0,1.0,1.0,0.233,7.152,4.176,6.008,6.795,39.947,4.151,20.458,12.899,17.499,19.529,0.0,2.61,5.19,1.34,5.4350000000000005,0.13,2.61,5.2,1.31,5.41
1566436,Dimensional / Alignment,2.69,5.28,6.769,7.639,300.0,1.503,0.0,7.75,26.515,0.0,0.0,0.001,0.66,0.0,40.07,40.1,40.804,1.0,500.0,1.0,1.0,1.0,1.0,1.0,1.0,1.0,1.0,1.0,5.979,9.986,6.616,9.972,9.993,39.947,4.151,20.458,12.899,17.499,19.529,0.0,2.61,5.19,1.34,5.4350000000000005,0.13,2.61,5.2,1.31,5.41
1566436,Dimensional / Alignment,2.69,5.28,6.901,7.639,300.0,1.503,0.0,7.75,26.515,0.0,0.0,0.001,0.66,0.0,40.07,40.32,40.654,1.0,500.0,1.0,1.0,1.0,1.0,1.0,1.0,1.0,1.0,1.0,3.181,10.026,6.616,9.957,10.015,39.947,4.151,20.458,12.899,17.499,19.529,0.0,2.61,5.19,1.34,5.4350000000000005,0.13,2.61,5.2,1.31,5.41
1566436,Dimensional / Alignment,2.69,5.28,6.756,7.639,300.0,1.503,0.0,7.75,26.515,0.0,0.0,0.001,0.66,0.0,40.07,40.865,41.602,1.0,500.0,1.0,1.0,1.0,1.0,1.0,1.0,1.0,1.0,1.0,0.386,10.391,6.542,9.135,9.984,39.947,4.151,20.458,12.899,17.499,19.529,0.0,2.61,5.19,1.34,5.4350000000000005,0.13,2.61,5.2,1.31,5.41
1566436,Dimensional / Alignment,2.69,5.28,6.889,7.639,300.0,1.503,0.0,7.75,26.515,0.0,0.0,0.001,0.66,0.0,40.07,41.057,40.032,1.0,500.0,1.0,1.0,1.0,1.0,1.0,1.0,1.0,1.0,1.0,0.322,10.549,6.165,8.931,10.03,39.947,4.151,20.458,12.899,17.499,19.529,0.0,2.61,5.19,1.34,5.4350000000000005,0.13,2.61,5.2,1.31,5.41
1527772,Flex / PCB / Solder / Wiring,2.69,5.28,8.07,7.639,300.0,1.503,0.0,7.75,26.515,0.0,0.0,0.001,0.66,0.0,40.07,39.98,40.544,1.0,500.0,1.0,1.0,1.0,1.0,1.0,1.0,1.0,1.0,1.0,0.193,10.1815,5.160500000000001,8.5145,9.791,39.947,4.151,20.458,12.899,17.499,19.529,0.0,2.61,5.19,1.34,5.4350000000000005,0.13,2.61,5.2,1.31,5.41
1647168,Dimensional / Alignment,2.69,5.28,6.904,7.639,300.0,1.503,0.0,7.75,26.515,0.0,0.0,0.0,0.66,0.0,40.07,40.452,40.49,1.0,500.0,1.0,1.0,1.0,1.0,1.0,1.0,1.0,1.0,1.0,0.77,10.117,6.384,9.8,10.061,39.947,4.151,20.458,12.899,17.499,19.529,0.0,2.61,5.19,1.34,5.4350000000000005,0.13,2.61,5.2,1.31,5.41
1647168,Dimensional / Alignment,2.69,5.28,6.966,7.639,300.0,1.503,0.0,7.75,26.515,0.0,0.0,0.0,0.66,0.0,40.07,40.097,40.356,1.0,500.0,1.0,1.0,1.0,1.0,1.0,1.0,1.0,1.0,1.0,1.055,10.064,6.519,9.791,10.01,39.947,4.151,20.458,12.899,17.499,19.529,0.0,2.61,5.19,1.34,5.4350000000000005,0.13,2.61,5.2,1.31,5.41
1647168,Dimensional / Alignment,2.69,5.28,6.943,7.639,300.0,1.503,0.0,7.75,26.515,0.0,0.0,0.0,0.66,0.0,40.07,40.365,39.861,1.0,500.0,1.0,1.0,1.0,1.0,1.0,1.0,1.0,1.0,1.0,0.723,10.173,6.202,9.638,10.027,39.947,4.151,20.458,12.899,17.499,19.529,0.0,2.61,5.19,1.34,5.4350000000000005,0.13,2.61,5.2,1.31,5.41
1647168,Dimensional / Alignment,2.69,5.28,6.942,7.639,300.0,1.503,0.0,7.75,26.515,0.0,0.0,0.0,0.66,0.0,40.07,40.417,40.481,1.0,500.0,1.0,1.0,1.0,1.0,1.0,1.0,1.0,1.0,1.0,0.232,10.53,6.079,8.883,10.006,39.947,4.151,20.458,12.899,17.499,19.529,0.0,2.61,5.19,1.34,5.4350000000000005,0.13,2.61,5.2,1.31,5.41
1647168,Dimensional / Alignment,2.69,5.28,6.938,7.639,300.0,1.503,0.0,7.75,26.515,0.0,0.0,0.001,0.66,0.0,40.07,40.313,41.029,1.0,500.0,1.0,1.0,1.0,1.0,1.0,1.0,1.0,1.0,1.0,0.237,10.56,5.915,8.767,9.957,39.947,4.151,20.458,12.899,17.499,19.529,0.0,2.61,5.19,1.34,5.4350000000000005,0.13,2.61,5.2,1.31,5.41
1647168,Dimensional / Alignment,2.69,5.28,6.857,7.639,300.0,1.503,0.0,7.75,26.515,0.0,0.0,0.0,0.66,0.0,40.07,40.202,40.369,1.0,500.0,1.0,1.0,1.0,1.0,1.0,1.0,1.0,1.0,1.0,0.284,10.63,5.911,8.817,10.038,39.947,4.151,20.458,12.899,17.499,19.529,0.0,2.61,5.19,1.34,5.4350000000000005,0.13,2.61,5.2,1.31,5.41
1647168,Dimensional / Alignment,2.69,5.28,6.91,7.639,300.0,1.503,0.0,7.75,26.515,0.0,0.0,0.0,0.66,0.0,40.07,39.878,40.757,1.0,500.0,1.0,1.0,1.0,1.0,1.0,1.0,1.0,1.0,1.0,0.259,10.66,5.798,8.776,10.051,39.947,4.151,20.458,12.899,17.499,19.529,0.0,2.61,5.19,1.34,5.4350000000000005,0.13,2.61,5.2,1.31,5.41
1647168,Dimensional / Alignment,2.69,5.28,6.799,7.639,300.0,1.503,0.0,7.75,26.515,0.0,0.0,0.0,0.66,0.0,40.07,39.786,40.486,1.0,500.0,1.0,1.0,1.0,1.0,1.0,1.0,1.0,1.0,1.0,0.157,10.688,5.733,8.761,10.06,39.947,4.151,20.458,12.899,17.499,19.529,0.0,2.61,5.19,1.34,5.4350000000000005,0.13,2.61,5.2,1.31,5.41
1647168,Dimensional / Alignment,2.69,5.28,6.847,7.639,300.0,1.503,0.0,7.75,26.515,0.0,0.0,0.0,0.66,0.0,40.07,40.129,40.961,1.0,500.0,1.0,1.0,1.0,1.0,1.0,1.0,1.0,1.0,1.0,0.187,10.68,5.667,8.736,10.076,39.947,4.151,20.458,12.899,17.499,19.529,0.0,2.61,5.19,1.34,5.4350000000000005,0.13,2.61,5.2,1.31,5.41
1584655,Coil,2.69,5.28,8.07,7.639,300.0,1.503,0.0,7.75,26.515,0.0,0.0,0.001,0.66,0.0,40.07,39.98,40.544,1.0,500.0,1.0,1.0,1.0,1.0,1.0,1.0,1.0,1.0,1.0,0.193,10.1815,5.160500000000001,8.5145,9.791,39.947,4.151,20.458,12.899,17.499,19.529,0.0,2.61,5.19,1.34,5.4350000000000005,0.13,2.61,5.2,1.31,5.41
1584655,Coil,2.69,5.28,8.07,7.639,300.0,1.503,0.0,7.75,26.515,0.0,0.0,0.001,0.66,0.0,40.07,39.98,40.544,1.0,500.0,1.0,1.0,1.0,1.0,1.0,1.0,1.0,1.0,1.0,0.193,10.1815,5.160500000000001,8.5145,9.791,39.947,4.151,20.458,12.899,17.499,19.529,0.0,2.61,5.19,1.34,5.4350000000000005,0.13,2.61,5.2,1.31,5.41
1584655,Coil,2.69,5.28,8.07,7.639,300.0,1.503,0.0,7.75,26.515,0.0,0.0,0.001,0.66,0.0,40.07,39.98,40.544,1.0,500.0,1.0,1.0,1.0,1.0,1.0,1.0,1.0,1.0,1.0,0.193,10.1815,5.160500000000001,8.5145,9.791,39.947,4.151,20.458,12.899,17.499,19.529,0.0,2.61,5.19,1.34,5.4350000000000005,0.13,2.61,5.2,1.31,5.41
1584655,Coil,2.69,5.28,8.07,7.639,300.0,1.503,0.0,7.75,26.515,0.0,0.0,0.001,0.66,0.0,40.07,39.98,40.544,1.0,500.0,1.0,1.0,1.0,1.0,1.0,1.0,1.0,1.0,1.0,0.193,10.1815,5.160500000000001,8.5145,9.791,39.947,4.151,20.458,12.899,17.499,19.529,0.0,2.61,5.19,1.34,5.4350000000000005,0.13,2.61,5.2,1.31,5.41
1542445,Other / Minor Defects,2.69,5.28,6.776,7.639,300.0,1.503,0.0,7.75,26.515,0.0,0.0,0.004,0.66,0.0,40.07,39.523,39.975,1.0,500.0,1.0,1.0,1.0,1.0,1.0,1.0,1.0,1.0,1.0,0.21,10.741,5.455,8.56,9.971,39.947,4.151,20.458,12.899,17.499,19.529,0.0,2.61,5.19,1.34,5.4350000000000005,0.13,2.61,5.2,1.31,5.41
1542445,Other / Minor Defects,2.69,5.28,6.682,7.639,300.0,1.503,0.0,7.75,26.515,0.0,0.0,0.004,0.66,0.0,40.07,39.283,39.554,1.0,500.0,1.0,1.0,1.0,1.0,1.0,1.0,1.0,1.0,1.0,0.206,10.414,5.331,8.521,10.016,39.947,4.151,20.458,12.899,17.499,19.529,0.0,2.61,5.19,1.34,5.4350000000000005,0.13,2.61,5.2,1.31,5.41
1542445,Other / Minor Defects,2.69,5.28,6.868,7.639,300.0,1.503,0.0,7.75,26.515,0.0,0.0,0.003,0.66,0.0,40.07,39.719,40.394,1.0,500.0,1.0,1.0,1.0,1.0,1.0,1.0,1.0,1.0,1.0,0.245,10.892,5.131,8.436,10.045,39.947,4.151,20.458,12.899,17.499,19.529,0.0,2.61,5.19,1.34,5.4350000000000005,0.13,2.61,5.2,1.31,5.41
1542445,Other / Minor Defects,2.69,5.28,6.711,7.639,300.0,1.503,0.0,7.75,26.515,0.0,0.0,0.005,0.66,0.0,40.07,38.919,39.649,1.0,500.0,1.0,1.0,1.0,1.0,1.0,1.0,1.0,1.0,1.0,0.248,10.785,5.443,8.572,10.001,39.947,4.151,20.458,12.899,17.499,19.529,0.0,2.61,5.19,1.34,5.4350000000000005,0.13,2.61,5.2,1.31,5.41
1542445,Other / Minor Defects,2.69,5.28,6.898,7.639,300.0,1.503,0.0,7.75,26.515,0.0,0.0,0.005,0.66,0.0,40.07,39.043,39.582,1.0,500.0,1.0,1.0,1.0,1.0,1.0,1.0,1.0,1.0,1.0,0.358,10.454,6.432,9.241,10.062,39.947,4.151,20.458,12.899,17.499,19.529,0.0,2.61,5.19,1.34,5.4350000000000005,0.13,2.61,5.2,1.31,5.41
1542445,Dimensional / Alignment,2.69,5.28,6.797,7.639,300.0,1.503,0.0,7.75,26.515,0.0,0.0,0.001,0.66,0.0,40.07,38.767,39.263,1.0,500.0,1.0,1.0,1.0,1.0,1.0,1.0,1.0,1.0,1.0,0.572,10.142,6.112,9.69,10.037,39.947,4.151,20.458,12.899,17.499,19.529,0.0,2.61,5.19,1.34,5.4350000000000005,0.13,2.61,5.2,1.31,5.41
1542445,Dimensional / Alignment,2.69,5.28,6.898,7.639,300.0,1.503,0.0,7.75,26.515,0.0,0.0,0.005,0.66,0.0,40.07,39.043,39.582,1.0,500.0,1.0,1.0,1.0,1.0,1.0,1.0,1.0,1.0,1.0,0.358,10.454,6.432,9.241,10.062,39.947,4.151,20.458,12.899,17.499,19.529,0.0,2.61,5.19,1.34,5.4350000000000005,0.13,2.61,5.2,1.31,5.41
1542445,Dimensional / Alignment,2.69,5.28,6.734,7.639,300.0,1.503,0.0,7.75,26.515,0.0,0.0,0.002,0.66,0.0,40.07,38.733,40.478,1.0,500.0,1.0,1.0,1.0,1.0,1.0,1.0,1.0,1.0,1.0,0.296,10.326,6.395,9.263,10.006,39.947,4.151,20.458,12.899,17.499,19.529,0.0,2.61,5.19,1.34,5.4350000000000005,0.13,2.61,5.2,1.31,5.41
1542445,Dimensional / Alignment,2.69,5.28,6.796,7.639,300.0,1.503,0.0,7.75,26.515,0.0,0.0,0.002,0.66,0.0,40.07,39.507,40.165,1.0,500.0,1.0,1.0,1.0,1.0,1.0,1.0,1.0,1.0,1.0,0.312,10.63,5.871,8.779,10.013,39.947,4.151,20.458,12.899,17.499,19.529,0.0,2.61,5.19,1.34,5.4350000000000005,0.13,2.61,5.2,1.31,5.41
1542445,Dimensional / Alignment,2.69,5.28,6.758,7.639,300.0,1.503,0.0,7.75,26.515,0.0,0.0,0.002,0.66,0.0,40.07,39.352,39.605,1.0,500.0,1.0,1.0,1.0,1.0,1.0,1.0,1.0,1.0,1.0,0.245,10.64,5.854,8.767,10.011,39.947,4.151,20.458,12.899,17.499,19.529,0.0,2.61,5.19,1.34,5.4350000000000005,0.13,2.61,5.2,1.31,5.41
1542445,Dimensional / Alignment,2.69,5.28,6.792,7.639,300.0,1.503,0.0,7.75,26.515,0.0,0.0,0.002,0.66,0.0,40.07,39.435,39.44,1.0,500.0,1.0,1.0,1.0,1.0,1.0,1.0,1.0,1.0,1.0,0.288,10.663,5.745,8.71,9.998,39.947,4.151,20.458,12.899,17.499,19.529,0.0,2.61,5.19,1.34,5.4350000000000005,0.13,2.61,5.2,1.31,5.41
1666075,Dimensional / Alignment,2.69,5.28,8.07,7.639,300.0,1.503,0.0,7.75,26.515,0.0,0.0,0.001,0.66,0.0,40.07,39.98,40.544,1.0,500.0,1.0,1.0,1.0,1.0,1.0,1.0,1.0,1.0,1.0,0.193,10.1815,5.160500000000001,8.5145,9.791,39.947,4.151,20.458,12.899,17.499,19.529,0.0,2.61,5.19,1.34,5.4350000000000005,0.13,2.61,5.2,1.31,5.41
1666075,Dimensional / Alignment,2.69,5.28,8.07,7.639,300.0,1.503,0.0,7.75,26.515,0.0,0.0,0.001,0.66,0.0,40.07,39.98,40.544,1.0,500.0,1.0,1.0,1.0,1.0,1.0,1.0,1.0,1.0,1.0,0.193,10.1815,5.160500000000001,8.5145,9.791,39.947,4.151,20.458,12.899,17.499,19.529,0.0,2.61,5.19,1.34,5.4350000000000005,0.13,2.61,5.2,1.31,5.41
1666075,Dimensional / Alignment,2.69,5.28,8.07,7.639,300.0,1.503,0.0,7.75,26.515,0.0,0.0,0.001,0.66,0.0,40.07,39.98,40.544,1.0,500.0,1.0,1.0,1.0,1.0,1.0,1.0,1.0,1.0,1.0,0.193,10.1815,5.160500000000001,8.5145,9.791,39.947,4.151,20.458,12.899,17.499,19.529,0.0,2.61,5.19,1.34,5.4350000000000005,0.13,2.61,5.2,1.31,5.41
1666075,Dimensional / Alignment,2.69,5.28,8.07,7.639,300.0,1.503,0.0,7.75,26.515,0.0,0.0,0.001,0.66,0.0,40.07,39.98,40.544,1.0,500.0,1.0,1.0,1.0,1.0,1.0,1.0,1.0,1.0,1.0,0.193,10.1815,5.160500000000001,8.5145,9.791,39.947,4.151,20.458,12.899,17.499,19.529,0.0,2.61,5.19,1.34,5.4350000000000005,0.13,2.61,5.2,1.31,5.41
1666075,Dimensional / Alignment,2.69,5.28,8.07,7.639,300.0,1.503,0.0,7.75,26.515,0.0,0.0,0.001,0.66,0.0,40.07,39.98,40.544,1.0,500.0,1.0,1.0,1.0,1.0,1.0,1.0,1.0,1.0,1.0,0.193,10.1815,5.160500000000001,8.5145,9.791,39.947,4.151,20.458,12.899,17.499,19.529,0.0,2.61,5.19,1.34,5.4350000000000005,0.13,2.61,5.2,1.31,5.41
1666075,Dimensional / Alignment,2.69,5.28,8.07,7.639,300.0,1.503,0.0,7.75,26.515,0.0,0.0,0.001,0.66,0.0,40.07,39.98,40.544,1.0,500.0,1.0,1.0,1.0,1.0,1.0,1.0,1.0,1.0,1.0,0.193,10.1815,5.160500000000001,8.5145,9.791,39.947,4.151,20.458,12.899,17.499,19.529,0.0,2.61,5.19,1.34,5.4350000000000005,0.13,2.61,5.2,1.31,5.41
1666075,Dimensional / Alignment,2.69,5.28,8.07,7.639,300.0,1.503,0.0,7.75,26.515,0.0,0.0,0.001,0.66,0.0,40.07,39.98,40.544,1.0,500.0,1.0,1.0,1.0,1.0,1.0,1.0,1.0,1.0,1.0,0.193,10.1815,5.160500000000001,8.5145,9.791,39.947,4.151,20.458,12.899,17.499,19.529,0.0,2.61,5.19,1.34,5.4350000000000005,0.13,2.61,5.2,1.31,5.41
1666075,Dimensional / Alignment,2.69,5.28,8.07,7.639,300.0,1.503,0.0,7.75,26.515,0.0,0.0,0.001,0.66,0.0,40.07,39.98,40.544,1.0,500.0,1.0,1.0,1.0,1.0,1.0,1.0,1.0,1.0,1.0,0.193,10.1815,5.160500000000001,8.5145,9.791,39.947,4.151,20.458,12.899,17.499,19.529,0.0,2.61,5.19,1.34,5.4350000000000005,0.13,2.61,5.2,1.31,5.41
1666075,Dimensional / Alignment,2.69,5.28,8.07,7.639,300.0,1.503,0.0,7.75,26.515,0.0,0.0,0.001,0.66,0.0,40.07,39.98,40.544,1.0,500.0,1.0,1.0,1.0,1.0,1.0,1.0,1.0,1.0,1.0,0.193,10.1815,5.160500000000001,8.5145,9.791,39.947,4.151,20.458,12.899,17.499,19.529,0.0,2.61,5.19,1.34,5.4350000000000005,0.13,2.61,5.2,1.31,5.41
1562436,Dimensional / Alignment,2.69,5.28,10.272,7.639,300.0,1.503,0.0,7.75,26.515,0.0,0.0,0.002,0.66,0.0,40.07,39.044,39.425,1.0,500.0,1.0,1.0,1.0,1.0,1.0,1.0,1.0,1.0,1.0,0.061,10.676,5.205,8.393,9.812,4.615,10.0,100.0,100.0,100.0,100.0,0.0,2.61,5.19,1.34,5.4350000000000005,0.13,2.61,5.2,1.31,5.41
1562436,Dimensional / Alignment,2.69,5.28,10.299,7.639,300.0,1.503,0.0,7.75,26.515,0.0,0.0,0.001,0.66,0.0,40.07,39.188,39.682,1.0,500.0,1.0,1.0,1.0,1.0,1.0,1.0,1.0,1.0,1.0,0.662,9.719,6.616,9.753,9.764,39.519,10.0,19.404,19.425,19.452,19.474,0.0,2.61,5.19,1.34,5.4350000000000005,0.13,2.61,5.2,1.31,5.41
1562436,Dimensional / Alignment,2.69,5.28,10.28,7.639,300.0,1.503,0.0,7.75,26.515,0.0,0.0,0.002,0.66,0.0,40.07,39.689,39.704,1.0,500.0,1.0,1.0,1.0,1.0,1.0,1.0,1.0,1.0,1.0,0.662,9.762,6.548,9.652,9.759,39.926,9.157,19.602,18.774,19.399,19.588,0.0,2.61,5.19,1.34,5.4350000000000005,0.13,2.61,5.2,1.31,5.41
1562436,Dimensional / Alignment,2.69,5.28,10.305,7.639,300.0,1.503,0.0,7.75,26.515,0.0,0.0,0.002,0.66,0.0,40.07,39.048,40.298,1.0,500.0,1.0,1.0,1.0,1.0,1.0,1.0,1.0,1.0,1.0,0.662,9.763,6.537,9.662,9.762,39.705,9.047,19.434,18.705,19.278,19.433,0.0,2.61,5.19,1.34,5.4350000000000005,0.13,2.61,5.2,1.31,5.41
1562436,Dimensional / Alignment,2.69,5.28,10.245,7.639,300.0,1.503,0.0,7.75,26.515,0.0,0.0,0.001,0.66,0.0,40.07,39.444,39.062,1.0,500.0,1.0,1.0,1.0,1.0,1.0,1.0,1.0,1.0,1.0,0.636,9.898,6.237,9.563,9.825,39.15,5.49,19.763,17.75,19.225,19.639,0.0,2.61,5.19,1.34,5.4350000000000005,0.13,2.61,5.2,1.31,5.41
1562436,Dimensional / Alignment,2.69,5.28,10.277,7.639,300.0,1.503,0.0,7.75,26.515,0.0,0.0,0.001,0.66,0.0,40.07,39.373,39.193,1.0,500.0,1.0,1.0,1.0,1.0,1.0,1.0,1.0,1.0,1.0,0.062,10.317,6.056,8.753,9.769,39.204,4.049,20.374,13.622,17.887,19.506,0.0,2.61,5.19,1.34,5.4350000000000005,0.13,2.61,5.2,1.31,5.41
1562436,Dimensional / Alignment,2.69,5.28,10.356,7.639,300.0,1.503,0.0,7.75,26.515,0.0,0.0,0.001,0.66,0.0,40.07,39.996,40.833,1.0,500.0,1.0,1.0,1.0,1.0,1.0,1.0,1.0,1.0,1.0,0.062,10.391,6.0,8.674,9.768,38.901,4.039,20.46,13.495,17.731,19.474,0.0,2.61,5.19,1.34,5.4350000000000005,0.13,2.61,5.2,1.31,5.41
1562436,Dimensional / Alignment,2.69,5.28,10.243,7.639,300.0,1.503,0.0,7.75,26.515,0.0,0.0,0.002,0.66,0.0,40.07,39.089,39.564,1.0,500.0,1.0,1.0,1.0,1.0,1.0,1.0,1.0,1.0,1.0,0.062,10.357,5.98,8.686,9.771,39.485,4.056,20.419,13.47,17.76,19.47,0.0,2.61,5.19,1.34,5.4350000000000005,0.13,2.61,5.2,1.31,5.41
1562436,Dimensional / Alignment,2.69,5.28,10.376,7.639,300.0,1.503,0.0,7.75,26.515,0.0,0.0,0.001,0.66,0.0,40.07,39.826,40.02,1.0,500.0,1.0,1.0,1.0,1.0,1.0,1.0,1.0,1.0,1.0,0.062,10.406,5.895,8.687,9.798,40.291,4.031,20.519,13.338,17.77,19.54,0.0,2.61,5.19,1.34,5.4350000000000005,0.13,2.61,5.2,1.31,5.41
1562436,Dimensional / Alignment,2.69,5.28,10.392,7.639,300.0,1.503,0.0,7.75,26.515,0.0,0.0,0.002,0.66,0.0,40.07,38.603,40.266,1.0,500.0,1.0,1.0,1.0,1.0,1.0,1.0,1.0,1.0,1.0,0.062,10.473,5.702,8.582,9.776,39.177,4.046,20.64,13.051,17.629,19.531,0.0,2.61,5.19,1.34,5.4350000000000005,0.13,2.61,5.2,1.31,5.41
1562436,Dimensional / Alignment,2.69,5.28,10.272,7.639,300.0,1.503,0.0,7.75,26.515,0.0,0.0,0.002,0.66,0.0,40.07,39.044,39.425,1.0,500.0,1.0,1.0,1.0,1.0,1.0,1.0,1.0,1.0,1.0,0.061,10.676,5.205,8.393,9.812,4.615,10.0,100.0,100.0,100.0,100.0,0.0,2.61,5.19,1.34,5.4350000000000005,0.13,2.61,5.2,1.31,5.41
1562436,Dimensional / Alignment,2.69,5.28,10.299,7.639,300.0,1.503,0.0,7.75,26.515,0.0,0.0,0.001,0.66,0.0,40.07,39.188,39.682,1.0,500.0,1.0,1.0,1.0,1.0,1.0,1.0,1.0,1.0,1.0,0.662,9.719,6.616,9.753,9.764,39.519,10.0,19.404,19.425,19.452,19.474,0.0,2.61,5.19,1.34,5.4350000000000005,0.13,2.61,5.2,1.31,5.41
1562436,Dimensional / Alignment,2.69,5.28,10.28,7.639,300.0,1.503,0.0,7.75,26.515,0.0,0.0,0.002,0.66,0.0,40.07,39.689,39.704,1.0,500.0,1.0,1.0,1.0,1.0,1.0,1.0,1.0,1.0,1.0,0.662,9.762,6.548,9.652,9.759,39.926,9.157,19.602,18.774,19.399,19.588,0.0,2.61,5.19,1.34,5.4350000000000005,0.13,2.61,5.2,1.31,5.41
1562436,Dimensional / Alignment,2.69,5.28,10.305,7.639,300.0,1.503,0.0,7.75,26.515,0.0,0.0,0.002,0.66,0.0,40.07,39.048,40.298,1.0,500.0,1.0,1.0,1.0,1.0,1.0,1.0,1.0,1.0,1.0,0.662,9.763,6.537,9.662,9.762,39.705,9.047,19.434,18.705,19.278,19.433,0.0,2.61,5.19,1.34,5.4350000000000005,0.13,2.61,5.2,1.31,5.41
1562436,Dimensional / Alignment,2.69,5.28,10.245,7.639,300.0,1.503,0.0,7.75,26.515,0.0,0.0,0.001,0.66,0.0,40.07,39.444,39.062,1.0,500.0,1.0,1.0,1.0,1.0,1.0,1.0,1.0,1.0,1.0,0.636,9.898,6.237,9.563,9.825,39.15,5.49,19.763,17.75,19.225,19.639,0.0,2.61,5.19,1.34,5.4350000000000005,0.13,2.61,5.2,1.31,5.41
1562436,Dimensional / Alignment,2.69,5.28,10.277,7.639,300.0,1.503,0.0,7.75,26.515,0.0,0.0,0.001,0.66,0.0,40.07,39.373,39.193,1.0,500.0,1.0,1.0,1.0,1.0,1.0,1.0,1.0,1.0,1.0,0.062,10.317,6.056,8.753,9.769,39.204,4.049,20.374,13.622,17.887,19.506,0.0,2.61,5.19,1.34,5.4350000000000005,0.13,2.61,5.2,1.31,5.41
1562436,Dimensional / Alignment,2.69,5.28,10.356,7.639,300.0,1.503,0.0,7.75,26.515,0.0,0.0,0.001,0.66,0.0,40.07,39.996,40.833,1.0,500.0,1.0,1.0,1.0,1.0,1.0,1.0,1.0,1.0,1.0,0.062,10.391,6.0,8.674,9.768,38.901,4.039,20.46,13.495,17.731,19.474,0.0,2.61,5.19,1.34,5.4350000000000005,0.13,2.61,5.2,1.31,5.41
1562436,Dimensional / Alignment,2.69,5.28,10.243,7.639,300.0,1.503,0.0,7.75,26.515,0.0,0.0,0.002,0.66,0.0,40.07,39.089,39.564,1.0,500.0,1.0,1.0,1.0,1.0,1.0,1.0,1.0,1.0,1.0,0.062,10.357,5.98,8.686,9.771,39.485,4.056,20.419,13.47,17.76,19.47,0.0,2.61,5.19,1.34,5.4350000000000005,0.13,2.61,5.2,1.31,5.41
1562436,Dimensional / Alignment,2.69,5.28,10.376,7.639,300.0,1.503,0.0,7.75,26.515,0.0,0.0,0.001,0.66,0.0,40.07,39.826,40.02,1.0,500.0,1.0,1.0,1.0,1.0,1.0,1.0,1.0,1.0,1.0,0.062,10.406,5.895,8.687,9.798,40.291,4.031,20.519,13.338,17.77,19.54,0.0,2.61,5.19,1.34,5.4350000000000005,0.13,2.61,5.2,1.31,5.41
1562436,Dimensional / Alignment,2.69,5.28,10.392,7.639,300.0,1.503,0.0,7.75,26.515,0.0,0.0,0.002,0.66,0.0,40.07,38.603,40.266,1.0,500.0,1.0,1.0,1.0,1.0,1.0,1.0,1.0,1.0,1.0,0.062,10.473,5.702,8.582,9.776,39.177,4.046,20.64,13.051,17.629,19.531,0.0,2.61,5.19,1.34,5.4350000000000005,0.13,2.61,5.2,1.31,5.41
1562436,Dimensional / Alignment,2.69,5.28,10.272,7.639,300.0,1.503,0.0,7.75,26.515,0.0,0.0,0.002,0.66,0.0,40.07,39.044,39.425,1.0,500.0,1.0,1.0,1.0,1.0,1.0,1.0,1.0,1.0,1.0,0.061,10.676,5.205,8.393,9.812,4.615,10.0,100.0,100.0,100.0,100.0,0.0,2.61,5.19,1.34,5.4350000000000005,0.13,2.61,5.2,1.31,5.41
1562436,Dimensional / Alignment,2.69,5.28,10.299,7.639,300.0,1.503,0.0,7.75,26.515,0.0,0.0,0.001,0.66,0.0,40.07,39.188,39.682,1.0,500.0,1.0,1.0,1.0,1.0,1.0,1.0,1.0,1.0,1.0,0.662,9.719,6.616,9.753,9.764,39.519,10.0,19.404,19.425,19.452,19.474,0.0,2.61,5.19,1.34,5.4350000000000005,0.13,2.61,5.2,1.31,5.41
1562436,Dimensional / Alignment,2.69,5.28,10.28,7.639,300.0,1.503,0.0,7.75,26.515,0.0,0.0,0.002,0.66,0.0,40.07,39.689,39.704,1.0,500.0,1.0,1.0,1.0,1.0,1.0,1.0,1.0,1.0,1.0,0.662,9.762,6.548,9.652,9.759,39.926,9.157,19.602,18.774,19.399,19.588,0.0,2.61,5.19,1.34,5.4350000000000005,0.13,2.61,5.2,1.31,5.41
1562436,Dimensional / Alignment,2.69,5.28,10.305,7.639,300.0,1.503,0.0,7.75,26.515,0.0,0.0,0.002,0.66,0.0,40.07,39.048,40.298,1.0,500.0,1.0,1.0,1.0,1.0,1.0,1.0,1.0,1.0,1.0,0.662,9.763,6.537,9.662,9.762,39.705,9.047,19.434,18.705,19.278,19.433,0.0,2.61,5.19,1.34,5.4350000000000005,0.13,2.61,5.2,1.31,5.41
1562436,Dimensional / Alignment,2.69,5.28,10.245,7.639,300.0,1.503,0.0,7.75,26.515,0.0,0.0,0.001,0.66,0.0,40.07,39.444,39.062,1.0,500.0,1.0,1.0,1.0,1.0,1.0,1.0,1.0,1.0,1.0,0.636,9.898,6.237,9.563,9.825,39.15,5.49,19.763,17.75,19.225,19.639,0.0,2.61,5.19,1.34,5.4350000000000005,0.13,2.61,5.2,1.31,5.41
1562436,Dimensional / Alignment,2.69,5.28,10.277,7.639,300.0,1.503,0.0,7.75,26.515,0.0,0.0,0.001,0.66,0.0,40.07,39.373,39.193,1.0,500.0,1.0,1.0,1.0,1.0,1.0,1.0,1.0,1.0,1.0,0.062,10.317,6.056,8.753,9.769,39.204,4.049,20.374,13.622,17.887,19.506,0.0,2.61,5.19,1.34,5.4350000000000005,0.13,2.61,5.2,1.31,5.41
1562436,Dimensional / Alignment,2.69,5.28,10.356,7.639,300.0,1.503,0.0,7.75,26.515,0.0,0.0,0.001,0.66,0.0,40.07,39.996,40.833,1.0,500.0,1.0,1.0,1.0,1.0,1.0,1.0,1.0,1.0,1.0,0.062,10.391,6.0,8.674,9.768,38.901,4.039,20.46,13.495,17.731,19.474,0.0,2.61,5.19,1.34,5.4350000000000005,0.13,2.61,5.2,1.31,5.41
1562436,Dimensional / Alignment,2.69,5.28,10.243,7.639,300.0,1.503,0.0,7.75,26.515,0.0,0.0,0.002,0.66,0.0,40.07,39.089,39.564,1.0,500.0,1.0,1.0,1.0,1.0,1.0,1.0,1.0,1.0,1.0,0.062,10.357,5.98,8.686,9.771,39.485,4.056,20.419,13.47,17.76,19.47,0.0,2.61,5.19,1.34,5.4350000000000005,0.13,2.61,5.2,1.31,5.41
1562436,Dimensional / Alignment,2.69,5.28,10.376,7.639,300.0,1.503,0.0,7.75,26.515,0.0,0.0,0.001,0.66,0.0,40.07,39.826,40.02,1.0,500.0,1.0,1.0,1.0,1.0,1.0,1.0,1.0,1.0,1.0,0.062,10.406,5.895,8.687,9.798,40.291,4.031,20.519,13.338,17.77,19.54,0.0,2.61,5.19,1.34,5.4350000000000005,0.13,2.61,5.2,1.31,5.41
1562436,Dimensional / Alignment,2.69,5.28,10.392,7.639,300.0,1.503,0.0,7.75,26.515,0.0,0.0,0.002,0.66,0.0,40.07,38.603,40.266,1.0,500.0,1.0,1.0,1.0,1.0,1.0,1.0,1.0,1.0,1.0,0.062,10.473,5.702,8.582,9.776,39.177,4.046,20.64,13.051,17.629,19.531,0.0,2.61,5.19,1.34,5.4350000000000005,0.13,2.61,5.2,1.31,5.41
1484082,Coil,2.69,5.28,8.07,7.639,300.0,1.503,0.0,7.75,26.515,0.0,0.0,0.001,0.66,0.0,40.07,39.98,40.544,1.0,500.0,1.0,1.0,1.0,1.0,1.0,1.0,1.0,1.0,1.0,0.193,10.1815,5.160500000000001,8.5145,9.791,39.947,4.151,20.458,12.899,17.499,19.529,0.0,2.61,5.19,1.34,5.4350000000000005,0.13,2.61,5.2,1.31,5.41
1484082,Coil,2.69,5.28,8.07,7.639,300.0,1.503,0.0,7.75,26.515,0.0,0.0,0.001,0.66,0.0,40.07,39.98,40.544,1.0,500.0,1.0,1.0,1.0,1.0,1.0,1.0,1.0,1.0,1.0,0.193,10.1815,5.160500000000001,8.5145,9.791,39.947,4.151,20.458,12.899,17.499,19.529,0.0,2.61,5.19,1.34,5.4350000000000005,0.13,2.61,5.2,1.31,5.41
1484082,Coil,2.69,5.28,8.07,7.639,300.0,1.503,0.0,7.75,26.515,0.0,0.0,0.001,0.66,0.0,40.07,39.98,40.544,1.0,500.0,1.0,1.0,1.0,1.0,1.0,1.0,1.0,1.0,1.0,0.193,10.1815,5.160500000000001,8.5145,9.791,39.947,4.151,20.458,12.899,17.499,19.529,0.0,2.61,5.19,1.34,5.4350000000000005,0.13,2.61,5.2,1.31,5.41
1484082,Coil,2.69,5.28,8.07,7.639,300.0,1.503,0.0,7.75,26.515,0.0,0.0,0.001,0.66,0.0,40.07,39.98,40.544,1.0,500.0,1.0,1.0,1.0,1.0,1.0,1.0,1.0,1.0,1.0,0.193,10.1815,5.160500000000001,8.5145,9.791,39.947,4.151,20.458,12.899,17.499,19.529,0.0,2.61,5.19,1.34,5.4350000000000005,0.13,2.61,5.2,1.31,5.41
1577207,Dimensional / Alignment,2.69,5.28,24.469,7.639,300.0,1.503,0.0,7.75,26.515,0.0,0.0,0.0,0.66,0.0,40.07,28.569,41.259,1.0,500.0,1.0,1.0,1.0,1.0,1.0,1.0,1.0,1.0,1.0,0.094,0.094,0.094,0.094,0.095,39.947,4.151,20.458,12.899,17.499,19.529,0.0,2.61,5.19,1.34,5.4350000000000005,0.13,2.61,5.2,1.31,5.41
1577207,Dimensional / Alignment,2.69,5.28,6.836,7.639,300.0,1.503,0.0,7.75,26.515,0.0,0.0,0.0,0.66,0.0,40.07,40.513,40.595,1.0,500.0,1.0,1.0,1.0,1.0,1.0,1.0,1.0,1.0,1.0,6.614,10.006,6.614,10.02,10.022,39.947,4.151,20.458,12.899,17.499,19.529,0.0,2.61,5.19,1.34,5.4350000000000005,0.13,2.61,5.2,1.31,5.41
1577207,Dimensional / Alignment,2.69,5.28,6.865,7.639,300.0,1.503,0.0,7.75,26.515,0.0,0.0,0.0,0.66,0.0,40.07,40.524,40.896,1.0,500.0,1.0,1.0,1.0,1.0,1.0,1.0,1.0,1.0,1.0,6.262,9.974,6.614,9.966,9.987,39.947,4.151,20.458,12.899,17.499,19.529,0.0,2.61,5.19,1.34,5.4350000000000005,0.13,2.61,5.2,1.31,5.41
1577207,Dimensional / Alignment,2.69,5.28,6.763,7.639,300.0,1.503,0.0,7.75,26.515,0.0,0.0,0.0,0.66,0.0,40.07,40.557,41.026,1.0,500.0,1.0,1.0,1.0,1.0,1.0,1.0,1.0,1.0,1.0,0.258,10.682,5.784,7.232,7.903,39.947,4.151,20.458,12.899,17.499,19.529,0.0,2.61,5.19,1.34,5.4350000000000005,0.13,2.61,5.2,1.31,5.41
1577207,Dimensional / Alignment,2.69,5.28,6.879,7.639,300.0,1.503,0.0,7.75,26.515,0.0,0.0,0.0,0.66,0.0,40.07,40.387,41.11,1.0,500.0,1.0,1.0,1.0,1.0,1.0,1.0,1.0,1.0,1.0,0.914,10.067,6.201,9.639,9.974,39.947,4.151,20.458,12.899,17.499,19.529,0.0,2.61,5.19,1.34,5.4350000000000005,0.13,2.61,5.2,1.31,5.41
1636143,Dimensional / Alignment,2.69,5.28,11.755,7.639,300.0,1.503,0.0,7.75,26.515,0.0,0.0,0.002,0.66,0.0,40.07,39.789,40.308,1.0,500.0,1.0,1.0,1.0,1.0,1.0,1.0,1.0,1.0,1.0,0.237,10.987,4.926,8.476,10.075,12.843,10.0,100.0,100.0,100.0,100.0,0.0,2.61,5.19,1.34,5.4350000000000005,0.13,2.61,5.2,1.31,5.41
1636143,Dimensional / Alignment,2.69,5.28,11.888,7.639,300.0,1.503,0.0,7.75,26.515,0.0,0.0,0.002,0.66,0.0,40.07,39.781,40.077,1.0,500.0,1.0,1.0,1.0,1.0,1.0,1.0,1.0,1.0,1.0,0.159,11.014,4.78,8.393,10.071,39.759,10.0,100.0,100.0,100.0,100.0,0.0,2.61,5.19,1.34,5.4350000000000005,0.13,2.61,5.2,1.31,5.41
1636143,Dimensional / Alignment,2.69,5.28,11.901,7.639,300.0,1.503,0.0,7.75,26.515,0.0,0.0,0.002,0.66,0.0,40.07,39.665,40.21,1.0,500.0,1.0,1.0,1.0,1.0,1.0,1.0,1.0,1.0,1.0,0.251,11.102,4.761,8.364,10.082,30.899,10.0,100.0,100.0,100.0,100.0,0.0,2.61,5.19,1.34,5.4350000000000005,0.13,2.61,5.2,1.31,5.41
1636143,Dimensional / Alignment,2.69,5.28,11.94,7.639,300.0,1.503,0.0,7.75,26.515,0.0,0.0,0.001,0.66,0.0,40.07,40.113,41.088,1.0,500.0,1.0,1.0,1.0,1.0,1.0,1.0,1.0,1.0,1.0,0.214,11.028,4.659,8.307,10.039,39.678,4.328,21.506,11.386,17.182,19.925,0.0,2.61,5.19,1.34,5.4350000000000005,0.13,2.61,5.2,1.31,5.41
1636143,Dimensional / Alignment,2.69,5.28,11.96,7.639,300.0,1.503,0.0,7.75,26.515,0.0,0.0,0.001,0.66,0.0,40.07,40.086,40.075,1.0,500.0,1.0,1.0,1.0,1.0,1.0,1.0,1.0,1.0,1.0,0.237,11.155,4.666,8.318,10.091,40.131,4.324,21.596,11.323,17.102,19.911,0.0,2.61,5.19,1.34,5.4350000000000005,0.13,2.61,5.2,1.31,5.41
1636143,Dimensional / Alignment,2.69,5.28,11.684,7.639,300.0,1.503,0.0,7.75,26.515,0.0,0.0,0.001,0.66,0.0,40.07,40.1,40.935,1.0,500.0,1.0,1.0,1.0,1.0,1.0,1.0,1.0,1.0,1.0,0.141,11.095,4.669,8.336,10.074,39.556,4.138,21.439,11.284,17.081,19.827,0.0,2.61,5.19,1.34,5.4350000000000005,0.13,2.61,5.2,1.31,5.41
1636143,Dimensional / Alignment,2.69,5.28,11.848,7.639,300.0,1.503,0.0,7.75,26.515,0.0,0.0,0.001,0.66,0.0,40.07,39.88,40.58,1.0,500.0,1.0,1.0,1.0,1.0,1.0,1.0,1.0,1.0,1.0,0.119,11.121,4.678,8.342,10.086,39.751,4.136,21.587,11.356,17.167,19.944,0.0,2.61,5.19,1.34,5.4350000000000005,0.13,2.61,5.2,1.31,5.41
1636143,Dimensional / Alignment,2.69,5.28,11.847,7.639,300.0,1.503,0.0,7.75,26.515,0.0,0.0,0.001,0.66,0.0,40.07,39.909,39.849,1.0,500.0,1.0,1.0,1.0,1.0,1.0,1.0,1.0,1.0,1.0,0.268,11.056,4.733,8.371,10.083,39.963,4.414,21.64,11.54,17.358,20.084,0.0,2.61,5.19,1.34,5.4350000000000005,0.13,2.61,5.2,1.31,5.41
1636143,Dimensional / Alignment,2.69,5.28,11.795,7.639,300.0,1.503,0.0,7.75,26.515,0.0,0.0,0.001,0.66,0.0,40.07,39.626,40.047,1.0,500.0,1.0,1.0,1.0,1.0,1.0,1.0,1.0,1.0,1.0,0.262,11.093,4.748,8.371,10.082,40.082,4.345,21.439,11.422,17.144,19.851,0.0,2.61,5.19,1.34,5.4350000000000005,0.13,2.61,5.2,1.31,5.41
1636143,Dimensional / Alignment,2.69,5.28,11.884,7.639,300.0,1.503,0.0,7.75,26.515,0.0,0.0,0.001,0.66,0.0,40.07,40.077,40.865,1.0,500.0,1.0,1.0,1.0,1.0,1.0,1.0,1.0,1.0,1.0,0.297,11.063,4.812,8.413,10.092,39.957,4.374,21.31,11.467,17.132,19.779,0.0,2.61,5.19,1.34,5.4350000000000005,0.13,2.61,5.2,1.31,5.41
1665508,Dimensional / Alignment,2.69,5.28,11.394,7.639,300.0,1.503,0.0,7.75,26.515,0.0,0.0,0.0,0.66,0.0,40.07,40.377,40.504,1.0,500.0,1.0,1.0,1.0,1.0,1.0,1.0,1.0,1.0,1.0,1.048,2.057,4.041,6.828,9.997,40.099,5.652,7.255,10.404,14.824,19.859,0.0,2.61,5.19,1.34,5.4350000000000005,0.13,2.61,5.2,1.31,5.41
1665508,Dimensional / Alignment,2.69,5.28,11.443,7.639,300.0,1.503,0.0,7.75,26.515,0.0,0.0,0.001,0.66,0.0,40.07,40.497,40.646,1.0,500.0,1.0,1.0,1.0,1.0,1.0,1.0,1.0,1.0,1.0,1.154,2.143,4.102,6.853,9.983,40.24,5.824,7.391,10.502,14.868,19.836,0.0,2.61,5.19,1.34,5.4350000000000005,0.13,2.61,5.2,1.31,5.41
1665508,Dimensional / Alignment,2.69,5.28,11.397,7.639,300.0,1.503,0.0,7.75,26.515,0.0,0.0,0.0,0.66,0.0,40.07,40.294,40.772,1.0,500.0,1.0,1.0,1.0,1.0,1.0,1.0,1.0,1.0,1.0,1.101,2.095,4.08,6.88,10.048,39.953,5.702,7.276,10.42,14.853,19.867,0.0,2.61,5.19,1.34,5.4350000000000005,0.13,2.61,5.2,1.31,5.41
2009410,ASIC / EEPROM,2.69,5.28,8.07,7.639,300.0,1.503,0.0,7.75,26.515,0.0,0.0,0.001,0.66,0.0,40.07,39.98,40.544,1.0,500.0,1.0,1.0,1.0,1.0,1.0,1.0,1.0,1.0,1.0,0.193,10.1815,5.160500000000001,8.5145,9.791,39.947,4.151,20.458,12.899,17.499,19.529,0.0,2.61,5.19,1.34,5.4350000000000005,0.13,2.61,5.2,1.31,5.41
2009410,ASIC / EEPROM,2.69,5.28,8.07,7.639,300.0,1.503,0.0,7.75,26.515,0.0,0.0,0.001,0.66,0.0,40.07,39.98,40.544,1.0,500.0,1.0,1.0,1.0,1.0,1.0,1.0,1.0,1.0,1.0,0.193,10.1815,5.160500000000001,8.5145,9.791,39.947,4.151,20.458,12.899,17.499,19.529,0.0,2.61,5.19,1.34,5.4350000000000005,0.13,2.61,5.2,1.31,5.41
2009410,ASIC / EEPROM,2.69,5.28,8.07,7.639,300.0,1.503,0.0,7.75,26.515,0.0,0.0,0.001,0.66,0.0,40.07,39.98,40.544,1.0,500.0,1.0,1.0,1.0,1.0,1.0,1.0,1.0,1.0,1.0,0.193,10.1815,5.160500000000001,8.5145,9.791,39.947,4.151,20.458,12.899,17.499,19.529,0.0,2.61,5.19,1.34,5.4350000000000005,0.13,2.61,5.2,1.31,5.41
1646678,Dimensional / Alignment,2.69,5.28,8.07,7.639,300.0,1.503,0.0,7.75,26.515,0.0,0.0,0.001,0.66,0.0,40.07,39.98,40.544,1.0,500.0,1.0,1.0,1.0,1.0,1.0,1.0,1.0,1.0,1.0,0.193,10.1815,5.160500000000001,8.5145,9.791,39.947,4.151,20.458,12.899,17.499,19.529,0.0,2.61,5.19,1.34,5.4350000000000005,0.13,2.61,5.2,1.31,5.41
1646678,Dimensional / Alignment,2.69,5.28,8.07,7.639,300.0,1.503,0.0,7.75,26.515,0.0,0.0,0.001,0.66,0.0,40.07,39.98,40.544,1.0,500.0,1.0,1.0,1.0,1.0,1.0,1.0,1.0,1.0,1.0,0.193,10.1815,5.160500000000001,8.5145,9.791,39.947,4.151,20.458,12.899,17.499,19.529,0.0,2.61,5.19,1.34,5.4350000000000005,0.13,2.61,5.2,1.31,5.41
1646678,Dimensional / Alignment,2.69,5.28,8.07,7.639,300.0,1.503,0.0,7.75,26.515,0.0,0.0,0.001,0.66,0.0,40.07,39.98,40.544,1.0,500.0,1.0,1.0,1.0,1.0,1.0,1.0,1.0,1.0,1.0,0.193,10.1815,5.160500000000001,8.5145,9.791,39.947,4.151,20.458,12.899,17.499,19.529,0.0,2.61,5.19,1.34,5.4350000000000005,0.13,2.61,5.2,1.31,5.41
1646678,Dimensional / Alignment,2.69,5.28,8.07,7.639,300.0,1.503,0.0,7.75,26.515,0.0,0.0,0.001,0.66,0.0,40.07,39.98,40.544,1.0,500.0,1.0,1.0,1.0,1.0,1.0,1.0,1.0,1.0,1.0,0.193,10.1815,5.160500000000001,8.5145,9.791,39.947,4.151,20.458,12.899,17.499,19.529,0.0,2.61,5.19,1.34,5.4350000000000005,0.13,2.61,5.2,1.31,5.41
1646678,Dimensional / Alignment,2.69,5.28,8.07,7.639,300.0,1.503,0.0,7.75,26.515,0.0,0.0,0.001,0.66,0.0,40.07,39.98,40.544,1.0,500.0,1.0,1.0,1.0,1.0,1.0,1.0,1.0,1.0,1.0,0.193,10.1815,5.160500000000001,8.5145,9.791,39.947,4.151,20.458,12.899,17.499,19.529,0.0,2.61,5.19,1.34,5.4350000000000005,0.13,2.61,5.2,1.31,5.41
2004884,Flex / PCB / Solder / Wiring,2.69,5.28,8.07,7.639,300.0,1.503,0.0,7.75,26.515,0.0,0.0,0.001,0.66,0.0,40.07,39.98,40.544,1.0,500.0,1.0,1.0,1.0,1.0,1.0,1.0,1.0,1.0,1.0,0.193,10.1815,5.160500000000001,8.5145,9.791,39.947,4.151,20.458,12.899,17.499,19.529,0.0,2.61,5.19,1.34,5.4350000000000005,0.13,2.61,5.2,1.31,5.41
2004884,Flex / PCB / Solder / Wiring,2.69,5.28,8.07,7.639,300.0,1.503,0.0,7.75,26.515,0.0,0.0,0.001,0.66,0.0,40.07,39.98,40.544,1.0,500.0,1.0,1.0,1.0,1.0,1.0,1.0,1.0,1.0,1.0,0.193,10.1815,5.160500000000001,8.5145,9.791,39.947,4.151,20.458,12.899,17.499,19.529,0.0,2.61,5.19,1.34,5.4350000000000005,0.13,2.61,5.2,1.31,5.41
2004884,Flex / PCB / Solder / Wiring,2.69,5.28,8.07,7.639,300.0,1.503,0.0,7.75,26.515,0.0,0.0,0.001,0.66,0.0,40.07,39.98,40.544,1.0,500.0,1.0,1.0,1.0,1.0,1.0,1.0,1.0,1.0,1.0,0.193,10.1815,5.160500000000001,8.5145,9.791,39.947,4.151,20.458,12.899,17.499,19.529,0.0,2.61,5.19,1.34,5.4350000000000005,0.13,2.61,5.2,1.31,5.41
2004884,Flex / PCB / Solder / Wiring,2.69,5.28,8.07,7.639,300.0,1.503,0.0,7.75,26.515,0.0,0.0,0.001,0.66,0.0,40.07,39.98,40.544,1.0,500.0,1.0,1.0,1.0,1.0,1.0,1.0,1.0,1.0,1.0,0.193,10.1815,5.160500000000001,8.5145,9.791,39.947,4.151,20.458,12.899,17.499,19.529,0.0,2.61,5.19,1.34,5.4350000000000005,0.13,2.61,5.2,1.31,5.41
2004884,Flex / PCB / Solder / Wiring,2.69,5.28,8.07,7.639,300.0,1.503,0.0,7.75,26.515,0.0,0.0,0.001,0.66,0.0,40.07,39.98,40.544,1.0,500.0,1.0,1.0,1.0,1.0,1.0,1.0,1.0,1.0,1.0,0.193,10.1815,5.160500000000001,8.5145,9.791,39.947,4.151,20.458,12.899,17.499,19.529,0.0,2.61,5.19,1.34,5.4350000000000005,0.13,2.61,5.2,1.31,5.41
2004884,Flex / PCB / Solder / Wiring,2.69,5.28,8.07,7.639,300.0,1.503,0.0,7.75,26.515,0.0,0.0,0.001,0.66,0.0,40.07,39.98,40.544,1.0,500.0,1.0,1.0,1.0,1.0,1.0,1.0,1.0,1.0,1.0,0.193,10.1815,5.160500000000001,8.5145,9.791,39.947,4.151,20.458,12.899,17.499,19.529,0.0,2.61,5.19,1.34,5.4350000000000005,0.13,2.61,5.2,1.31,5.41
2004884,Flex / PCB / Solder / Wiring,2.69,5.28,8.07,7.639,300.0,1.503,0.0,7.75,26.515,0.0,0.0,0.001,0.66,0.0,40.07,39.98,40.544,1.0,500.0,1.0,1.0,1.0,1.0,1.0,1.0,1.0,1.0,1.0,0.193,10.1815,5.160500000000001,8.5145,9.791,39.947,4.151,20.458,12.899,17.499,19.529,0.0,2.61,5.19,1.34,5.4350000000000005,0.13,2.61,5.2,1.31,5.41
2004884,Flex / PCB / Solder / Wiring,2.69,5.28,8.07,7.639,300.0,1.503,0.0,7.75,26.515,0.0,0.0,0.001,0.66,0.0,40.07,39.98,40.544,1.0,500.0,1.0,1.0,1.0,1.0,1.0,1.0,1.0,1.0,1.0,0.193,10.1815,5.160500000000001,8.5145,9.791,39.947,4.151,20.458,12.899,17.499,19.529,0.0,2.61,5.19,1.34,5.4350000000000005,0.13,2.61,5.2,1.31,5.41
2004884,Flex / PCB / Solder / Wiring,2.69,5.28,8.07,7.639,300.0,1.503,0.0,7.75,26.515,0.0,0.0,0.001,0.66,0.0,40.07,39.98,40.544,1.0,500.0,1.0,1.0,1.0,1.0,1.0,1.0,1.0,1.0,1.0,0.193,10.1815,5.160500000000001,8.5145,9.791,39.947,4.151,20.458,12.899,17.499,19.529,0.0,2.61,5.19,1.34,5.4350000000000005,0.13,2.61,5.2,1.31,5.41
2004884,Flex / PCB / Solder / Wiring,2.69,5.28,8.07,7.639,300.0,1.503,0.0,7.75,26.515,0.0,0.0,0.001,0.66,0.0,40.07,39.98,40.544,1.0,500.0,1.0,1.0,1.0,1.0,1.0,1.0,1.0,1.0,1.0,0.193,10.1815,5.160500000000001,8.5145,9.791,39.947,4.151,20.458,12.899,17.499,19.529,0.0,2.61,5.19,1.34,5.4350000000000005,0.13,2.61,5.2,1.31,5.41
2004884,Flex / PCB / Solder / Wiring,2.69,5.28,8.07,7.639,300.0,1.503,0.0,7.75,26.515,0.0,0.0,0.001,0.66,0.0,40.07,39.98,40.544,1.0,500.0,1.0,1.0,1.0,1.0,1.0,1.0,1.0,1.0,1.0,0.193,10.1815,5.160500000000001,8.5145,9.791,39.947,4.151,20.458,12.899,17.499,19.529,0.0,2.61,5.19,1.34,5.4350000000000005,0.13,2.61,5.2,1.31,5.41
2004884,Flex / PCB / Solder / Wiring,2.69,5.28,8.07,7.639,300.0,1.503,0.0,7.75,26.515,0.0,0.0,0.001,0.66,0.0,40.07,39.98,40.544,1.0,500.0,1.0,1.0,1.0,1.0,1.0,1.0,1.0,1.0,1.0,0.193,10.1815,5.160500000000001,8.5145,9.791,39.947,4.151,20.458,12.899,17.499,19.529,0.0,2.61,5.19,1.34,5.4350000000000005,0.13,2.61,5.2,1.31,5.41
2004884,Flex / PCB / Solder / Wiring,2.69,5.28,8.07,7.639,300.0,1.503,0.0,7.75,26.515,0.0,0.0,0.001,0.66,0.0,40.07,39.98,40.544,1.0,500.0,1.0,1.0,1.0,1.0,1.0,1.0,1.0,1.0,1.0,0.193,10.1815,5.160500000000001,8.5145,9.791,39.947,4.151,20.458,12.899,17.499,19.529,0.0,2.61,5.19,1.34,5.4350000000000005,0.13,2.61,5.2,1.31,5.41
2004884,Flex / PCB / Solder / Wiring,2.69,5.28,8.07,7.639,300.0,1.503,0.0,7.75,26.515,0.0,0.0,0.001,0.66,0.0,40.07,39.98,40.544,1.0,500.0,1.0,1.0,1.0,1.0,1.0,1.0,1.0,1.0,1.0,0.193,10.1815,5.160500000000001,8.5145,9.791,39.947,4.151,20.458,12.899,17.499,19.529,0.0,2.61,5.19,1.34,5.4350000000000005,0.13,2.61,5.2,1.31,5.41
2004884,Flex / PCB / Solder / Wiring,2.69,5.28,8.07,7.639,300.0,1.503,0.0,7.75,26.515,0.0,0.0,0.001,0.66,0.0,40.07,39.98,40.544,1.0,500.0,1.0,1.0,1.0,1.0,1.0,1.0,1.0,1.0,1.0,0.193,10.1815,5.160500000000001,8.5145,9.791,39.947,4.151,20.458,12.899,17.499,19.529,0.0,2.61,5.19,1.34,5.4350000000000005,0.13,2.61,5.2,1.31,5.41
2004884,Flex / PCB / Solder / Wiring,2.69,5.28,8.07,7.639,300.0,1.503,0.0,7.75,26.515,0.0,0.0,0.001,0.66,0.0,40.07,39.98,40.544,1.0,500.0,0.0,1.0,1.0,1.0,1.0,1.0,1.0,1.0,1.0,0.193,10.1815,5.160500000000001,8.5145,9.791,39.947,4.151,20.458,12.899,17.499,19.529,0.0,2.61,5.19,1.34,5.4350000000000005,0.13,2.61,5.2,1.31,5.41
2004884,Flex / PCB / Solder / Wiring,2.69,5.28,8.07,7.639,300.0,1.503,0.0,7.75,26.515,0.0,0.0,0.001,0.66,0.0,40.07,39.98,40.544,1.0,500.0,1.0,1.0,1.0,1.0,1.0,1.0,1.0,1.0,1.0,0.193,10.1815,5.160500000000001,8.5145,9.791,39.947,4.151,20.458,12.899,17.499,19.529,0.0,2.61,5.19,1.34,5.4350000000000005,0.13,2.61,5.2,1.31,5.41
2004884,Flex / PCB / Solder / Wiring,2.69,5.28,8.07,7.639,300.0,1.503,0.0,7.75,26.515,0.0,0.0,0.001,0.66,0.0,40.07,39.98,40.544,1.0,500.0,1.0,1.0,1.0,1.0,1.0,1.0,1.0,1.0,1.0,0.193,10.1815,5.160500000000001,8.5145,9.791,39.947,4.151,20.458,12.899,17.499,19.529,0.0,2.61,5.19,1.34,5.4350000000000005,0.13,2.61,5.2,1.31,5.41
2004884,Flex / PCB / Solder / Wiring,2.69,5.28,8.07,7.639,300.0,1.503,0.0,7.75,26.515,0.0,0.0,0.001,0.66,0.0,40.07,39.98,40.544,1.0,500.0,1.0,1.0,1.0,1.0,1.0,1.0,1.0,1.0,1.0,0.193,10.1815,5.160500000000001,8.5145,9.791,39.947,4.151,20.458,12.899,17.499,19.529,0.0,2.61,5.19,1.34,5.4350000000000005,0.13,2.61,5.2,1.31,5.41
2004884,Flex / PCB / Solder / Wiring,2.69,5.28,8.07,7.639,300.0,1.503,0.0,7.75,26.515,0.0,0.0,0.001,0.66,0.0,40.07,39.98,40.544,1.0,500.0,1.0,1.0,1.0,1.0,1.0,1.0,1.0,1.0,1.0,0.193,10.1815,5.160500000000001,8.5145,9.791,39.947,4.151,20.458,12.899,17.499,19.529,0.0,2.61,5.19,1.34,5.4350000000000005,0.13,2.61,5.2,1.31,5.41
2004884,Flex / PCB / Solder / Wiring,2.69,5.28,8.07,7.639,300.0,1.503,0.0,7.75,26.515,0.0,0.0,0.001,0.66,0.0,40.07,39.98,40.544,1.0,500.0,1.0,1.0,1.0,1.0,1.0,1.0,1.0,1.0,1.0,0.193,10.1815,5.160500000000001,8.5145,9.791,39.947,4.151,20.458,12.899,17.499,19.529,0.0,2.61,5.19,1.34,5.4350000000000005,0.13,2.61,5.2,1.31,5.41
2004884,Flex / PCB / Solder / Wiring,2.69,5.28,8.07,7.639,300.0,1.503,0.0,7.75,26.515,0.0,0.0,0.001,0.66,0.0,40.07,39.98,40.544,1.0,500.0,1.0,1.0,1.0,1.0,1.0,1.0,1.0,1.0,1.0,0.193,10.1815,5.160500000000001,8.5145,9.791,39.947,4.151,20.458,12.899,17.499,19.529,0.0,2.61,5.19,1.34,5.4350000000000005,0.13,2.61,5.2,1.31,5.41
2004884,Flex / PCB / Solder / Wiring,2.69,5.28,8.07,7.639,300.0,1.503,0.0,7.75,26.515,0.0,0.0,0.001,0.66,0.0,40.07,39.98,40.544,1.0,500.0,1.0,1.0,1.0,1.0,1.0,1.0,1.0,1.0,1.0,0.193,10.1815,5.160500000000001,8.5145,9.791,39.947,4.151,20.458,12.899,17.499,19.529,0.0,2.61,5.19,1.34,5.4350000000000005,0.13,2.61,5.2,1.31,5.41
2004884,Flex / PCB / Solder / Wiring,2.69,5.28,8.07,7.639,300.0,1.503,0.0,7.75,26.515,0.0,0.0,0.001,0.66,0.0,40.07,39.98,40.544,1.0,500.0,1.0,1.0,1.0,1.0,1.0,1.0,1.0,1.0,1.0,0.193,10.1815,5.160500000000001,8.5145,9.791,39.947,4.151,20.458,12.899,17.499,19.529,0.0,2.61,5.19,1.34,5.4350000000000005,0.13,2.61,5.2,1.31,5.41
2004884,Flex / PCB / Solder / Wiring,2.69,5.28,8.07,7.639,300.0,1.503,0.0,7.75,26.515,0.0,0.0,0.001,0.66,0.0,40.07,39.98,40.544,1.0,500.0,1.0,1.0,1.0,1.0,1.0,1.0,1.0,1.0,1.0,0.193,10.1815,5.160500000000001,8.5145,9.791,39.947,4.151,20.458,12.899,17.499,19.529,0.0,2.61,5.19,1.34,5.4350000000000005,0.13,2.61,5.2,1.31,5.41
2004884,Flex / PCB / Solder / Wiring,2.69,5.28,8.07,7.639,300.0,1.503,0.0,7.75,26.515,0.0,0.0,0.001,0.66,0.0,40.07,39.98,40.544,1.0,500.0,0.0,1.0,1.0,1.0,1.0,1.0,1.0,1.0,1.0,0.193,10.1815,5.160500000000001,8.5145,9.791,39.947,4.151,20.458,12.899,17.499,19.529,0.0,2.61,5.19,1.34,5.4350000000000005,0.13,2.61,5.2,1.31,5.41
2004884,Flex / PCB / Solder / Wiring,2.69,5.28,8.07,7.639,300.0,1.503,0.0,7.75,26.515,0.0,0.0,0.001,0.66,0.0,40.07,39.98,40.544,1.0,500.0,1.0,1.0,1.0,1.0,1.0,1.0,1.0,1.0,1.0,0.193,10.1815,5.160500000000001,8.5145,9.791,39.947,4.151,20.458,12.899,17.499,19.529,0.0,2.61,5.19,1.34,5.4350000000000005,0.13,2.61,5.2,1.31,5.41
2008779,ASIC / EEPROM,2.69,5.28,8.07,7.639,300.0,1.503,0.0,7.75,26.515,0.0,0.0,0.001,0.66,0.0,40.07,39.98,40.544,1.0,500.0,1.0,1.0,1.0,1.0,1.0,1.0,1.0,1.0,1.0,0.193,10.1815,5.160500000000001,8.5145,9.791,39.947,4.151,20.458,12.899,17.499,19.529,0.0,2.61,5.19,1.34,5.4350000000000005,0.13,2.61,5.2,1.31,5.41
2008779,ASIC / EEPROM,2.69,5.28,8.07,7.639,300.0,1.503,0.0,7.75,26.515,0.0,0.0,0.001,0.66,0.0,40.07,39.98,40.544,1.0,500.0,1.0,1.0,1.0,1.0,1.0,1.0,1.0,1.0,1.0,0.193,10.1815,5.160500000000001,8.5145,9.791,39.947,4.151,20.458,12.899,17.499,19.529,0.0,2.61,5.19,1.34,5.4350000000000005,0.13,2.61,5.2,1.31,5.41
2008779,ASIC / EEPROM,2.69,5.28,8.07,7.639,300.0,1.503,0.0,7.75,26.515,0.0,0.0,0.001,0.66,0.0,40.07,39.98,40.544,1.0,500.0,1.0,1.0,1.0,1.0,1.0,1.0,1.0,1.0,1.0,0.193,10.1815,5.160500000000001,8.5145,9.791,39.947,4.151,20.458,12.899,17.499,19.529,0.0,2.61,5.19,1.34,5.4350000000000005,0.13,2.61,5.2,1.31,5.41
2008779,ASIC / EEPROM,2.69,5.28,8.07,7.639,300.0,1.503,0.0,7.75,26.515,0.0,0.0,0.001,0.66,0.0,40.07,39.98,40.544,1.0,500.0,1.0,1.0,1.0,1.0,1.0,1.0,1.0,1.0,1.0,0.193,10.1815,5.160500000000001,8.5145,9.791,39.947,4.151,20.458,12.899,17.499,19.529,0.0,2.61,5.19,1.34,5.4350000000000005,0.13,2.61,5.2,1.31,5.41
2008779,ASIC / EEPROM,2.69,5.28,8.07,7.639,300.0,1.503,0.0,7.75,26.515,0.0,0.0,0.001,0.66,0.0,40.07,39.98,40.544,1.0,500.0,1.0,1.0,1.0,1.0,1.0,1.0,1.0,1.0,1.0,0.193,10.1815,5.160500000000001,8.5145,9.791,39.947,4.151,20.458,12.899,17.499,19.529,0.0,2.61,5.19,1.34,5.4350000000000005,0.13,2.61,5.2,1.31,5.41
2008779,ASIC / EEPROM,2.69,5.28,8.07,7.639,300.0,1.503,0.0,7.75,26.515,0.0,0.0,0.001,0.66,0.0,40.07,39.98,40.544,1.0,500.0,1.0,1.0,1.0,1.0,1.0,1.0,1.0,1.0,1.0,0.193,10.1815,5.160500000000001,8.5145,9.791,39.947,4.151,20.458,12.899,17.499,19.529,0.0,2.61,5.19,1.34,5.4350000000000005,0.13,2.61,5.2,1.31,5.41
1536628,Dimensional / Alignment,2.69,5.28,10.354,7.639,300.0,1.503,0.0,7.75,26.515,0.0,0.0,0.001,0.66,0.0,40.07,38.758,39.122,1.0,500.0,1.0,1.0,1.0,1.0,1.0,1.0,1.0,1.0,1.0,0.319,9.982,6.067,9.343,9.797,39.683,4.414,19.755,16.533,18.74,19.45,0.0,2.61,5.19,1.34,5.4350000000000005,0.13,2.61,5.2,1.31,5.41
1536628,Dimensional / Alignment,2.69,5.28,10.301,7.639,300.0,1.503,0.0,7.75,26.515,0.0,0.0,0.002,0.66,0.0,40.07,39.471,40.29,1.0,500.0,1.0,1.0,1.0,1.0,1.0,1.0,1.0,1.0,1.0,0.132,10.252,6.572,8.933,9.799,38.882,4.172,20.292,14.441,18.182,19.567,0.0,2.61,5.19,1.34,5.4350000000000005,0.13,2.61,5.2,1.31,5.41
1536628,Dimensional / Alignment,2.69,5.28,10.161,7.639,300.0,1.503,0.0,7.75,26.515,0.0,0.0,0.001,0.66,0.0,40.07,39.287,40.272,1.0,500.0,1.0,1.0,1.0,1.0,1.0,1.0,1.0,1.0,1.0,0.061,10.288,6.315,8.855,9.788,39.623,4.05,20.301,14.014,18.03,19.512,0.0,2.61,5.19,1.34,5.4350000000000005,0.13,2.61,5.2,1.31,5.41
1536628,Dimensional / Alignment,2.69,5.28,10.26,7.639,300.0,1.503,0.0,7.75,26.515,0.0,0.0,0.002,0.66,0.0,40.07,39.262,40.649,1.0,500.0,1.0,1.0,1.0,1.0,1.0,1.0,1.0,1.0,1.0,0.062,10.416,5.984,8.731,9.81,39.288,3.952,20.418,13.38,17.746,19.453,0.0,2.61,5.19,1.34,5.4350000000000005,0.13,2.61,5.2,1.31,5.41
1536628,Dimensional / Alignment,2.69,5.28,10.323,7.639,300.0,1.503,0.0,7.75,26.515,0.0,0.0,0.002,0.66,0.0,40.07,40.176,40.685,1.0,500.0,1.0,1.0,1.0,1.0,1.0,1.0,1.0,1.0,1.0,0.062,10.46,5.884,8.657,9.794,40.173,4.065,20.642,13.354,17.769,19.587,0.0,2.61,5.19,1.34,5.4350000000000005,0.13,2.61,5.2,1.31,5.41
1536628,Dimensional / Alignment,2.69,5.28,10.242,7.639,300.0,1.503,0.0,7.75,26.515,0.0,0.0,0.002,0.66,0.0,40.07,39.174,39.064,1.0,500.0,1.0,1.0,1.0,1.0,1.0,1.0,1.0,1.0,1.0,0.062,10.448,5.868,8.64,9.786,39.298,4.011,20.531,13.263,17.66,19.476,0.0,2.61,5.19,1.34,5.4350000000000005,0.13,2.61,5.2,1.31,5.41
1523717,Dimensional / Alignment,2.69,5.28,8.627,7.639,300.0,1.503,0.0,7.75,26.515,0.0,0.0,0.0,0.66,0.0,40.07,40.262,40.422,1.0,500.0,1.0,1.0,1.0,1.0,1.0,1.0,1.0,1.0,1.0,0.649,5.53,2.156,4.116,5.02,40.047,1.323,5.282,2.537,4.129,4.864,0.0,2.61,5.19,1.34,5.4350000000000005,0.13,2.61,5.2,1.31,5.41
1523717,Dimensional / Alignment,2.69,5.28,8.619,7.639,300.0,1.503,0.0,7.75,26.515,0.0,0.0,0.002,0.66,0.0,40.07,40.194,40.386,1.0,500.0,1.0,1.0,1.0,1.0,1.0,1.0,1.0,1.0,1.0,0.595,5.567,2.013,4.054,5.021,40.0,1.275,5.312,2.421,4.082,4.87,0.0,2.61,5.19,1.34,5.4350000000000005,0.13,2.61,5.2,1.31,5.41
1523717,Dimensional / Alignment,2.69,5.28,8.546,7.639,300.0,1.503,0.0,7.75,26.515,0.0,0.0,0.0,0.66,0.0,40.07,40.151,40.772,1.0,500.0,1.0,1.0,1.0,1.0,1.0,1.0,1.0,1.0,1.0,0.194,5.225,3.273,4.573,5.009,40.556,0.95,5.01,3.429,4.483,4.836,0.0,2.61,5.19,1.34,5.4350000000000005,0.13,2.61,5.2,1.31,5.41
1523717,Dimensional / Alignment,2.69,5.28,8.531,7.639,300.0,1.503,0.0,7.75,26.515,0.0,0.0,0.002,0.66,0.0,40.07,40.084,40.733,1.0,500.0,1.0,1.0,1.0,1.0,1.0,1.0,1.0,1.0,1.0,0.242,5.203,3.239,4.551,4.989,40.516,0.988,4.994,3.404,4.465,4.821,0.0,2.61,5.19,1.34,5.4350000000000005,0.13,2.61,5.2,1.31,5.41
1523717,Dimensional / Alignment,2.69,5.28,8.46,7.639,300.0,1.503,0.0,7.75,26.515,0.0,0.0,0.002,0.66,0.0,40.07,40.151,40.963,1.0,500.0,1.0,1.0,1.0,1.0,1.0,1.0,1.0,1.0,1.0,0.205,5.45,2.302,4.125,4.972,40.462,0.959,5.186,2.643,4.116,4.803,0.0,2.61,5.19,1.34,5.4350000000000005,0.13,2.61,5.2,1.31,5.41
2027014,Coil,2.69,5.28,8.07,7.639,300.0,1.503,0.0,7.75,26.515,0.0,0.0,0.001,0.66,0.0,40.07,39.98,40.544,1.0,500.0,1.0,1.0,1.0,1.0,1.0,1.0,1.0,1.0,1.0,0.193,10.1815,5.160500000000001,8.5145,9.791,39.947,4.151,20.458,12.899,17.499,19.529,0.0,2.61,5.19,1.34,5.4350000000000005,0.13,2.61,5.2,1.31,5.41
2027014,Coil,2.69,5.28,8.07,7.639,300.0,1.503,0.0,7.75,26.515,0.0,0.0,0.001,0.66,0.0,40.07,39.98,40.544,1.0,500.0,1.0,1.0,1.0,1.0,1.0,1.0,1.0,1.0,1.0,0.193,10.1815,5.160500000000001,8.5145,9.791,39.947,4.151,20.458,12.899,17.499,19.529,0.0,2.61,5.19,1.34,5.4350000000000005,0.13,2.61,5.2,1.31,5.41
2027014,Coil,2.69,5.28,8.07,7.639,300.0,1.503,0.0,7.75,26.515,0.0,0.0,0.001,0.66,0.0,40.07,39.98,40.544,1.0,500.0,1.0,1.0,1.0,1.0,1.0,1.0,1.0,1.0,1.0,0.193,10.1815,5.160500000000001,8.5145,9.791,39.947,4.151,20.458,12.899,17.499,19.529,0.0,2.61,5.19,1.34,5.4350000000000005,0.13,2.61,5.2,1.31,5.41
2027014,Coil,2.69,5.28,8.07,7.639,300.0,1.503,0.0,7.75,26.515,0.0,0.0,0.001,0.66,0.0,40.07,39.98,40.544,1.0,500.0,1.0,1.0,1.0,1.0,1.0,1.0,1.0,1.0,1.0,0.193,10.1815,5.160500000000001,8.5145,9.791,39.947,4.151,20.458,12.899,17.499,19.529,0.0,2.61,5.19,1.34,5.4350000000000005,0.13,2.61,5.2,1.31,5.41
1612941,Dimensional / Alignment,2.69,5.28,6.582,7.639,300.0,1.503,0.0,7.75,26.515,0.0,0.0,0.006,0.66,0.0,40.07,39.791,40.525,1.0,500.0,1.0,1.0,1.0,1.0,1.0,1.0,1.0,1.0,1.0,0.057,5.412,2.271,5.416,5.417,39.947,4.151,20.458,12.899,17.499,19.529,0.0,2.61,5.19,1.34,5.4350000000000005,0.13,2.61,5.2,1.31,5.41
1612941,Dimensional / Alignment,2.69,5.28,6.465,7.639,300.0,1.503,0.0,7.75,26.515,0.0,0.0,0.006,0.66,0.0,40.07,40.15,40.408,1.0,500.0,1.0,1.0,1.0,1.0,1.0,1.0,1.0,1.0,1.0,0.057,5.455,2.133,3.915,4.902,39.947,4.151,20.458,12.899,17.499,19.529,0.0,2.61,5.19,1.34,5.4350000000000005,0.13,2.61,5.2,1.31,5.41
1612941,Dimensional / Alignment,2.69,5.28,6.548,7.639,300.0,1.503,0.0,7.75,26.515,0.0,0.0,0.006,0.66,0.0,40.07,39.61,40.475,1.0,500.0,1.0,1.0,1.0,1.0,1.0,1.0,1.0,1.0,1.0,0.058,5.437,2.139,3.926,4.897,39.947,4.151,20.458,12.899,17.499,19.529,0.0,2.61,5.19,1.34,5.4350000000000005,0.13,2.61,5.2,1.31,5.41
1612941,Dimensional / Alignment,2.69,5.28,6.727,7.639,300.0,1.503,0.0,7.75,26.515,0.0,0.0,0.002,0.66,0.0,40.07,39.888,40.848,1.0,500.0,1.0,1.0,1.0,1.0,1.0,1.0,1.0,1.0,1.0,0.058,5.433,2.141,3.924,4.904,39.947,4.151,20.458,12.899,17.499,19.529,0.0,2.61,5.19,1.34,5.4350000000000005,0.13,2.61,5.2,1.31,5.41
1612941,Dimensional / Alignment,2.69,5.28,6.555,7.639,300.0,1.503,0.0,7.75,26.515,0.0,0.0,0.002,0.66,0.0,40.07,40.071,40.831,1.0,500.0,1.0,1.0,1.0,1.0,1.0,1.0,1.0,1.0,1.0,0.058,5.5,2.146,3.962,4.972,39.947,4.151,20.458,12.899,17.499,19.529,0.0,2.61,5.19,1.34,5.4350000000000005,0.13,2.61,5.2,1.31,5.41
1612941,Dimensional / Alignment,2.69,5.28,6.627,7.639,300.0,1.503,0.0,7.75,26.515,0.0,0.0,0.002,0.66,0.0,40.07,39.968,40.462,1.0,500.0,1.0,1.0,1.0,1.0,1.0,1.0,1.0,1.0,1.0,0.057,5.396,2.153,3.95,4.924,39.947,4.151,20.458,12.899,17.499,19.529,0.0,2.61,5.19,1.34,5.4350000000000005,0.13,2.61,5.2,1.31,5.41
1612941,Dimensional / Alignment,2.69,5.28,6.534,7.639,300.0,1.503,0.0,7.75,26.515,0.0,0.0,0.006,0.66,0.0,40.07,40.315,40.316,1.0,500.0,1.0,1.0,1.0,1.0,1.0,1.0,1.0,1.0,1.0,0.058,5.456,2.159,3.946,4.908,39.947,4.151,20.458,12.899,17.499,19.529,0.0,2.61,5.19,1.34,5.4350000000000005,0.13,2.61,5.2,1.31,5.41
1612941,Dimensional / Alignment,2.69,5.28,6.534,7.639,300.0,1.503,0.0,7.75,26.515,0.0,0.0,0.0,0.66,0.0,40.07,40.467,40.94,1.0,500.0,1.0,1.0,1.0,1.0,1.0,1.0,1.0,1.0,1.0,0.055,5.483,2.159,3.936,4.94,39.947,4.151,20.458,12.899,17.499,19.529,0.0,2.61,5.19,1.34,5.4350000000000005,0.13,2.61,5.2,1.31,5.41
1612941,Dimensional / Alignment,2.69,5.28,6.571,7.639,300.0,1.503,0.0,7.75,26.515,0.0,0.0,0.002,0.66,0.0,40.07,40.254,40.386,1.0,500.0,1.0,1.0,1.0,1.0,1.0,1.0,1.0,1.0,1.0,0.057,5.462,2.161,3.963,4.95,39.947,4.151,20.458,12.899,17.499,19.529,0.0,2.61,5.19,1.34,5.4350000000000005,0.13,2.61,5.2,1.31,5.41
1612941,Dimensional / Alignment,2.69,5.28,6.569,7.639,300.0,1.503,0.0,7.75,26.515,0.0,0.0,0.006,0.66,0.0,40.07,39.93,40.679,1.0,500.0,1.0,1.0,1.0,1.0,1.0,1.0,1.0,1.0,1.0,0.057,5.447,2.163,3.937,4.905,39.947,4.151,20.458,12.899,17.499,19.529,0.0,2.61,5.19,1.34,5.4350000000000005,0.13,2.61,5.2,1.31,5.41
1612941,Dimensional / Alignment,2.69,5.28,6.471,7.639,300.0,1.503,0.0,7.75,26.515,0.0,0.0,0.001,0.66,0.0,40.07,39.912,40.606,1.0,500.0,1.0,1.0,1.0,1.0,1.0,1.0,1.0,1.0,1.0,0.058,5.461,2.167,3.959,4.94,39.947,4.151,20.458,12.899,17.499,19.529,0.0,2.61,5.19,1.34,5.4350000000000005,0.13,2.61,5.2,1.31,5.41
1612941,Dimensional / Alignment,2.69,5.28,6.464,7.639,300.0,1.503,0.0,7.75,26.515,0.0,0.0,0.002,0.66,0.0,40.07,40.071,40.66,1.0,500.0,1.0,1.0,1.0,1.0,1.0,1.0,1.0,1.0,1.0,0.057,5.445,2.174,3.953,4.911,39.947,4.151,20.458,12.899,17.499,19.529,0.0,2.61,5.19,1.34,5.4350000000000005,0.13,2.61,5.2,1.31,5.41
1612941,Dimensional / Alignment,2.69,5.28,6.455,7.639,300.0,1.503,0.0,7.75,26.515,0.0,0.0,0.002,0.66,0.0,40.07,40.49,40.218,1.0,500.0,1.0,1.0,1.0,1.0,1.0,1.0,1.0,1.0,1.0,0.057,5.443,2.176,3.955,4.917,39.947,4.151,20.458,12.899,17.499,19.529,0.0,2.61,5.19,1.34,5.4350000000000005,0.13,2.61,5.2,1.31,5.41
1612941,Dimensional / Alignment,2.69,5.28,6.539,7.639,300.0,1.503,0.0,7.75,26.515,0.0,0.0,0.002,0.66,0.0,40.07,39.887,40.623,1.0,500.0,1.0,1.0,1.0,1.0,1.0,1.0,1.0,1.0,1.0,0.058,5.438,2.179,3.965,4.935,39.947,4.151,20.458,12.899,17.499,19.529,0.0,2.61,5.19,1.34,5.4350000000000005,0.13,2.61,5.2,1.31,5.41
1612941,Dimensional / Alignment,2.69,5.28,6.464,7.639,300.0,1.503,0.0,7.75,26.515,0.0,0.0,0.001,0.66,0.0,40.07,40.291,40.581,1.0,500.0,1.0,1.0,1.0,1.0,1.0,1.0,1.0,1.0,1.0,0.057,5.476,2.18,3.951,4.91,39.947,4.151,20.458,12.899,17.499,19.529,0.0,2.61,5.19,1.34,5.4350000000000005,0.13,2.61,5.2,1.31,5.41
1612941,Dimensional / Alignment,2.69,5.28,6.479,7.639,300.0,1.503,0.0,7.75,26.515,0.0,0.0,0.002,0.66,0.0,40.07,40.09,41.103,1.0,500.0,1.0,1.0,1.0,1.0,1.0,1.0,1.0,1.0,1.0,0.057,5.437,2.187,3.962,4.911,39.947,4.151,20.458,12.899,17.499,19.529,0.0,2.61,5.19,1.34,5.4350000000000005,0.13,2.61,5.2,1.31,5.41
1612941,Dimensional / Alignment,2.69,5.28,6.491,7.639,300.0,1.503,0.0,7.75,26.515,0.0,0.0,0.0,0.66,0.0,40.07,39.848,40.562,1.0,500.0,1.0,1.0,1.0,1.0,1.0,1.0,1.0,1.0,1.0,0.053,5.453,2.187,3.957,4.928,39.947,4.151,20.458,12.899,17.499,19.529,0.0,2.61,5.19,1.34,5.4350000000000005,0.13,2.61,5.2,1.31,5.41
1612941,Dimensional / Alignment,2.69,5.28,6.591,7.639,300.0,1.503,0.0,7.75,26.515,0.0,0.0,0.006,0.66,0.0,40.07,39.765,40.675,1.0,500.0,1.0,1.0,1.0,1.0,1.0,1.0,1.0,1.0,1.0,0.057,5.395,2.188,3.967,4.919,39.947,4.151,20.458,12.899,17.499,19.529,0.0,2.61,5.19,1.34,5.4350000000000005,0.13,2.61,5.2,1.31,5.41
1612941,Dimensional / Alignment,2.69,5.28,6.585,7.639,300.0,1.503,0.0,7.75,26.515,0.0,0.0,0.002,0.66,0.0,40.07,40.091,40.349,1.0,500.0,1.0,1.0,1.0,1.0,1.0,1.0,1.0,1.0,1.0,0.058,5.424,2.191,3.957,4.91,39.947,4.151,20.458,12.899,17.499,19.529,0.0,2.61,5.19,1.34,5.4350000000000005,0.13,2.61,5.2,1.31,5.41
1612941,Dimensional / Alignment,2.69,5.28,6.686,7.639,300.0,1.503,0.0,7.75,26.515,0.0,0.0,0.0,0.66,0.0,40.07,40.163,40.572,1.0,500.0,1.0,1.0,1.0,1.0,1.0,1.0,1.0,1.0,1.0,0.054,5.425,2.191,3.955,4.924,39.947,4.151,20.458,12.899,17.499,19.529,0.0,2.61,5.19,1.34,5.4350000000000005,0.13,2.61,5.2,1.31,5.41
1612941,Dimensional / Alignment,2.69,5.28,6.588,7.639,300.0,1.503,0.0,7.75,26.515,0.0,0.0,0.002,0.66,0.0,40.07,40.229,40.835,1.0,500.0,1.0,1.0,1.0,1.0,1.0,1.0,1.0,1.0,1.0,0.057,5.445,2.195,3.98,4.936,39.947,4.151,20.458,12.899,17.499,19.529,0.0,2.61,5.19,1.34,5.4350000000000005,0.13,2.61,5.2,1.31,5.41
1612941,Dimensional / Alignment,2.69,5.28,6.551,7.639,300.0,1.503,0.0,7.75,26.515,0.0,0.0,0.001,0.66,0.0,40.07,40.53,40.986,1.0,500.0,1.0,1.0,1.0,1.0,1.0,1.0,1.0,1.0,1.0,0.058,5.451,2.198,3.978,4.943,39.947,4.151,20.458,12.899,17.499,19.529,0.0,2.61,5.19,1.34,5.4350000000000005,0.13,2.61,5.2,1.31,5.41
1612941,Dimensional / Alignment,2.69,5.28,6.519,7.639,300.0,1.503,0.0,7.75,26.515,0.0,0.0,0.0,0.66,0.0,40.07,40.187,40.108,1.0,500.0,1.0,1.0,1.0,1.0,1.0,1.0,1.0,1.0,1.0,0.054,5.453,2.202,3.973,4.929,39.947,4.151,20.458,12.899,17.499,19.529,0.0,2.61,5.19,1.34,5.4350000000000005,0.13,2.61,5.2,1.31,5.41
1612941,Dimensional / Alignment,2.69,5.28,6.464,7.639,300.0,1.503,0.0,7.75,26.515,0.0,0.0,0.002,0.66,0.0,40.07,39.897,40.541,1.0,500.0,1.0,1.0,1.0,1.0,1.0,1.0,1.0,1.0,1.0,0.058,5.467,2.203,3.984,4.948,39.947,4.151,20.458,12.899,17.499,19.529,0.0,2.61,5.19,1.34,5.4350000000000005,0.13,2.61,5.2,1.31,5.41
1612941,Dimensional / Alignment,2.69,5.28,6.532,7.639,300.0,1.503,0.0,7.75,26.515,0.0,0.0,0.002,0.66,0.0,40.07,39.908,40.572,1.0,500.0,1.0,1.0,1.0,1.0,1.0,1.0,1.0,1.0,1.0,0.057,5.39,2.204,3.973,4.914,39.947,4.151,20.458,12.899,17.499,19.529,0.0,2.61,5.19,1.34,5.4350000000000005,0.13,2.61,5.2,1.31,5.41
1612941,Dimensional / Alignment,2.69,5.28,6.498,7.639,300.0,1.503,0.0,7.75,26.515,0.0,0.0,0.002,0.66,0.0,40.07,40.239,40.856,1.0,500.0,1.0,1.0,1.0,1.0,1.0,1.0,1.0,1.0,1.0,0.057,5.447,2.204,3.992,4.947,39.947,4.151,20.458,12.899,17.499,19.529,0.0,2.61,5.19,1.34,5.4350000000000005,0.13,2.61,5.2,1.31,5.41
1612941,Dimensional / Alignment,2.69,5.28,6.647,7.639,300.0,1.503,0.0,7.75,26.515,0.0,0.0,0.002,0.66,0.0,40.07,40.005,40.524,1.0,500.0,1.0,1.0,1.0,1.0,1.0,1.0,1.0,1.0,1.0,0.057,5.449,2.204,3.973,4.928,39.947,4.151,20.458,12.899,17.499,19.529,0.0,2.61,5.19,1.34,5.4350000000000005,0.13,2.61,5.2,1.31,5.41
1612941,Dimensional / Alignment,2.69,5.28,6.637,7.639,300.0,1.503,0.0,7.75,26.515,0.0,0.0,0.002,0.66,0.0,40.07,40.371,40.805,1.0,500.0,1.0,1.0,1.0,1.0,1.0,1.0,1.0,1.0,1.0,0.058,5.473,2.207,3.978,4.938,39.947,4.151,20.458,12.899,17.499,19.529,0.0,2.61,5.19,1.34,5.4350000000000005,0.13,2.61,5.2,1.31,5.41
1612941,Dimensional / Alignment,2.69,5.28,6.597,7.639,300.0,1.503,0.0,7.75,26.515,0.0,0.0,0.002,0.66,0.0,40.07,40.131,40.872,1.0,500.0,1.0,1.0,1.0,1.0,1.0,1.0,1.0,1.0,1.0,0.057,5.427,2.207,3.977,4.912,39.947,4.151,20.458,12.899,17.499,19.529,0.0,2.61,5.19,1.34,5.4350000000000005,0.13,2.61,5.2,1.31,5.41
1612941,Dimensional / Alignment,2.69,5.28,6.498,7.639,300.0,1.503,0.0,7.75,26.515,0.0,0.0,0.006,0.66,0.0,40.07,40.121,40.427,1.0,500.0,1.0,1.0,1.0,1.0,1.0,1.0,1.0,1.0,1.0,0.057,5.431,2.207,3.975,4.917,39.947,4.151,20.458,12.899,17.499,19.529,0.0,2.61,5.19,1.34,5.4350000000000005,0.13,2.61,5.2,1.31,5.41
1612941,Dimensional / Alignment,2.69,5.28,6.509,7.639,300.0,1.503,0.0,7.75,26.515,0.0,0.0,0.006,0.66,0.0,40.07,39.95,40.434,1.0,500.0,1.0,1.0,1.0,1.0,1.0,1.0,1.0,1.0,1.0,0.057,5.497,2.208,3.987,4.944,39.947,4.151,20.458,12.899,17.499,19.529,0.0,2.61,5.19,1.34,5.4350000000000005,0.13,2.61,5.2,1.31,5.41
1612941,Dimensional / Alignment,2.69,5.28,6.625,7.639,300.0,1.503,0.0,7.75,26.515,0.0,0.0,0.002,0.66,0.0,40.07,39.64,40.568,1.0,500.0,1.0,1.0,1.0,1.0,1.0,1.0,1.0,1.0,1.0,0.057,5.449,2.211,3.986,4.931,39.947,4.151,20.458,12.899,17.499,19.529,0.0,2.61,5.19,1.34,5.4350000000000005,0.13,2.61,5.2,1.31,5.41
1612941,Dimensional / Alignment,2.69,5.28,6.507,7.639,300.0,1.503,0.0,7.75,26.515,0.0,0.0,0.002,0.66,0.0,40.07,39.934,40.167,1.0,500.0,1.0,1.0,1.0,1.0,1.0,1.0,1.0,1.0,1.0,0.057,5.443,2.217,4.014,4.968,39.947,4.151,20.458,12.899,17.499,19.529,0.0,2.61,5.19,1.34,5.4350000000000005,0.13,2.61,5.2,1.31,5.41
1612941,Dimensional / Alignment,2.69,5.28,6.532,7.639,300.0,1.503,0.0,7.75,26.515,0.0,0.0,0.0,0.66,0.0,40.07,39.75,40.748,1.0,500.0,1.0,1.0,1.0,1.0,1.0,1.0,1.0,1.0,1.0,0.054,5.414,2.217,3.967,4.925,39.947,4.151,20.458,12.899,17.499,19.529,0.0,2.61,5.19,1.34,5.4350000000000005,0.13,2.61,5.2,1.31,5.41
1612941,Dimensional / Alignment,2.69,5.28,6.621,7.639,300.0,1.503,0.0,7.75,26.515,0.0,0.0,0.002,0.66,0.0,40.07,40.117,40.611,1.0,500.0,1.0,1.0,1.0,1.0,1.0,1.0,1.0,1.0,1.0,0.057,5.43,2.219,3.985,4.93,39.947,4.151,20.458,12.899,17.499,19.529,0.0,2.61,5.19,1.34,5.4350000000000005,0.13,2.61,5.2,1.31,5.41
1612941,Dimensional / Alignment,2.69,5.28,6.437,7.639,300.0,1.503,0.0,7.75,26.515,0.0,0.0,0.006,0.66,0.0,40.07,40.399,40.807,1.0,500.0,1.0,1.0,1.0,1.0,1.0,1.0,1.0,1.0,1.0,0.058,5.43,2.22,3.999,4.945,39.947,4.151,20.458,12.899,17.499,19.529,0.0,2.61,5.19,1.34,5.4350000000000005,0.13,2.61,5.2,1.31,5.41
1612941,Dimensional / Alignment,2.69,5.28,6.532,7.639,300.0,1.503,0.0,7.75,26.515,0.0,0.0,0.007,0.66,0.0,40.07,39.623,40.296,1.0,500.0,1.0,1.0,1.0,1.0,1.0,1.0,1.0,1.0,1.0,0.057,5.46,2.221,3.991,4.941,39.947,4.151,20.458,12.899,17.499,19.529,0.0,2.61,5.19,1.34,5.4350000000000005,0.13,2.61,5.2,1.31,5.41
1612941,Dimensional / Alignment,2.69,5.28,6.57,7.639,300.0,1.503,0.0,7.75,26.515,0.0,0.0,0.0,0.66,0.0,40.07,39.947,40.272,1.0,500.0,1.0,1.0,1.0,1.0,1.0,1.0,1.0,1.0,1.0,0.054,5.448,2.223,3.971,4.935,39.947,4.151,20.458,12.899,17.499,19.529,0.0,2.61,5.19,1.34,5.4350000000000005,0.13,2.61,5.2,1.31,5.41
1612941,Dimensional / Alignment,2.69,5.28,6.572,7.639,300.0,1.503,0.0,7.75,26.515,0.0,0.0,0.001,0.66,0.0,40.07,39.988,40.259,1.0,500.0,1.0,1.0,1.0,1.0,1.0,1.0,1.0,1.0,1.0,0.058,5.405,2.227,3.977,4.912,39.947,4.151,20.458,12.899,17.499,19.529,0.0,2.61,5.19,1.34,5.4350000000000005,0.13,2.61,5.2,1.31,5.41
1612941,Dimensional / Alignment,2.69,5.28,6.485,7.639,300.0,1.503,0.0,7.75,26.515,0.0,0.0,0.002,0.66,0.0,40.07,39.616,40.696,1.0,500.0,1.0,1.0,1.0,1.0,1.0,1.0,1.0,1.0,1.0,0.057,5.413,2.227,3.989,4.929,39.947,4.151,20.458,12.899,17.499,19.529,0.0,2.61,5.19,1.34,5.4350000000000005,0.13,2.61,5.2,1.31,5.41
1612941,Dimensional / Alignment,2.69,5.28,6.627,7.639,300.0,1.503,0.0,7.75,26.515,0.0,0.0,0.006,0.66,0.0,40.07,40.161,40.667,1.0,500.0,1.0,1.0,1.0,1.0,1.0,1.0,1.0,1.0,1.0,0.057,5.418,2.228,3.984,4.918,39.947,4.151,20.458,12.899,17.499,19.529,0.0,2.61,5.19,1.34,5.4350000000000005,0.13,2.61,5.2,1.31,5.41
1612941,Dimensional / Alignment,2.69,5.28,6.558,7.639,300.0,1.503,0.0,7.75,26.515,0.0,0.0,0.002,0.66,0.0,40.07,40.008,40.766,1.0,500.0,1.0,1.0,1.0,1.0,1.0,1.0,1.0,1.0,1.0,0.058,5.404,2.229,4.0,4.938,39.947,4.151,20.458,12.899,17.499,19.529,0.0,2.61,5.19,1.34,5.4350000000000005,0.13,2.61,5.2,1.31,5.41
1612941,Dimensional / Alignment,2.69,5.28,6.573,7.639,300.0,1.503,0.0,7.75,26.515,0.0,0.0,0.006,0.66,0.0,40.07,39.968,40.259,1.0,500.0,1.0,1.0,1.0,1.0,1.0,1.0,1.0,1.0,1.0,0.057,5.429,2.23,3.993,4.936,39.947,4.151,20.458,12.899,17.499,19.529,0.0,2.61,5.19,1.34,5.4350000000000005,0.13,2.61,5.2,1.31,5.41
1612941,Dimensional / Alignment,2.69,5.28,6.375,7.639,300.0,1.503,0.0,7.75,26.515,0.0,0.0,0.002,0.66,0.0,40.07,39.605,41.021,1.0,500.0,1.0,1.0,1.0,1.0,1.0,1.0,1.0,1.0,1.0,0.057,5.455,2.233,3.978,4.904,39.947,4.151,20.458,12.899,17.499,19.529,0.0,2.61,5.19,1.34,5.4350000000000005,0.13,2.61,5.2,1.31,5.41
1612941,Dimensional / Alignment,2.69,5.28,6.566,7.639,300.0,1.503,0.0,7.75,26.515,0.0,0.0,0.002,0.66,0.0,40.07,39.979,40.633,1.0,500.0,1.0,1.0,1.0,1.0,1.0,1.0,1.0,1.0,1.0,0.057,5.457,2.239,3.999,4.927,39.947,4.151,20.458,12.899,17.499,19.529,0.0,2.61,5.19,1.34,5.4350000000000005,0.13,2.61,5.2,1.31,5.41
1612941,Dimensional / Alignment,2.69,5.28,6.49,7.639,300.0,1.503,0.0,7.75,26.515,0.0,0.0,0.002,0.66,0.0,40.07,39.804,40.517,1.0,500.0,1.0,1.0,1.0,1.0,1.0,1.0,1.0,1.0,1.0,0.057,5.432,2.239,3.986,4.909,39.947,4.151,20.458,12.899,17.499,19.529,0.0,2.61,5.19,1.34,5.4350000000000005,0.13,2.61,5.2,1.31,5.41
1612941,Dimensional / Alignment,2.69,5.28,6.51,7.639,300.0,1.503,0.0,7.75,26.515,0.0,0.0,0.002,0.66,0.0,40.07,39.667,41.033,1.0,500.0,1.0,1.0,1.0,1.0,1.0,1.0,1.0,1.0,1.0,0.057,5.423,2.241,3.987,4.908,39.947,4.151,20.458,12.899,17.499,19.529,0.0,2.61,5.19,1.34,5.4350000000000005,0.13,2.61,5.2,1.31,5.41
1612941,Dimensional / Alignment,2.69,5.28,6.541,7.639,300.0,1.503,0.0,7.75,26.515,0.0,0.0,0.002,0.66,0.0,40.07,40.15,40.33,1.0,500.0,1.0,1.0,1.0,1.0,1.0,1.0,1.0,1.0,1.0,0.056,5.413,2.244,3.995,4.911,39.947,4.151,20.458,12.899,17.499,19.529,0.0,2.61,5.19,1.34,5.4350000000000005,0.13,2.61,5.2,1.31,5.41
1612941,Dimensional / Alignment,2.69,5.28,6.564,7.639,300.0,1.503,0.0,7.75,26.515,0.0,0.0,0.006,0.66,0.0,40.07,39.937,40.45,1.0,500.0,1.0,1.0,1.0,1.0,1.0,1.0,1.0,1.0,1.0,0.056,5.488,2.244,4.012,4.946,39.947,4.151,20.458,12.899,17.499,19.529,0.0,2.61,5.19,1.34,5.4350000000000005,0.13,2.61,5.2,1.31,5.41
1612941,Dimensional / Alignment,2.69,5.28,6.469,7.639,300.0,1.503,0.0,7.75,26.515,0.0,0.0,0.0,0.66,0.0,40.07,39.461,40.756,1.0,500.0,1.0,1.0,1.0,1.0,1.0,1.0,1.0,1.0,1.0,0.054,5.422,2.245,3.994,4.948,39.947,4.151,20.458,12.899,17.499,19.529,0.0,2.61,5.19,1.34,5.4350000000000005,0.13,2.61,5.2,1.31,5.41
1612941,Dimensional / Alignment,2.69,5.28,6.573,7.639,300.0,1.503,0.0,7.75,26.515,0.0,0.0,0.002,0.66,0.0,40.07,40.353,40.706,1.0,500.0,1.0,1.0,1.0,1.0,1.0,1.0,1.0,1.0,1.0,0.057,5.393,2.246,4.015,4.938,39.947,4.151,20.458,12.899,17.499,19.529,0.0,2.61,5.19,1.34,5.4350000000000005,0.13,2.61,5.2,1.31,5.41
1612941,Dimensional / Alignment,2.69,5.28,6.623,7.639,300.0,1.503,0.0,7.75,26.515,0.0,0.0,0.002,0.66,0.0,40.07,40.078,40.351,1.0,500.0,1.0,1.0,1.0,1.0,1.0,1.0,1.0,1.0,1.0,0.058,5.413,2.247,4.003,4.924,39.947,4.151,20.458,12.899,17.499,19.529,0.0,2.61,5.19,1.34,5.4350000000000005,0.13,2.61,5.2,1.31,5.41
1612941,Dimensional / Alignment,2.69,5.28,6.663,7.639,300.0,1.503,0.0,7.75,26.515,0.0,0.0,0.002,0.66,0.0,40.07,40.116,40.589,1.0,500.0,1.0,1.0,1.0,1.0,1.0,1.0,1.0,1.0,1.0,0.058,5.419,2.247,3.999,4.922,39.947,4.151,20.458,12.899,17.499,19.529,0.0,2.61,5.19,1.34,5.4350000000000005,0.13,2.61,5.2,1.31,5.41
1612941,Dimensional / Alignment,2.69,5.28,6.551,7.639,300.0,1.503,0.0,7.75,26.515,0.0,0.0,0.002,0.66,0.0,40.07,40.004,40.208,1.0,500.0,1.0,1.0,1.0,1.0,1.0,1.0,1.0,1.0,1.0,0.057,5.45,2.249,4.0,4.923,39.947,4.151,20.458,12.899,17.499,19.529,0.0,2.61,5.19,1.34,5.4350000000000005,0.13,2.61,5.2,1.31,5.41
1612941,Dimensional / Alignment,2.69,5.28,6.513,7.639,300.0,1.503,0.0,7.75,26.515,0.0,0.0,0.002,0.66,0.0,40.07,40.367,40.508,1.0,500.0,1.0,1.0,1.0,1.0,1.0,1.0,1.0,1.0,1.0,0.056,5.369,2.249,3.985,4.888,39.947,4.151,20.458,12.899,17.499,19.529,0.0,2.61,5.19,1.34,5.4350000000000005,0.13,2.61,5.2,1.31,5.41
1612941,Dimensional / Alignment,2.69,5.28,6.478,7.639,300.0,1.503,0.0,7.75,26.515,0.0,0.0,0.002,0.66,0.0,40.07,39.526,40.766,1.0,500.0,1.0,1.0,1.0,1.0,1.0,1.0,1.0,1.0,1.0,0.058,5.387,2.25,4.003,4.93,39.947,4.151,20.458,12.899,17.499,19.529,0.0,2.61,5.19,1.34,5.4350000000000005,0.13,2.61,5.2,1.31,5.41
1612941,Dimensional / Alignment,2.69,5.28,6.506,7.639,300.0,1.503,0.0,7.75,26.515,0.0,0.0,0.002,0.66,0.0,40.07,39.916,41.075,1.0,500.0,1.0,1.0,1.0,1.0,1.0,1.0,1.0,1.0,1.0,0.058,5.473,2.25,4.015,4.945,39.947,4.151,20.458,12.899,17.499,19.529,0.0,2.61,5.19,1.34,5.4350000000000005,0.13,2.61,5.2,1.31,5.41
1612941,Dimensional / Alignment,2.69,5.28,6.653,7.639,300.0,1.503,0.0,7.75,26.515,0.0,0.0,0.006,0.66,0.0,40.07,40.151,40.512,1.0,500.0,1.0,1.0,1.0,1.0,1.0,1.0,1.0,1.0,1.0,0.058,5.43,2.251,4.01,4.935,39.947,4.151,20.458,12.899,17.499,19.529,0.0,2.61,5.19,1.34,5.4350000000000005,0.13,2.61,5.2,1.31,5.41
1612941,Dimensional / Alignment,2.69,5.28,6.507,7.639,300.0,1.503,0.0,7.75,26.515,0.0,0.0,0.0,0.66,0.0,40.07,40.396,40.544,1.0,500.0,1.0,1.0,1.0,1.0,1.0,1.0,1.0,1.0,1.0,0.053,5.453,2.251,3.99,4.929,39.947,4.151,20.458,12.899,17.499,19.529,0.0,2.61,5.19,1.34,5.4350000000000005,0.13,2.61,5.2,1.31,5.41
1612941,Dimensional / Alignment,2.69,5.28,6.486,7.639,300.0,1.503,0.0,7.75,26.515,0.0,0.0,0.006,0.66,0.0,40.07,40.484,40.78,1.0,500.0,1.0,1.0,1.0,1.0,1.0,1.0,1.0,1.0,1.0,0.058,5.394,2.252,3.996,4.91,39.947,4.151,20.458,12.899,17.499,19.529,0.0,2.61,5.19,1.34,5.4350000000000005,0.13,2.61,5.2,1.31,5.41
1612941,Dimensional / Alignment,2.69,5.28,6.52,7.639,300.0,1.503,0.0,7.75,26.515,0.0,0.0,0.002,0.66,0.0,40.07,40.233,40.082,1.0,500.0,1.0,1.0,1.0,1.0,1.0,1.0,1.0,1.0,1.0,0.057,5.415,2.255,4.012,4.913,39.947,4.151,20.458,12.899,17.499,19.529,0.0,2.61,5.19,1.34,5.4350000000000005,0.13,2.61,5.2,1.31,5.41
1612941,Dimensional / Alignment,2.69,5.28,6.543,7.639,300.0,1.503,0.0,7.75,26.515,0.0,0.0,0.0,0.66,0.0,40.07,39.765,40.811,1.0,500.0,1.0,1.0,1.0,1.0,1.0,1.0,1.0,1.0,1.0,0.054,5.44,2.26,4.002,4.937,39.947,4.151,20.458,12.899,17.499,19.529,0.0,2.61,5.19,1.34,5.4350000000000005,0.13,2.61,5.2,1.31,5.41
1612941,Dimensional / Alignment,2.69,5.28,6.497,7.639,300.0,1.503,0.0,7.75,26.515,0.0,0.0,0.006,0.66,0.0,40.07,40.126,40.544,1.0,500.0,1.0,1.0,1.0,1.0,1.0,1.0,1.0,1.0,1.0,0.057,5.421,2.261,3.993,4.899,39.947,4.151,20.458,12.899,17.499,19.529,0.0,2.61,5.19,1.34,5.4350000000000005,0.13,2.61,5.2,1.31,5.41
1612941,Dimensional / Alignment,2.69,5.28,6.433,7.639,300.0,1.503,0.0,7.75,26.515,0.0,0.0,0.002,0.66,0.0,40.07,29.568,40.306,1.0,500.0,1.0,1.0,1.0,1.0,1.0,1.0,1.0,1.0,1.0,0.058,5.442,2.264,4.006,4.92,39.947,4.151,20.458,12.899,17.499,19.529,0.0,2.61,5.19,1.34,5.4350000000000005,0.13,2.61,5.2,1.31,5.41
1612941,Dimensional / Alignment,2.69,5.28,6.519,7.639,300.0,1.503,0.0,7.75,26.515,0.0,0.0,0.002,0.66,0.0,40.07,40.385,40.502,1.0,500.0,1.0,1.0,1.0,1.0,1.0,1.0,1.0,1.0,1.0,0.057,5.421,2.265,4.014,4.926,39.947,4.151,20.458,12.899,17.499,19.529,0.0,2.61,5.19,1.34,5.4350000000000005,0.13,2.61,5.2,1.31,5.41
1612941,Dimensional / Alignment,2.69,5.28,6.536,7.639,300.0,1.503,0.0,7.75,26.515,0.0,0.0,0.002,0.66,0.0,40.07,39.732,40.904,1.0,500.0,1.0,1.0,1.0,1.0,1.0,1.0,1.0,1.0,1.0,0.058,5.423,2.269,4.013,4.919,39.947,4.151,20.458,12.899,17.499,19.529,0.0,2.61,5.19,1.34,5.4350000000000005,0.13,2.61,5.2,1.31,5.41
1612941,Dimensional / Alignment,2.69,5.28,6.54,7.639,300.0,1.503,0.0,7.75,26.515,0.0,0.0,0.006,0.66,0.0,40.07,40.226,40.724,1.0,500.0,1.0,1.0,1.0,1.0,1.0,1.0,1.0,1.0,1.0,0.057,5.382,2.269,4.019,4.932,39.947,4.151,20.458,12.899,17.499,19.529,0.0,2.61,5.19,1.34,5.4350000000000005,0.13,2.61,5.2,1.31,5.41
1612941,Dimensional / Alignment,2.69,5.28,6.554,7.639,300.0,1.503,0.0,7.75,26.515,0.0,0.0,0.001,0.66,0.0,40.07,39.541,40.325,1.0,500.0,1.0,1.0,1.0,1.0,1.0,1.0,1.0,1.0,1.0,0.058,5.45,2.269,4.031,4.953,39.947,4.151,20.458,12.899,17.499,19.529,0.0,2.61,5.19,1.34,5.4350000000000005,0.13,2.61,5.2,1.31,5.41
1612941,Dimensional / Alignment,2.69,5.28,6.557,7.639,300.0,1.503,0.0,7.75,26.515,0.0,0.0,0.006,0.66,0.0,40.07,39.981,40.523,1.0,500.0,1.0,1.0,1.0,1.0,1.0,1.0,1.0,1.0,1.0,0.057,5.406,2.27,4.006,4.91,39.947,4.151,20.458,12.899,17.499,19.529,0.0,2.61,5.19,1.34,5.4350000000000005,0.13,2.61,5.2,1.31,5.41
1612941,Dimensional / Alignment,2.69,5.28,6.527,7.639,300.0,1.503,0.0,7.75,26.515,0.0,0.0,0.002,0.66,0.0,40.07,39.753,40.687,1.0,500.0,1.0,1.0,1.0,1.0,1.0,1.0,1.0,1.0,1.0,0.058,5.406,2.271,4.011,4.923,39.947,4.151,20.458,12.899,17.499,19.529,0.0,2.61,5.19,1.34,5.4350000000000005,0.13,2.61,5.2,1.31,5.41
1612941,Dimensional / Alignment,2.69,5.28,6.45,7.639,300.0,1.503,0.0,7.75,26.515,0.0,0.0,0.002,0.66,0.0,40.07,39.987,40.612,1.0,500.0,1.0,1.0,1.0,1.0,1.0,1.0,1.0,1.0,1.0,0.057,5.418,2.272,4.027,4.946,39.947,4.151,20.458,12.899,17.499,19.529,0.0,2.61,5.19,1.34,5.4350000000000005,0.13,2.61,5.2,1.31,5.41
1612941,Dimensional / Alignment,2.69,5.28,6.547,7.639,300.0,1.503,0.0,7.75,26.515,0.0,0.0,0.002,0.66,0.0,40.07,40.176,40.552,1.0,500.0,1.0,1.0,1.0,1.0,1.0,1.0,1.0,1.0,1.0,0.058,5.392,2.276,4.019,4.924,39.947,4.151,20.458,12.899,17.499,19.529,0.0,2.61,5.19,1.34,5.4350000000000005,0.13,2.61,5.2,1.31,5.41
1612941,Dimensional / Alignment,2.69,5.28,6.621,7.639,300.0,1.503,0.0,7.75,26.515,0.0,0.0,0.002,0.66,0.0,40.07,40.331,40.76,1.0,500.0,1.0,1.0,1.0,1.0,1.0,1.0,1.0,1.0,1.0,0.057,5.484,2.278,4.03,4.948,39.947,4.151,20.458,12.899,17.499,19.529,0.0,2.61,5.19,1.34,5.4350000000000005,0.13,2.61,5.2,1.31,5.41
1612941,Dimensional / Alignment,2.69,5.28,6.458,7.639,300.0,1.503,0.0,7.75,26.515,0.0,0.0,0.006,0.66,0.0,40.07,40.003,40.583,1.0,500.0,1.0,1.0,1.0,1.0,1.0,1.0,1.0,1.0,1.0,0.057,5.387,2.279,4.015,4.905,39.947,4.151,20.458,12.899,17.499,19.529,0.0,2.61,5.19,1.34,5.4350000000000005,0.13,2.61,5.2,1.31,5.41
1612941,Dimensional / Alignment,2.69,5.28,6.506,7.639,300.0,1.503,0.0,7.75,26.515,0.0,0.0,0.002,0.66,0.0,40.07,40.183,40.994,1.0,500.0,1.0,1.0,1.0,1.0,1.0,1.0,1.0,1.0,1.0,0.057,5.445,2.281,4.022,4.936,39.947,4.151,20.458,12.899,17.499,19.529,0.0,2.61,5.19,1.34,5.4350000000000005,0.13,2.61,5.2,1.31,5.41
1612941,Dimensional / Alignment,2.69,5.28,6.511,7.639,300.0,1.503,0.0,7.75,26.515,0.0,0.0,0.006,0.66,0.0,40.07,40.071,40.25,1.0,500.0,1.0,1.0,1.0,1.0,1.0,1.0,1.0,1.0,1.0,0.057,5.418,2.282,4.023,4.912,39.947,4.151,20.458,12.899,17.499,19.529,0.0,2.61,5.19,1.34,5.4350000000000005,0.13,2.61,5.2,1.31,5.41
1612941,Dimensional / Alignment,2.69,5.28,6.491,7.639,300.0,1.503,0.0,7.75,26.515,0.0,0.0,0.002,0.66,0.0,40.07,40.37,40.503,1.0,500.0,1.0,1.0,1.0,1.0,1.0,1.0,1.0,1.0,1.0,0.057,5.386,2.286,4.025,4.926,39.947,4.151,20.458,12.899,17.499,19.529,0.0,2.61,5.19,1.34,5.4350000000000005,0.13,2.61,5.2,1.31,5.41
1612941,Dimensional / Alignment,2.69,5.28,6.63,7.639,300.0,1.503,0.0,7.75,26.515,0.0,0.0,0.002,0.66,0.0,40.07,39.91,40.353,1.0,500.0,1.0,1.0,1.0,1.0,1.0,1.0,1.0,1.0,1.0,0.058,5.434,2.287,4.03,4.937,39.947,4.151,20.458,12.899,17.499,19.529,0.0,2.61,5.19,1.34,5.4350000000000005,0.13,2.61,5.2,1.31,5.41
1612941,Dimensional / Alignment,2.69,5.28,6.537,7.639,300.0,1.503,0.0,7.75,26.515,0.0,0.0,0.005,0.66,0.0,40.07,39.816,40.169,1.0,500.0,1.0,1.0,1.0,1.0,1.0,1.0,1.0,1.0,1.0,0.057,5.389,2.288,4.037,4.942,39.947,4.151,20.458,12.899,17.499,19.529,0.0,2.61,5.19,1.34,5.4350000000000005,0.13,2.61,5.2,1.31,5.41
1612941,Dimensional / Alignment,2.69,5.28,6.423,7.639,300.0,1.503,0.0,7.75,26.515,0.0,0.0,0.002,0.66,0.0,40.07,39.782,40.382,1.0,500.0,1.0,1.0,1.0,1.0,1.0,1.0,1.0,1.0,1.0,0.057,5.422,2.289,4.029,4.923,39.947,4.151,20.458,12.899,17.499,19.529,0.0,2.61,5.19,1.34,5.4350000000000005,0.13,2.61,5.2,1.31,5.41
1612941,Dimensional / Alignment,2.69,5.28,6.486,7.639,300.0,1.503,0.0,7.75,26.515,0.0,0.0,0.006,0.66,0.0,40.07,39.355,41.142,1.0,500.0,1.0,1.0,1.0,1.0,1.0,1.0,1.0,1.0,1.0,0.057,5.433,2.289,4.03,4.916,39.947,4.151,20.458,12.899,17.499,19.529,0.0,2.61,5.19,1.34,5.4350000000000005,0.13,2.61,5.2,1.31,5.41
1612941,Dimensional / Alignment,2.69,5.28,6.609,7.639,300.0,1.503,0.0,7.75,26.515,0.0,0.0,0.002,0.66,0.0,40.07,39.731,40.863,1.0,500.0,1.0,1.0,1.0,1.0,1.0,1.0,1.0,1.0,1.0,0.058,5.414,2.293,4.033,4.93,39.947,4.151,20.458,12.899,17.499,19.529,0.0,2.61,5.19,1.34,5.4350000000000005,0.13,2.61,5.2,1.31,5.41
1612941,Dimensional / Alignment,2.69,5.28,6.507,7.639,300.0,1.503,0.0,7.75,26.515,0.0,0.0,0.006,0.66,0.0,40.07,39.558,40.69,1.0,500.0,1.0,1.0,1.0,1.0,1.0,1.0,1.0,1.0,1.0,0.057,5.388,2.295,4.032,4.926,39.947,4.151,20.458,12.899,17.499,19.529,0.0,2.61,5.19,1.34,5.4350000000000005,0.13,2.61,5.2,1.31,5.41
1612941,Dimensional / Alignment,2.69,5.28,6.567,7.639,300.0,1.503,0.0,7.75,26.515,0.0,0.0,0.002,0.66,0.0,40.07,40.065,40.363,1.0,500.0,1.0,1.0,1.0,1.0,1.0,1.0,1.0,1.0,1.0,0.057,5.345,2.297,4.017,4.898,39.947,4.151,20.458,12.899,17.499,19.529,0.0,2.61,5.19,1.34,5.4350000000000005,0.13,2.61,5.2,1.31,5.41
1612941,Dimensional / Alignment,2.69,5.28,6.654,7.639,300.0,1.503,0.0,7.75,26.515,0.0,0.0,0.002,0.66,0.0,40.07,40.132,40.878,1.0,500.0,1.0,1.0,1.0,1.0,1.0,1.0,1.0,1.0,1.0,0.058,5.393,2.3,4.028,4.921,39.947,4.151,20.458,12.899,17.499,19.529,0.0,2.61,5.19,1.34,5.4350000000000005,0.13,2.61,5.2,1.31,5.41
1612941,Dimensional / Alignment,2.69,5.28,6.481,7.639,300.0,1.503,0.0,7.75,26.515,0.0,0.0,0.002,0.66,0.0,40.07,40.138,40.903,1.0,500.0,1.0,1.0,1.0,1.0,1.0,1.0,1.0,1.0,1.0,0.057,5.42,2.301,4.038,4.929,39.947,4.151,20.458,12.899,17.499,19.529,0.0,2.61,5.19,1.34,5.4350000000000005,0.13,2.61,5.2,1.31,5.41
1612941,Dimensional / Alignment,2.69,5.28,6.49,7.639,300.0,1.503,0.0,7.75,26.515,0.0,0.0,0.002,0.66,0.0,40.07,40.171,40.688,1.0,500.0,1.0,1.0,1.0,1.0,1.0,1.0,1.0,1.0,1.0,0.058,5.415,2.302,4.026,4.922,39.947,4.151,20.458,12.899,17.499,19.529,0.0,2.61,5.19,1.34,5.4350000000000005,0.13,2.61,5.2,1.31,5.41
1612941,Dimensional / Alignment,2.69,5.28,6.593,7.639,300.0,1.503,0.0,7.75,26.515,0.0,0.0,0.002,0.66,0.0,40.07,40.127,40.914,1.0,500.0,1.0,1.0,1.0,1.0,1.0,1.0,1.0,1.0,1.0,0.058,5.393,2.304,4.037,4.935,39.947,4.151,20.458,12.899,17.499,19.529,0.0,2.61,5.19,1.34,5.4350000000000005,0.13,2.61,5.2,1.31,5.41
1612941,Dimensional / Alignment,2.69,5.28,6.532,7.639,300.0,1.503,0.0,7.75,26.515,0.0,0.0,0.002,0.66,0.0,40.07,39.652,40.305,1.0,500.0,1.0,1.0,1.0,1.0,1.0,1.0,1.0,1.0,1.0,0.058,5.404,2.308,4.041,4.932,39.947,4.151,20.458,12.899,17.499,19.529,0.0,2.61,5.19,1.34,5.4350000000000005,0.13,2.61,5.2,1.31,5.41
1612941,Dimensional / Alignment,2.69,5.28,6.509,7.639,300.0,1.503,0.0,7.75,26.515,0.0,0.0,0.002,0.66,0.0,40.07,40.044,40.812,1.0,500.0,1.0,1.0,1.0,1.0,1.0,1.0,1.0,1.0,1.0,0.057,5.43,2.312,4.056,4.948,39.947,4.151,20.458,12.899,17.499,19.529,0.0,2.61,5.19,1.34,5.4350000000000005,0.13,2.61,5.2,1.31,5.41
1512192,Coil,2.69,5.28,8.07,7.639,300.0,1.503,0.0,7.75,26.515,0.0,0.0,0.001,0.66,0.0,40.07,39.98,40.544,1.0,500.0,1.0,1.0,1.0,1.0,1.0,1.0,1.0,1.0,1.0,0.193,10.1815,5.160500000000001,8.5145,9.791,39.947,4.151,20.458,12.899,17.499,19.529,0.0,2.61,5.19,1.34,5.4350000000000005,0.13,2.61,5.2,1.31,5.41
1512192,Coil,2.69,5.28,8.07,7.639,300.0,1.503,0.0,7.75,26.515,0.0,0.0,0.001,0.66,0.0,40.07,39.98,40.544,1.0,500.0,1.0,1.0,1.0,1.0,1.0,1.0,1.0,1.0,1.0,0.193,10.1815,5.160500000000001,8.5145,9.791,39.947,4.151,20.458,12.899,17.499,19.529,0.0,2.61,5.19,1.34,5.4350000000000005,0.13,2.61,5.2,1.31,5.41
1512192,Coil,2.69,5.28,8.07,7.639,300.0,1.503,0.0,7.75,26.515,0.0,0.0,0.001,0.66,0.0,40.07,39.98,40.544,1.0,500.0,1.0,1.0,1.0,1.0,1.0,1.0,1.0,1.0,1.0,0.193,10.1815,5.160500000000001,8.5145,9.791,39.947,4.151,20.458,12.899,17.499,19.529,0.0,2.61,5.19,1.34,5.4350000000000005,0.13,2.61,5.2,1.31,5.41
1490547,Coil,2.69,5.28,8.07,7.639,300.0,1.503,0.0,7.75,26.515,0.0,0.0,0.001,0.66,0.0,40.07,39.98,40.544,1.0,500.0,1.0,1.0,1.0,1.0,1.0,1.0,1.0,1.0,1.0,0.193,10.1815,5.160500000000001,8.5145,9.791,39.947,4.151,20.458,12.899,17.499,19.529,0.0,2.61,5.19,1.34,5.4350000000000005,0.13,2.61,5.2,1.31,5.41
1490547,Coil,2.69,5.28,8.07,7.639,300.0,1.503,0.0,7.75,26.515,0.0,0.0,0.001,0.66,0.0,40.07,39.98,40.544,1.0,500.0,0.0,1.0,1.0,1.0,1.0,1.0,1.0,1.0,1.0,0.193,10.1815,5.160500000000001,8.5145,9.791,39.947,4.151,20.458,12.899,17.499,19.529,0.0,2.61,5.19,1.34,5.4350000000000005,0.13,2.61,5.2,1.31,5.41
1490547,Coil,2.69,5.28,8.07,7.639,300.0,1.503,0.0,7.75,26.515,0.0,0.0,0.001,0.66,0.0,40.07,39.98,40.544,1.0,500.0,0.0,1.0,1.0,1.0,1.0,1.0,1.0,1.0,1.0,0.193,10.1815,5.160500000000001,8.5145,9.791,39.947,4.151,20.458,12.899,17.499,19.529,0.0,2.61,5.19,1.34,5.4350000000000005,0.13,2.61,5.2,1.31,5.41
1490547,Coil,2.69,5.28,8.07,7.639,300.0,1.503,0.0,7.75,26.515,0.0,0.0,0.001,0.66,0.0,40.07,39.98,40.544,1.0,500.0,0.0,1.0,1.0,1.0,1.0,1.0,1.0,1.0,1.0,0.193,10.1815,5.160500000000001,8.5145,9.791,39.947,4.151,20.458,12.899,17.499,19.529,0.0,2.61,5.19,1.34,5.4350000000000005,0.13,2.61,5.2,1.31,5.41
1490547,Coil,2.69,5.28,8.07,7.639,300.0,1.503,0.0,7.75,26.515,0.0,0.0,0.001,0.66,0.0,40.07,39.98,40.544,1.0,500.0,0.0,1.0,1.0,1.0,1.0,1.0,1.0,1.0,1.0,0.193,10.1815,5.160500000000001,8.5145,9.791,39.947,4.151,20.458,12.899,17.499,19.529,0.0,2.61,5.19,1.34,5.4350000000000005,0.13,2.61,5.2,1.31,5.41
1649223,Dimensional / Alignment,2.69,5.28,8.07,7.639,300.0,1.503,0.0,7.75,26.515,0.0,0.0,0.001,0.66,0.0,40.07,39.98,40.544,1.0,500.0,1.0,1.0,1.0,1.0,1.0,1.0,1.0,1.0,1.0,0.193,10.1815,5.160500000000001,8.5145,9.791,39.947,4.151,20.458,12.899,17.499,19.529,0.0,2.61,5.19,1.34,5.4350000000000005,0.13,2.61,5.2,1.31,5.41
1649223,Dimensional / Alignment,2.69,5.28,8.07,7.639,300.0,1.503,0.0,7.75,26.515,0.0,0.0,0.001,0.66,0.0,40.07,39.98,40.544,1.0,500.0,1.0,1.0,1.0,1.0,1.0,1.0,1.0,1.0,1.0,0.193,10.1815,5.160500000000001,8.5145,9.791,39.947,4.151,20.458,12.899,17.499,19.529,0.0,2.61,5.19,1.34,5.4350000000000005,0.13,2.61,5.2,1.31,5.41
1649223,Dimensional / Alignment,2.69,5.28,8.07,7.639,300.0,1.503,0.0,7.75,26.515,0.0,0.0,0.001,0.66,0.0,40.07,39.98,40.544,1.0,500.0,1.0,1.0,1.0,1.0,1.0,1.0,1.0,1.0,1.0,0.193,10.1815,5.160500000000001,8.5145,9.791,39.947,4.151,20.458,12.899,17.499,19.529,0.0,2.61,5.19,1.34,5.4350000000000005,0.13,2.61,5.2,1.31,5.41
1649223,Dimensional / Alignment,2.69,5.28,8.07,7.639,300.0,1.503,0.0,7.75,26.515,0.0,0.0,0.001,0.66,0.0,40.07,39.98,40.544,1.0,500.0,1.0,1.0,1.0,1.0,1.0,1.0,1.0,1.0,1.0,0.193,10.1815,5.160500000000001,8.5145,9.791,39.947,4.151,20.458,12.899,17.499,19.529,0.0,2.61,5.19,1.34,5.4350000000000005,0.13,2.61,5.2,1.31,5.41
1649223,Dimensional / Alignment,2.69,5.28,8.07,7.639,300.0,1.503,0.0,7.75,26.515,0.0,0.0,0.001,0.66,0.0,40.07,39.98,40.544,1.0,500.0,1.0,1.0,1.0,1.0,1.0,1.0,1.0,1.0,1.0,0.193,10.1815,5.160500000000001,8.5145,9.791,39.947,4.151,20.458,12.899,17.499,19.529,0.0,2.61,5.19,1.34,5.4350000000000005,0.13,2.61,5.2,1.31,5.41
1649223,Dimensional / Alignment,2.69,5.28,8.07,7.639,300.0,1.503,0.0,7.75,26.515,0.0,0.0,0.001,0.66,0.0,40.07,39.98,40.544,1.0,500.0,1.0,1.0,1.0,1.0,1.0,1.0,1.0,1.0,1.0,0.193,10.1815,5.160500000000001,8.5145,9.791,39.947,4.151,20.458,12.899,17.499,19.529,0.0,2.61,5.19,1.34,5.4350000000000005,0.13,2.61,5.2,1.31,5.41
1602202,Coil,2.69,5.28,8.07,7.639,300.0,1.503,0.0,7.75,26.515,0.0,0.0,0.001,0.66,0.0,40.07,39.98,40.544,1.0,500.0,1.0,1.0,1.0,1.0,1.0,1.0,1.0,1.0,1.0,0.193,10.1815,5.160500000000001,8.5145,9.791,39.947,4.151,20.458,12.899,17.499,19.529,0.0,2.61,5.19,1.34,5.4350000000000005,0.13,2.61,5.2,1.31,5.41
1602202,Coil,2.69,5.28,8.07,7.639,300.0,1.503,0.0,7.75,26.515,0.0,0.0,0.001,0.66,0.0,40.07,39.98,40.544,1.0,500.0,1.0,1.0,1.0,1.0,1.0,1.0,1.0,1.0,1.0,0.193,10.1815,5.160500000000001,8.5145,9.791,39.947,4.151,20.458,12.899,17.499,19.529,0.0,2.61,5.19,1.34,5.4350000000000005,0.13,2.61,5.2,1.31,5.41
1602202,Coil,2.69,5.28,8.07,7.639,300.0,1.503,0.0,7.75,26.515,0.0,0.0,0.001,0.66,0.0,40.07,39.98,40.544,1.0,500.0,1.0,1.0,1.0,1.0,1.0,1.0,1.0,1.0,1.0,0.193,10.1815,5.160500000000001,8.5145,9.791,39.947,4.151,20.458,12.899,17.499,19.529,0.0,2.61,5.19,1.34,5.4350000000000005,0.13,2.61,5.2,1.31,5.41
1602202,Coil,2.69,5.28,8.07,7.639,300.0,1.503,0.0,7.75,26.515,0.0,0.0,0.001,0.66,0.0,40.07,39.98,40.544,1.0,500.0,1.0,1.0,1.0,1.0,1.0,1.0,1.0,1.0,1.0,0.193,10.1815,5.160500000000001,8.5145,9.791,39.947,4.151,20.458,12.899,17.499,19.529,0.0,2.61,5.19,1.34,5.4350000000000005,0.13,2.61,5.2,1.31,5.41
1602202,Coil,2.69,5.28,8.07,7.639,300.0,1.503,0.0,7.75,26.515,0.0,0.0,0.001,0.66,0.0,40.07,39.98,40.544,1.0,500.0,1.0,1.0,1.0,1.0,1.0,1.0,1.0,1.0,1.0,0.193,10.1815,5.160500000000001,8.5145,9.791,39.947,4.151,20.458,12.899,17.499,19.529,0.0,2.61,5.19,1.34,5.4350000000000005,0.13,2.61,5.2,1.31,5.41
1602202,Coil,2.69,5.28,8.07,7.639,300.0,1.503,0.0,7.75,26.515,0.0,0.0,0.001,0.66,0.0,40.07,39.98,40.544,1.0,500.0,1.0,1.0,1.0,1.0,1.0,1.0,1.0,1.0,1.0,0.193,10.1815,5.160500000000001,8.5145,9.791,39.947,4.151,20.458,12.899,17.499,19.529,0.0,2.61,5.19,1.34,5.4350000000000005,0.13,2.61,5.2,1.31,5.41
1602202,Coil,2.69,5.28,8.07,7.639,300.0,1.503,0.0,7.75,26.515,0.0,0.0,0.001,0.66,0.0,40.07,39.98,40.544,1.0,500.0,1.0,1.0,1.0,1.0,1.0,1.0,1.0,1.0,1.0,0.193,10.1815,5.160500000000001,8.5145,9.791,39.947,4.151,20.458,12.899,17.499,19.529,0.0,2.61,5.19,1.34,5.4350000000000005,0.13,2.61,5.2,1.31,5.41
1602202,Coil,2.69,5.28,8.07,7.639,300.0,1.503,0.0,7.75,26.515,0.0,0.0,0.001,0.66,0.0,40.07,39.98,40.544,1.0,500.0,1.0,1.0,1.0,1.0,1.0,1.0,1.0,1.0,1.0,0.193,10.1815,5.160500000000001,8.5145,9.791,39.947,4.151,20.458,12.899,17.499,19.529,0.0,2.61,5.19,1.34,5.4350000000000005,0.13,2.61,5.2,1.31,5.41
1677635,ASIC / EEPROM,2.69,5.28,8.07,7.639,300.0,1.503,0.0,7.75,26.515,0.0,0.0,0.001,0.66,0.0,40.07,39.98,40.544,1.0,500.0,1.0,1.0,1.0,1.0,1.0,1.0,1.0,1.0,1.0,0.193,10.1815,5.160500000000001,8.5145,9.791,39.947,4.151,20.458,12.899,17.499,19.529,0.0,2.61,5.19,1.34,5.4350000000000005,0.13,2.61,5.2,1.31,5.41
1677635,ASIC / EEPROM,2.69,5.28,8.07,7.639,300.0,1.503,0.0,7.75,26.515,0.0,0.0,0.001,0.66,0.0,40.07,39.98,40.544,1.0,500.0,1.0,1.0,1.0,1.0,1.0,1.0,1.0,1.0,1.0,0.193,10.1815,5.160500000000001,8.5145,9.791,39.947,4.151,20.458,12.899,17.499,19.529,0.0,2.61,5.19,1.34,5.4350000000000005,0.13,2.61,5.2,1.31,5.41
1677635,ASIC / EEPROM,2.69,5.28,8.07,7.639,300.0,1.503,0.0,7.75,26.515,0.0,0.0,0.001,0.66,0.0,40.07,39.98,40.544,1.0,500.0,1.0,1.0,1.0,1.0,1.0,1.0,1.0,1.0,1.0,0.193,10.1815,5.160500000000001,8.5145,9.791,39.947,4.151,20.458,12.899,17.499,19.529,0.0,2.61,5.19,1.34,5.4350000000000005,0.13,2.61,5.2,1.31,5.41
2012158,ASIC / EEPROM,2.69,5.28,8.07,7.639,300.0,1.503,0.0,7.75,26.515,0.0,0.0,0.001,0.66,0.0,40.07,39.98,40.544,1.0,500.0,1.0,1.0,1.0,1.0,1.0,1.0,1.0,1.0,1.0,0.193,10.1815,5.160500000000001,8.5145,9.791,39.947,4.151,20.458,12.899,17.499,19.529,0.0,2.61,5.19,1.34,5.4350000000000005,0.13,2.61,5.2,1.31,5.41
2012158,ASIC / EEPROM,2.69,5.28,8.07,7.639,300.0,1.503,0.0,7.75,26.515,0.0,0.0,0.001,0.66,0.0,40.07,39.98,40.544,1.0,500.0,1.0,1.0,1.0,1.0,1.0,1.0,1.0,1.0,1.0,0.193,10.1815,5.160500000000001,8.5145,9.791,39.947,4.151,20.458,12.899,17.499,19.529,0.0,2.61,5.19,1.34,5.4350000000000005,0.13,2.61,5.2,1.31,5.41
2012158,ASIC / EEPROM,2.69,5.28,8.07,7.639,300.0,1.503,0.0,7.75,26.515,0.0,0.0,0.001,0.66,0.0,40.07,39.98,40.544,1.0,500.0,1.0,1.0,1.0,1.0,1.0,1.0,1.0,1.0,1.0,0.193,10.1815,5.160500000000001,8.5145,9.791,39.947,4.151,20.458,12.899,17.499,19.529,0.0,2.61,5.19,1.34,5.4350000000000005,0.13,2.61,5.2,1.31,5.41
2012158,ASIC / EEPROM,2.69,5.28,8.07,7.639,300.0,1.503,0.0,7.75,26.515,0.0,0.0,0.001,0.66,0.0,40.07,39.98,40.544,1.0,500.0,1.0,1.0,1.0,1.0,1.0,1.0,1.0,1.0,1.0,0.193,10.1815,5.160500000000001,8.5145,9.791,39.947,4.151,20.458,12.899,17.499,19.529,0.0,2.61,5.19,1.34,5.4350000000000005,0.13,2.61,5.2,1.31,5.41
2012158,ASIC / EEPROM,2.69,5.28,8.07,7.639,300.0,1.503,0.0,7.75,26.515,0.0,0.0,0.001,0.66,0.0,40.07,39.98,40.544,1.0,500.0,1.0,1.0,1.0,1.0,1.0,1.0,1.0,1.0,1.0,0.193,10.1815,5.160500000000001,8.5145,9.791,39.947,4.151,20.458,12.899,17.499,19.529,0.0,2.61,5.19,1.34,5.4350000000000005,0.13,2.61,5.2,1.31,5.41
2012158,ASIC / EEPROM,2.69,5.28,8.07,7.639,300.0,1.503,0.0,7.75,26.515,0.0,0.0,0.001,0.66,0.0,40.07,39.98,40.544,1.0,500.0,1.0,1.0,1.0,1.0,1.0,1.0,1.0,1.0,1.0,0.193,10.1815,5.160500000000001,8.5145,9.791,39.947,4.151,20.458,12.899,17.499,19.529,0.0,2.61,5.19,1.34,5.4350000000000005,0.13,2.61,5.2,1.31,5.41
2012158,ASIC / EEPROM,2.69,5.28,8.07,7.639,300.0,1.503,0.0,7.75,26.515,0.0,0.0,0.001,0.66,0.0,40.07,39.98,40.544,1.0,500.0,1.0,1.0,1.0,1.0,1.0,1.0,1.0,1.0,1.0,0.193,10.1815,5.160500000000001,8.5145,9.791,39.947,4.151,20.458,12.899,17.499,19.529,0.0,2.61,5.19,1.34,5.4350000000000005,0.13,2.61,5.2,1.31,5.41
2012158,ASIC / EEPROM,2.69,5.28,8.07,7.639,300.0,1.503,0.0,7.75,26.515,0.0,0.0,0.001,0.66,0.0,40.07,39.98,40.544,1.0,500.0,1.0,1.0,1.0,1.0,1.0,1.0,1.0,1.0,1.0,0.193,10.1815,5.160500000000001,8.5145,9.791,39.947,4.151,20.458,12.899,17.499,19.529,0.0,2.61,5.19,1.34,5.4350000000000005,0.13,2.61,5.2,1.31,5.41
2012158,ASIC / EEPROM,2.69,5.28,8.07,7.639,300.0,1.503,0.0,7.75,26.515,0.0,0.0,0.001,0.66,0.0,40.07,39.98,40.544,1.0,500.0,1.0,1.0,1.0,1.0,1.0,1.0,1.0,1.0,1.0,0.193,10.1815,5.160500000000001,8.5145,9.791,39.947,4.151,20.458,12.899,17.499,19.529,0.0,2.61,5.19,1.34,5.4350000000000005,0.13,2.61,5.2,1.31,5.41
2012158,ASIC / EEPROM,2.69,5.28,8.07,7.639,300.0,1.503,0.0,7.75,26.515,0.0,0.0,0.001,0.66,0.0,40.07,39.98,40.544,1.0,500.0,1.0,1.0,1.0,1.0,1.0,1.0,1.0,1.0,1.0,0.193,10.1815,5.160500000000001,8.5145,9.791,39.947,4.151,20.458,12.899,17.499,19.529,0.0,2.61,5.19,1.34,5.4350000000000005,0.13,2.61,5.2,1.31,5.41
2012158,ASIC / EEPROM,2.69,5.28,8.07,7.639,300.0,1.503,0.0,7.75,26.515,0.0,0.0,0.001,0.66,0.0,40.07,39.98,40.544,1.0,500.0,1.0,1.0,1.0,1.0,1.0,1.0,1.0,1.0,1.0,0.193,10.1815,5.160500000000001,8.5145,9.791,39.947,4.151,20.458,12.899,17.499,19.529,0.0,2.61,5.19,1.34,5.4350000000000005,0.13,2.61,5.2,1.31,5.41
2012158,ASIC / EEPROM,2.69,5.28,8.07,7.639,300.0,1.503,0.0,7.75,26.515,0.0,0.0,0.001,0.66,0.0,40.07,39.98,40.544,1.0,500.0,1.0,1.0,1.0,1.0,1.0,1.0,1.0,1.0,1.0,0.193,10.1815,5.160500000000001,8.5145,9.791,39.947,4.151,20.458,12.899,17.499,19.529,0.0,2.61,5.19,1.34,5.4350000000000005,0.13,2.61,5.2,1.31,5.41
2012158,ASIC / EEPROM,2.69,5.28,8.07,7.639,300.0,1.503,0.0,7.75,26.515,0.0,0.0,0.001,0.66,0.0,40.07,39.98,40.544,1.0,500.0,1.0,1.0,1.0,1.0,1.0,1.0,1.0,1.0,1.0,0.193,10.1815,5.160500000000001,8.5145,9.791,39.947,4.151,20.458,12.899,17.499,19.529,0.0,2.61,5.19,1.34,5.4350000000000005,0.13,2.61,5.2,1.31,5.41
2012158,ASIC / EEPROM,2.69,5.28,8.07,7.639,300.0,1.503,0.0,7.75,26.515,0.0,0.0,0.001,0.66,0.0,40.07,39.98,40.544,1.0,500.0,1.0,1.0,1.0,1.0,1.0,1.0,1.0,1.0,1.0,0.193,10.1815,5.160500000000001,8.5145,9.791,39.947,4.151,20.458,12.899,17.499,19.529,0.0,2.61,5.19,1.34,5.4350000000000005,0.13,2.61,5.2,1.31,5.41
1483564,Flex / PCB / Solder / Wiring,2.69,5.28,7.778,7.639,300.0,1.503,0.0,7.75,26.515,0.0,0.0,0.0,0.66,0.0,40.07,39.98,40.296,1.0,500.0,1.0,1.0,1.0,1.0,1.0,1.0,1.0,1.0,1.0,0.072,11.403,5.823,9.473,11.134,40.193,0.0,0.004,0.004,0.004,0.004,0.0,2.61,5.19,1.34,5.4350000000000005,0.13,2.61,5.2,1.31,5.41
1483564,Flex / PCB / Solder / Wiring,2.69,5.28,7.248,7.639,300.0,1.503,0.0,7.75,26.515,0.0,0.0,0.0,0.66,0.0,40.07,39.838,40.306,1.0,500.0,1.0,1.0,1.0,1.0,1.0,1.0,1.0,1.0,1.0,0.14,10.488,5.605,8.542,9.756,40.545,0.0,0.004,0.004,0.004,0.004,0.0,2.61,5.19,1.34,5.4350000000000005,0.13,2.61,5.2,1.31,5.41
1483564,Flex / PCB / Solder / Wiring,2.69,5.28,7.778,7.639,300.0,1.503,0.0,7.75,26.515,0.0,0.0,0.0,0.66,0.0,40.07,39.98,40.296,1.0,500.0,1.0,1.0,1.0,1.0,1.0,1.0,1.0,1.0,1.0,0.072,11.403,5.823,9.473,11.134,40.193,0.0,0.004,0.004,0.004,0.004,0.0,2.61,5.19,1.34,5.4350000000000005,0.13,2.61,5.2,1.31,5.41
1483564,Flex / PCB / Solder / Wiring,2.69,5.28,7.248,7.639,300.0,1.503,0.0,7.75,26.515,0.0,0.0,0.0,0.66,0.0,40.07,39.838,40.306,1.0,500.0,1.0,1.0,1.0,1.0,1.0,1.0,1.0,1.0,1.0,0.14,10.488,5.605,8.542,9.756,40.545,0.0,0.004,0.004,0.004,0.004,0.0,2.61,5.19,1.34,5.4350000000000005,0.13,2.61,5.2,1.31,5.41
1483564,Dimensional / Alignment,2.69,5.28,7.778,7.639,300.0,1.503,0.0,7.75,26.515,0.0,0.0,0.0,0.66,0.0,40.07,39.98,40.296,1.0,500.0,1.0,1.0,1.0,1.0,1.0,1.0,1.0,1.0,1.0,0.072,11.403,5.823,9.473,11.134,40.193,0.0,0.004,0.004,0.004,0.004,0.0,2.61,5.19,1.34,5.4350000000000005,0.13,2.61,5.2,1.31,5.41
1483564,Dimensional / Alignment,2.69,5.28,7.248,7.639,300.0,1.503,0.0,7.75,26.515,0.0,0.0,0.0,0.66,0.0,40.07,39.838,40.306,1.0,500.0,1.0,1.0,1.0,1.0,1.0,1.0,1.0,1.0,1.0,0.14,10.488,5.605,8.542,9.756,40.545,0.0,0.004,0.004,0.004,0.004,0.0,2.61,5.19,1.34,5.4350000000000005,0.13,2.61,5.2,1.31,5.41
1483564,Dimensional / Alignment,2.69,5.28,11.648,7.639,300.0,1.503,0.0,7.75,26.515,0.0,0.0,0.0,0.66,0.0,40.07,39.781,40.878,1.0,500.0,1.0,1.0,1.0,1.0,1.0,1.0,1.0,1.0,1.0,0.072,11.085,4.658,7.968,9.747,40.229,4.031,21.499,11.329,16.568,19.383,0.0,2.61,5.19,1.34,5.4350000000000005,0.13,2.61,5.2,1.31,5.41
1483564,Dimensional / Alignment,2.69,5.28,11.625,7.639,300.0,1.503,0.0,7.75,26.515,0.0,0.0,0.0,0.66,0.0,40.07,40.205,40.817,1.0,500.0,1.0,1.0,1.0,1.0,1.0,1.0,1.0,1.0,1.0,0.124,10.477,5.748,8.621,9.792,40.215,4.11,20.515,13.023,17.576,19.431,0.0,2.61,5.19,1.34,5.4350000000000005,0.13,2.61,5.2,1.31,5.41
1483564,Dimensional / Alignment,2.69,5.28,11.647,7.639,300.0,1.503,0.0,7.75,26.515,0.0,0.0,0.0,0.66,0.0,40.07,40.723,40.434,1.0,500.0,1.0,1.0,1.0,1.0,1.0,1.0,1.0,1.0,1.0,0.072,10.491,5.747,8.576,9.772,40.569,4.03,20.487,13.009,17.464,19.346,0.0,2.61,5.19,1.34,5.4350000000000005,0.13,2.61,5.2,1.31,5.41
1483564,Dimensional / Alignment,2.69,5.28,11.647,7.639,300.0,1.503,0.0,7.75,26.515,0.0,0.0,0.0,0.66,0.0,40.07,40.63,40.73,1.0,500.0,1.0,1.0,1.0,1.0,1.0,1.0,1.0,1.0,1.0,0.109,10.488,5.718,8.609,9.79,40.361,4.134,20.604,13.041,17.624,19.502,0.0,2.61,5.19,1.34,5.4350000000000005,0.13,2.61,5.2,1.31,5.41
1483564,Dimensional / Alignment,2.69,5.28,11.739,7.639,300.0,1.503,0.0,7.75,26.515,0.0,0.0,0.0,0.66,0.0,40.07,40.209,40.782,1.0,500.0,1.0,1.0,1.0,1.0,1.0,1.0,1.0,1.0,1.0,0.076,10.499,5.625,8.526,9.765,40.586,4.068,20.57,12.85,17.443,19.399,0.0,2.61,5.19,1.34,5.4350000000000005,0.13,2.61,5.2,1.31,5.41
1483564,Dimensional / Alignment,2.69,5.28,7.778,7.639,300.0,1.503,0.0,7.75,26.515,0.0,0.0,0.0,0.66,0.0,40.07,39.98,40.296,1.0,500.0,1.0,1.0,1.0,1.0,1.0,1.0,1.0,1.0,1.0,0.072,11.403,5.823,9.473,11.134,40.193,0.0,0.004,0.004,0.004,0.004,0.0,2.61,5.19,1.34,5.4350000000000005,0.13,2.61,5.2,1.31,5.41
1483564,Dimensional / Alignment,2.69,5.28,7.248,7.639,300.0,1.503,0.0,7.75,26.515,0.0,0.0,0.0,0.66,0.0,40.07,39.838,40.306,1.0,500.0,1.0,1.0,1.0,1.0,1.0,1.0,1.0,1.0,1.0,0.14,10.488,5.605,8.542,9.756,40.545,0.0,0.004,0.004,0.004,0.004,0.0,2.61,5.19,1.34,5.4350000000000005,0.13,2.61,5.2,1.31,5.41
1483564,Dimensional / Alignment,2.69,5.28,11.648,7.639,300.0,1.503,0.0,7.75,26.515,0.0,0.0,0.0,0.66,0.0,40.07,39.781,40.878,1.0,500.0,1.0,1.0,1.0,1.0,1.0,1.0,1.0,1.0,1.0,0.072,11.085,4.658,7.968,9.747,40.229,4.031,21.499,11.329,16.568,19.383,0.0,2.61,5.19,1.34,5.4350000000000005,0.13,2.61,5.2,1.31,5.41
1483564,Dimensional / Alignment,2.69,5.28,11.625,7.639,300.0,1.503,0.0,7.75,26.515,0.0,0.0,0.0,0.66,0.0,40.07,40.205,40.817,1.0,500.0,1.0,1.0,1.0,1.0,1.0,1.0,1.0,1.0,1.0,0.124,10.477,5.748,8.621,9.792,40.215,4.11,20.515,13.023,17.576,19.431,0.0,2.61,5.19,1.34,5.4350000000000005,0.13,2.61,5.2,1.31,5.41
1483564,Dimensional / Alignment,2.69,5.28,11.647,7.639,300.0,1.503,0.0,7.75,26.515,0.0,0.0,0.0,0.66,0.0,40.07,40.723,40.434,1.0,500.0,1.0,1.0,1.0,1.0,1.0,1.0,1.0,1.0,1.0,0.072,10.491,5.747,8.576,9.772,40.569,4.03,20.487,13.009,17.464,19.346,0.0,2.61,5.19,1.34,5.4350000000000005,0.13,2.61,5.2,1.31,5.41
1483564,Dimensional / Alignment,2.69,5.28,11.647,7.639,300.0,1.503,0.0,7.75,26.515,0.0,0.0,0.0,0.66,0.0,40.07,40.63,40.73,1.0,500.0,1.0,1.0,1.0,1.0,1.0,1.0,1.0,1.0,1.0,0.109,10.488,5.718,8.609,9.79,40.361,4.134,20.604,13.041,17.624,19.502,0.0,2.61,5.19,1.34,5.4350000000000005,0.13,2.61,5.2,1.31,5.41
1483564,Dimensional / Alignment,2.69,5.28,11.739,7.639,300.0,1.503,0.0,7.75,26.515,0.0,0.0,0.0,0.66,0.0,40.07,40.209,40.782,1.0,500.0,1.0,1.0,1.0,1.0,1.0,1.0,1.0,1.0,1.0,0.076,10.499,5.625,8.526,9.765,40.586,4.068,20.57,12.85,17.443,19.399,0.0,2.61,5.19,1.34,5.4350000000000005,0.13,2.61,5.2,1.31,5.41
2026277,Dimensional / Alignment,2.69,0.0,9.33,9.35,0.0,0.0,0.0,9.8,360.0,0.0,0.0,0.0,0.66,0.0,40.15,40.96,39.9,1.0,500.0,1.0,1.0,1.0,1.0,1.0,1.0,1.0,1.0,1.0,0.193,10.1815,5.160500000000001,8.5145,9.791,39.947,4.151,20.458,12.899,17.499,19.529,0.0,2.61,5.19,1.34,5.4350000000000005,0.13,2.61,5.2,1.31,5.41
2026277,Dimensional / Alignment,2.69,0.0,8.51,8.69,300.0,1.68,0.0,7.75,26.56,0.0,28.16,0.0,0.66,0.0,40.92,40.25,40.23,1.0,500.0,1.0,1.0,1.0,1.0,1.0,1.0,1.0,1.0,1.0,0.193,10.1815,5.160500000000001,8.5145,9.791,39.947,4.151,20.458,12.899,17.499,19.529,0.0,2.61,5.19,1.34,5.4350000000000005,0.13,2.61,5.2,1.31,5.41
1561826,Coil,2.69,5.28,8.07,7.639,300.0,1.503,0.0,7.75,26.515,0.0,0.0,0.001,0.66,0.0,40.07,39.98,40.544,1.0,500.0,1.0,1.0,1.0,1.0,1.0,1.0,1.0,1.0,1.0,0.193,10.1815,5.160500000000001,8.5145,9.791,39.947,4.151,20.458,12.899,17.499,19.529,0.0,2.61,5.19,1.34,5.4350000000000005,0.13,2.61,5.2,1.31,5.41
1561826,Coil,2.69,5.28,8.07,7.639,300.0,1.503,0.0,7.75,26.515,0.0,0.0,0.001,0.66,0.0,40.07,39.98,40.544,1.0,500.0,1.0,1.0,1.0,1.0,1.0,1.0,1.0,1.0,1.0,0.193,10.1815,5.160500000000001,8.5145,9.791,39.947,4.151,20.458,12.899,17.499,19.529,0.0,2.61,5.19,1.34,5.4350000000000005,0.13,2.61,5.2,1.31,5.41
1561826,Coil,2.69,5.28,8.07,7.639,300.0,1.503,0.0,7.75,26.515,0.0,0.0,0.001,0.66,0.0,40.07,39.98,40.544,1.0,500.0,1.0,1.0,1.0,1.0,1.0,1.0,1.0,1.0,1.0,0.193,10.1815,5.160500000000001,8.5145,9.791,39.947,4.151,20.458,12.899,17.499,19.529,0.0,2.61,5.19,1.34,5.4350000000000005,0.13,2.61,5.2,1.31,5.41
1561826,Coil,2.69,5.28,8.07,7.639,300.0,1.503,0.0,7.75,26.515,0.0,0.0,0.001,0.66,0.0,40.07,39.98,40.544,1.0,500.0,1.0,1.0,1.0,1.0,1.0,1.0,1.0,1.0,1.0,0.193,10.1815,5.160500000000001,8.5145,9.791,39.947,4.151,20.458,12.899,17.499,19.529,0.0,2.61,5.19,1.34,5.4350000000000005,0.13,2.61,5.2,1.31,5.41
1561826,Coil,2.69,5.28,8.07,7.639,300.0,1.503,0.0,7.75,26.515,0.0,0.0,0.001,0.66,0.0,40.07,39.98,40.544,1.0,500.0,1.0,1.0,1.0,1.0,1.0,1.0,1.0,1.0,1.0,0.193,10.1815,5.160500000000001,8.5145,9.791,39.947,4.151,20.458,12.899,17.499,19.529,0.0,2.61,5.19,1.34,5.4350000000000005,0.13,2.61,5.2,1.31,5.41
1561826,Coil,2.69,5.28,8.07,7.639,300.0,1.503,0.0,7.75,26.515,0.0,0.0,0.001,0.66,0.0,40.07,39.98,40.544,1.0,500.0,1.0,1.0,1.0,1.0,1.0,1.0,1.0,1.0,1.0,0.193,10.1815,5.160500000000001,8.5145,9.791,39.947,4.151,20.458,12.899,17.499,19.529,0.0,2.61,5.19,1.34,5.4350000000000005,0.13,2.61,5.2,1.31,5.41
1561826,Coil,2.69,5.28,8.07,7.639,300.0,1.503,0.0,7.75,26.515,0.0,0.0,0.001,0.66,0.0,40.07,39.98,40.544,1.0,500.0,1.0,1.0,1.0,1.0,1.0,1.0,1.0,1.0,1.0,0.193,10.1815,5.160500000000001,8.5145,9.791,39.947,4.151,20.458,12.899,17.499,19.529,0.0,2.61,5.19,1.34,5.4350000000000005,0.13,2.61,5.2,1.31,5.41
1561826,Coil,2.69,5.28,8.07,7.639,300.0,1.503,0.0,7.75,26.515,0.0,0.0,0.001,0.66,0.0,40.07,39.98,40.544,1.0,500.0,1.0,1.0,1.0,1.0,1.0,1.0,1.0,1.0,1.0,0.193,10.1815,5.160500000000001,8.5145,9.791,39.947,4.151,20.458,12.899,17.499,19.529,0.0,2.61,5.19,1.34,5.4350000000000005,0.13,2.61,5.2,1.31,5.41
1561826,Coil,2.69,5.28,8.07,7.639,300.0,1.503,0.0,7.75,26.515,0.0,0.0,0.001,0.66,0.0,40.07,39.98,40.544,1.0,500.0,1.0,1.0,1.0,1.0,1.0,1.0,1.0,1.0,1.0,0.193,10.1815,5.160500000000001,8.5145,9.791,39.947,4.151,20.458,12.899,17.499,19.529,0.0,2.61,5.19,1.34,5.4350000000000005,0.13,2.61,5.2,1.31,5.41
2028089,Dimensional / Alignment,0.988,0.0,8.546,7.785,252.0,-0.4,0.0,9.8,348.549,42.877,0.0,0.002,0.663,0.001,40.515,40.829,39.761,1.0,500.0,1.0,1.0,1.0,1.0,1.0,1.0,1.0,1.0,1.0,0.193,10.1815,5.160500000000001,8.5145,9.791,39.947,4.151,20.458,12.899,17.499,19.529,0.0,2.61,5.19,1.34,5.4350000000000005,0.13,2.61,5.2,1.31,5.41
1489113,Dimensional / Alignment,2.69,5.28,8.229,7.639,300.0,1.503,0.0,7.75,26.515,0.0,0.0,0.0,0.66,0.0,40.07,39.864,40.648,1.0,500.0,1.0,1.0,1.0,1.0,1.0,1.0,1.0,1.0,1.0,0.661,3.544,3.91,3.991,4.01,39.947,4.151,20.458,12.899,17.499,19.529,0.0,2.61,5.19,1.34,5.4350000000000005,0.13,2.61,5.2,1.31,5.41
1489113,Dimensional / Alignment,2.69,5.28,8.285,7.639,300.0,1.503,0.0,7.75,26.515,0.0,0.0,0.0,0.66,0.0,40.07,40.089,40.79,1.0,500.0,1.0,1.0,1.0,1.0,1.0,1.0,1.0,1.0,1.0,0.055,1.02,2.676,3.653,4.011,39.947,4.151,20.458,12.899,17.499,19.529,0.0,2.61,5.19,1.34,5.4350000000000005,0.13,2.61,5.2,1.31,5.41
1489113,Dimensional / Alignment,2.69,5.28,8.327,7.639,300.0,1.503,0.0,7.75,26.515,0.0,0.0,0.002,0.66,0.0,40.07,40.2,40.861,1.0,500.0,1.0,1.0,1.0,1.0,1.0,1.0,1.0,1.0,1.0,0.055,0.911,2.594,3.626,4.005,39.947,4.151,20.458,12.899,17.499,19.529,0.0,2.61,5.19,1.34,5.4350000000000005,0.13,2.61,5.2,1.31,5.41
1489113,Flex / PCB / Solder / Wiring,2.69,5.28,8.229,7.639,300.0,1.503,0.0,7.75,26.515,0.0,0.0,0.0,0.66,0.0,40.07,39.864,40.648,1.0,500.0,1.0,1.0,1.0,1.0,1.0,1.0,1.0,1.0,1.0,0.661,3.544,3.91,3.991,4.01,39.947,4.151,20.458,12.899,17.499,19.529,0.0,2.61,5.19,1.34,5.4350000000000005,0.13,2.61,5.2,1.31,5.41
1489113,Flex / PCB / Solder / Wiring,2.69,5.28,8.229,7.639,300.0,1.503,0.0,7.75,26.515,0.0,0.0,0.0,0.66,0.0,40.07,39.864,40.648,1.0,500.0,1.0,1.0,1.0,1.0,1.0,1.0,1.0,1.0,1.0,0.661,3.544,3.91,3.991,4.01,39.947,4.151,20.458,12.899,17.499,19.529,0.0,2.61,5.19,1.34,5.4350000000000005,0.13,2.61,5.2,1.31,5.41
1489113,Flex / PCB / Solder / Wiring,2.69,5.28,8.285,7.639,300.0,1.503,0.0,7.75,26.515,0.0,0.0,0.0,0.66,0.0,40.07,40.089,40.79,1.0,500.0,1.0,1.0,1.0,1.0,1.0,1.0,1.0,1.0,1.0,0.055,1.02,2.676,3.653,4.011,39.947,4.151,20.458,12.899,17.499,19.529,0.0,2.61,5.19,1.34,5.4350000000000005,0.13,2.61,5.2,1.31,5.41
1489113,Flex / PCB / Solder / Wiring,2.69,5.28,8.327,7.639,300.0,1.503,0.0,7.75,26.515,0.0,0.0,0.002,0.66,0.0,40.07,40.2,40.861,1.0,500.0,1.0,1.0,1.0,1.0,1.0,1.0,1.0,1.0,1.0,0.055,0.911,2.594,3.626,4.005,39.947,4.151,20.458,12.899,17.499,19.529,0.0,2.61,5.19,1.34,5.4350000000000005,0.13,2.61,5.2,1.31,5.41
1489113,Flex / PCB / Solder / Wiring,2.69,5.28,8.07,7.639,300.0,1.503,0.0,7.75,26.515,0.0,0.0,0.001,0.66,0.0,40.07,39.98,40.544,1.0,500.0,1.0,1.0,1.0,1.0,1.0,1.0,1.0,1.0,1.0,0.193,10.1815,5.160500000000001,8.5145,9.791,39.947,4.151,20.458,12.899,17.499,19.529,0.0,2.61,5.19,1.34,5.4350000000000005,0.13,2.61,5.2,1.31,5.41
2008818,ASIC / EEPROM,2.69,5.28,8.07,7.639,300.0,1.503,0.0,7.75,26.515,0.0,0.0,0.001,0.66,0.0,40.07,39.98,40.544,1.0,500.0,1.0,1.0,1.0,1.0,1.0,1.0,1.0,1.0,1.0,0.193,10.1815,5.160500000000001,8.5145,9.791,39.947,4.151,20.458,12.899,17.499,19.529,0.0,2.61,5.19,1.34,5.4350000000000005,0.13,2.61,5.2,1.31,5.41
2008818,ASIC / EEPROM,2.69,5.28,8.07,7.639,300.0,1.503,0.0,7.75,26.515,0.0,0.0,0.001,0.66,0.0,40.07,39.98,40.544,1.0,500.0,1.0,1.0,1.0,1.0,1.0,1.0,1.0,1.0,1.0,0.193,10.1815,5.160500000000001,8.5145,9.791,39.947,4.151,20.458,12.899,17.499,19.529,0.0,2.61,5.19,1.34,5.4350000000000005,0.13,2.61,5.2,1.31,5.41
2008818,ASIC / EEPROM,2.69,5.28,8.07,7.639,300.0,1.503,0.0,7.75,26.515,0.0,0.0,0.001,0.66,0.0,40.07,39.98,40.544,1.0,500.0,1.0,1.0,1.0,1.0,1.0,1.0,1.0,1.0,1.0,0.193,10.1815,5.160500000000001,8.5145,9.791,39.947,4.151,20.458,12.899,17.499,19.529,0.0,2.61,5.19,1.34,5.4350000000000005,0.13,2.61,5.2,1.31,5.41
1487354,Dimensional / Alignment,2.69,0.0,9.03,9.01,0.0,0.0,0.0,9.8,360.0,0.0,0.0,0.0,0.66,0.0,39.17,39.96,39.46,1.0,500.0,1.0,1.0,1.0,1.0,1.0,1.0,1.0,1.0,1.0,0.193,10.1815,5.160500000000001,8.5145,9.791,39.947,4.151,20.458,12.899,17.499,19.529,0.0,2.61,5.19,1.34,5.4350000000000005,0.13,2.61,5.2,1.31,5.41
1487354,Dimensional / Alignment,2.69,0.0,7.82,7.83,0.0,0.0,0.0,9.8,360.0,0.0,0.0,0.0,0.66,0.0,38.96,39.69,38.89,1.0,500.0,1.0,1.0,1.0,1.0,1.0,1.0,1.0,1.0,1.0,0.193,10.1815,5.160500000000001,8.5145,9.791,39.947,4.151,20.458,12.899,17.499,19.529,0.0,2.61,5.19,1.34,5.4350000000000005,0.13,2.61,5.2,1.31,5.41
1487354,Dimensional / Alignment,2.69,0.0,9.05,9.02,0.0,0.0,0.0,9.8,360.0,0.0,0.0,0.0,0.66,0.0,39.27,39.27,39.09,1.0,500.0,1.0,1.0,1.0,1.0,1.0,1.0,1.0,1.0,1.0,0.193,10.1815,5.160500000000001,8.5145,9.791,39.947,4.151,20.458,12.899,17.499,19.529,0.0,2.61,5.19,1.34,5.4350000000000005,0.13,2.61,5.2,1.31,5.41
1620305,Dimensional / Alignment,2.02,6.33,8.11,7.43,300.0,1.85,0.0,7.75,26.5,0.0,0.0,0.0,0.66,0.0,40.06,40.52,39.94,1.0,500.0,1.0,1.0,1.0,1.0,1.0,1.0,1.0,1.0,1.0,0.193,10.1815,5.160500000000001,8.5145,9.791,39.947,4.151,20.458,12.899,17.499,19.529,0.0,2.61,5.19,1.34,5.4350000000000005,0.13,2.61,5.2,1.31,5.41
1620305,Dimensional / Alignment,2.47,0.76,7.98,7.34,300.0,2.39,0.0,7.75,360.0,135.44,0.0,0.0,0.66,0.0,39.92,40.64,40.13,1.0,500.0,1.0,1.0,1.0,1.0,1.0,1.0,1.0,1.0,1.0,0.193,10.1815,5.160500000000001,8.5145,9.791,39.947,4.151,20.458,12.899,17.499,19.529,0.0,2.61,5.19,1.34,5.4350000000000005,0.13,2.61,5.2,1.31,5.41
1620305,Dimensional / Alignment,2.05,6.93,7.84,7.24,300.0,1.56,0.0,7.75,26.46,0.0,0.0,0.0,0.66,0.0,40.43,40.66,40.05,1.0,500.0,1.0,1.0,1.0,1.0,1.0,1.0,1.0,1.0,1.0,0.193,10.1815,5.160500000000001,8.5145,9.791,39.947,4.151,20.458,12.899,17.499,19.529,0.0,2.61,5.19,1.34,5.4350000000000005,0.13,2.61,5.2,1.31,5.41
1620305,Dimensional / Alignment,2.06,7.02,8.03,7.36,300.0,1.76,0.0,7.75,26.36,0.0,0.0,0.0,0.66,0.0,40.07,40.49,39.95,1.0,500.0,1.0,1.0,1.0,1.0,1.0,1.0,1.0,1.0,1.0,0.193,10.1815,5.160500000000001,8.5145,9.791,39.947,4.151,20.458,12.899,17.499,19.529,0.0,2.61,5.19,1.34,5.4350000000000005,0.13,2.61,5.2,1.31,5.41
1620305,Dimensional / Alignment,2.1,7.85,8.11,7.46,300.0,1.56,0.0,7.75,26.28,0.0,0.0,0.0,0.66,0.0,40.1,40.8,40.01,1.0,500.0,1.0,1.0,1.0,1.0,1.0,1.0,1.0,1.0,1.0,0.193,10.1815,5.160500000000001,8.5145,9.791,39.947,4.151,20.458,12.899,17.499,19.529,0.0,2.61,5.19,1.34,5.4350000000000005,0.13,2.61,5.2,1.31,5.41
1620305,Dimensional / Alignment,2.1,7.4,8.06,7.38,300.0,1.55,0.0,7.75,26.42,0.0,0.0,0.0,0.66,0.0,40.04,40.54,39.96,1.0,500.0,1.0,1.0,1.0,1.0,1.0,1.0,1.0,1.0,1.0,0.193,10.1815,5.160500000000001,8.5145,9.791,39.947,4.151,20.458,12.899,17.499,19.529,0.0,2.61,5.19,1.34,5.4350000000000005,0.13,2.61,5.2,1.31,5.41
1620305,Dimensional / Alignment,2.11,6.95,8.06,7.41,300.0,1.93,0.0,7.75,26.5,0.0,0.0,0.0,0.66,0.0,40.05,40.91,39.63,1.0,500.0,1.0,1.0,1.0,1.0,1.0,1.0,1.0,1.0,1.0,0.193,10.1815,5.160500000000001,8.5145,9.791,39.947,4.151,20.458,12.899,17.499,19.529,0.0,2.61,5.19,1.34,5.4350000000000005,0.13,2.61,5.2,1.31,5.41
1620305,Dimensional / Alignment,2.11,5.68,8.14,7.44,300.0,1.52,0.0,7.75,26.5,0.0,0.0,0.0,0.66,0.0,40.43,40.97,39.98,1.0,500.0,1.0,1.0,1.0,1.0,1.0,1.0,1.0,1.0,1.0,0.193,10.1815,5.160500000000001,8.5145,9.791,39.947,4.151,20.458,12.899,17.499,19.529,0.0,2.61,5.19,1.34,5.4350000000000005,0.13,2.61,5.2,1.31,5.41
1620305,Dimensional / Alignment,2.15,7.94,8.05,7.37,300.0,1.7,0.0,7.75,26.38,0.0,0.0,0.0,0.66,0.0,39.42,40.69,39.88,1.0,500.0,1.0,1.0,1.0,1.0,1.0,1.0,1.0,1.0,1.0,0.193,10.1815,5.160500000000001,8.5145,9.791,39.947,4.151,20.458,12.899,17.499,19.529,0.0,2.61,5.19,1.34,5.4350000000000005,0.13,2.61,5.2,1.31,5.41
1620305,Dimensional / Alignment,2.17,8.02,8.06,7.45,300.0,1.69,0.0,7.75,26.56,0.0,0.0,0.0,0.66,0.0,40.33,40.44,40.37,1.0,500.0,1.0,1.0,1.0,1.0,1.0,1.0,1.0,1.0,1.0,0.193,10.1815,5.160500000000001,8.5145,9.791,39.947,4.151,20.458,12.899,17.499,19.529,0.0,2.61,5.19,1.34,5.4350000000000005,0.13,2.61,5.2,1.31,5.41
1620305,Dimensional / Alignment,2.18,7.57,7.96,7.29,300.0,1.58,0.0,7.75,26.44,0.0,0.0,0.0,0.66,0.0,40.16,40.69,39.93,1.0,500.0,1.0,1.0,1.0,1.0,1.0,1.0,1.0,1.0,1.0,0.193,10.1815,5.160500000000001,8.5145,9.791,39.947,4.151,20.458,12.899,17.499,19.529,0.0,2.61,5.19,1.34,5.4350000000000005,0.13,2.61,5.2,1.31,5.41
1620305,Dimensional / Alignment,2.2,7.77,8.04,7.37,300.0,1.82,0.0,7.75,26.64,0.0,0.0,0.0,0.66,0.0,40.41,41.1,40.01,1.0,500.0,1.0,1.0,1.0,1.0,1.0,1.0,1.0,1.0,1.0,0.193,10.1815,5.160500000000001,8.5145,9.791,39.947,4.151,20.458,12.899,17.499,19.529,0.0,2.61,5.19,1.34,5.4350000000000005,0.13,2.61,5.2,1.31,5.41
1620305,Dimensional / Alignment,2.2,9.72,7.92,7.24,300.0,1.55,0.0,7.75,26.56,0.0,0.0,0.0,0.66,0.0,40.24,40.54,40.57,1.0,500.0,1.0,1.0,1.0,1.0,1.0,1.0,1.0,1.0,1.0,0.193,10.1815,5.160500000000001,8.5145,9.791,39.947,4.151,20.458,12.899,17.499,19.529,0.0,2.61,5.19,1.34,5.4350000000000005,0.13,2.61,5.2,1.31,5.41
1620305,Dimensional / Alignment,2.21,7.45,8.07,7.4,300.0,1.55,0.0,7.75,26.32,0.0,0.0,0.0,0.66,0.0,40.19,40.78,40.03,1.0,500.0,1.0,1.0,1.0,1.0,1.0,1.0,1.0,1.0,1.0,0.193,10.1815,5.160500000000001,8.5145,9.791,39.947,4.151,20.458,12.899,17.499,19.529,0.0,2.61,5.19,1.34,5.4350000000000005,0.13,2.61,5.2,1.31,5.41
1620305,Dimensional / Alignment,2.23,8.75,7.9,7.27,300.0,1.58,0.0,7.75,26.4,0.0,0.0,0.0,0.66,0.0,39.84,40.1,39.83,1.0,500.0,1.0,1.0,1.0,1.0,1.0,1.0,1.0,1.0,1.0,0.193,10.1815,5.160500000000001,8.5145,9.791,39.947,4.151,20.458,12.899,17.499,19.529,0.0,2.61,5.19,1.34,5.4350000000000005,0.13,2.61,5.2,1.31,5.41
1620305,Dimensional / Alignment,2.24,8.38,8.09,7.43,300.0,1.53,0.0,7.75,26.42,0.0,0.0,0.0,0.66,0.0,39.96,40.8,40.02,1.0,500.0,1.0,1.0,1.0,1.0,1.0,1.0,1.0,1.0,1.0,0.193,10.1815,5.160500000000001,8.5145,9.791,39.947,4.151,20.458,12.899,17.499,19.529,0.0,2.61,5.19,1.34,5.4350000000000005,0.13,2.61,5.2,1.31,5.41
